1240422848000221185
1242579087954190336
1242739354084077569
1227679357755215872
2368589401
486929339
1081743221988847616
1237566894732763137
2355075756
1095799397315723264
2494441717
2971212473
983955446942715905
1168538876757061632
820073180
973206725250691077
101770467
1242109629833850880
950798176008642560
1240785685755367424
1239231278014226437
1197238180979859457
1223241186124554242
733311441760092160
1156646514711830530
1021312731482415105
50679681
743490797610405888
902143556734918656
1693911756
1112427442491346945
1241782971864145922
956079342
3944197454
1117948533548523520
30596646
2364904057
1215696168807813126
1085542270919675905
3560966656
69189630
926365165439848448
807523550504615936
87068134
146973251
1232231043261845504
3194250414
277736477
1241080874059345923
1028141900
1060510831664861185
86828202
301727313
843204984
2771718887
813392893507342336
1240289631410589696
165121513
120042378
4544164574
1240625531156156416
277529044
1240552863669125120
2271447914
1668730777
14377901
1240375323755188225
4897324120
21297102
1210278188934475778
348000507
14355310
868138601883869184
1132981429535748097
1239836497391554560
1058359614402572289
1187593913395286016
763498689574932481
105031146
1546589198
881313911810781184
36064883
1217077743654801408
2598895880
2370634418
11831722
342220210
2741050251
2193497180
58245654
2267417306
24162671
1106381975944720384
282483729
774962828843384832
167292689
845920456607617024
713867896175398913
4257715049
1125293903056228353
87705719
723914777668554752
1610748690
1234861657458909186
3435972033
766210476380397568
475618570
242063470
936078704
1060336775720329217
75482687
1008676651675287553
289659603
133173020
896990780858007552
453046103
1236177760952791040
774404804059594753
123825302
1149377086961987584
38393916
2438217013
1236670183055515648
140167201
14407812
766324587852341249
24020654
116061018
45922555
1222973267146878977
937294320
954368532
822478961158590464
18463575
942485237459800064
2784692113
1382669426
3119454231
816951625310998528
96868902
307558488
305522806
868344894510686208
41262304
6397772
1954873273
1142455234477854721
996778777740005376
30310164
764512724
417990439
1016946966914371584
106644756
205243485
1070340020739936256
1087764603017150464
770182748
117368228
840480660791808001
49802695
984832189
732809359
796757862831845378
1303895940
759307822932852736
392900015
1234586417491271685
873808794152816640
755012282896228353
458790728
788011712
164602663
1162505536488841221
234593748
1180965920799256576
473263232
4036091
1235915572858302464
2937550415
144140816
2881601860
17483706
1235649174365970432
1228055582529249297
1190299913541865477
956280580240498688
72665188
1235247189619871744
604105838
3096267942
2366841
829239290945232896
1204132453876748288
981395251251302401
702772999
807337182
4665557736
1206264668353810433
34252284
29073997
296846933
3221426954
17869774
1023204465011113984
1234248863541874694
1119332818637729794
726713977141493760
3094974153
1167139887839109120
32755825
2688046597
56136210
290743963
2879867554
563707832
183994791
1550853385
901306777928708096
846776534
301586083
374446486
2282934098
20005556
252497849
2381862926
3308216200
384529182
810276632
2270506562
379198942
49188857
59248416
115669910
1233420610014973952
2488376629
466513334
1025898824420810752
968982858349019143
180507803
357718239
898979456
186751271
780498654721368065
1015611991
952608072723202049
69816987
61736237
134908807
973187560808775680
1196021414421319686
815419545489813504
2801199848
3012555684
1084927927094034432
1059565381206134784
112358162
1164654116
47937587
1254502376
404659300
1206243448501633026
1174031527153414147
915935545
1192875993280778240
42069070
1219888479833735168
46860960
95286378
1161596603624382464
1214662230047887360
28821698
219974046
361417455
147246971
780848813883785216
27403719
20498581
422192815
12480582
1007493577
352456819
604698838
960864118302564354
14591563
887984028
151207119
134425413
726020568173129733
140408450
301872484
836473700
83011952
1231853036680597504
3228187181
305005631
1229512425143226369
22778314
2671109332
1156890871419363328
1111209740254629896
1416422120
1104484238441832452
1222898144
1083693885153558529
19570592
91804096
545455811
1231224449254514690
1608926485
2848523155
1066291142734548992
3230560918
874053061018341378
224393497
159190762
1167134324094885889
731471964959875072
1144708341135839232
2325660914
1215470089727881216
199041625
1114614593383469056
1179347401481625600
4457027296
910120302964854790
438911582
884293347703173120
3115795267
233853760
949019832
763082811456839680
1478087082
805388803313582080
57009605
1128660461069709312
3448663338
1013783373733654528
256091815
742279324515106816
916352827877920769
761615513759916032
1078837517384769536
113135890
1434468175
767811272813543424
452307422
46945834
1029604470
1592931422
1128556762288857088
276857634
1226299153120145409
761229050161627136
14311762
5987012
4841796503
901153329354551300
283179953
1015117198778486784
1043449721484976128
190338265
1125349943965835264
767265834209271809
56476631
1228967524500373504
908379014443749377
2231509439
140020855
1215021801601933312
439363569
64627718
304567780
1120762392168865792
2728372527
45569329
1228479196286025729
923521592
14396146
2806320814
2818776293
41318621
3483652034
1216518560870207488
2319024469
732065753768308736
14968867
71832238
985566976939577344
14105795
73697819
1146474191165820928
41555108
864641443
2737712697
1181452208459501568
1042070984663162880
1103504767127560194
778958300
354271807
1165350178511101953
65614203
916313591451615232
1227003667762622466
207134017
246972349
1544014722
1888536716
636921376
184891386
1223634389713793025
1227407342032961536
836616199689670656
3156257830
29699765
34269276
81877534
218824766
995868356963127296
138019853
1226825714646732800
69437606
2371702100
1522549890
348229395
1191725197906325506
15967539
425555580
146869943
108606486
1121860206168891392
3153164889
762016091702980608
845528947370725379
2308023354
1164246203397214210
1195450141714436096
880097379759685635
1169827811839766528
589682209
2870269515
849044108752465920
3459462099
847463051024408576
18440358
8260242
1136926828172464128
205872803
1169630975095123970
252369305
177694369
182533812
926337943786196992
28482605
703672716864430080
74750250
1223350751600222213
1107518478
15748897
3419930806
1033902319
1222068890995429377
15649735
1454266386
998895813924302849
916283995738034176
30284263
1319945166
1035585465976598529
291128061
2175647936
60760075
544273219
908262942713446400
1192383828603670529
1223716476760227840
1223703947195703298
214451936
1217903882921107456
335464378
1214572643686346752
212632603
2544981
109255114
1222641804635447297
1109433194456276992
863404260255453184
872449766931800064
1040354760124235777
10313032
1219062012883259395
942544632898080768
890634172716527616
284192166
274632397
956544147959308288
1019381
870541
2666873984
137885308
1401671882
12486322
201262607
1223252419112587265
2235221341
428058083
14226206
20900329
10368692
793351
17789538
253449166
1073388199
460579192
3167301
71762380
2321360317
48677533
217037129
885365992418947072
16461706
5520952
508685581
2480117071
25520423
343283638
23460207
53687449
52393154
43118207
718460018308198400
1215900363905228800
3038631521
1647524480
22216521
1112169231712280576
3072413235
4854966658
216727067
471701702
125713664
1255151
108209516
1722538302
1193011793708244993
1103362786330071040
1222438849554669568
1139257282993119232
16431622
43180260
741323109588865024
94877567
1097818596280020992
2475002473
1220915939710926848
1214202314824667138
1004551211939491841
45885005
497216153
906972059703451648
1178423913757450253
165985464
3016143613
188451810
153676946
4107194412
1210447920052555776
88884115
262710494
1104471920
222922492
919566841206452229
902394314340401152
1204467980047994880
750506232
957518412
1221688109986975745
477948950
4843080252
1215779329503911936
2973456411
1406328584
1221517678453542912
414885476
3951799212
243906861
1197215626139492352
2166983292
10122672
744065304569970688
110198955
14826965
1015727234
431835525
715795951101804544
3298049016
47230866
1219298859895025665
1221270885673422848
2476302097
108110495
1221132415248359425
1943426120
750482028429062145
176404426
608836089
750350979355193344
734283882023899136
1127951591456296960
3111182037
976040319111319553
990505852435038208
22649931
61139296
2778601623
4471665741
3184944408
292808918
1106256876436705280
1088455371516039168
38252418
189171489
1024322331156668416
1170709868279410688
494215236
1072512456264704001
17178393
861229212
174370157
1627346814
136707652
1031112574434246657
743859734
589859710
206206551
101743158
1219699297740120066
94511974
882332831669780480
60926019
108991834
229499800
844524746154754048
315235236
1028944364972564480
1115343300624408576
945117237123403782
1219788302787796992
1163929008368738304
35315954
885466731866664961
154735737
1213537203365666816
2347370478
984170730504925185
895086986205200384
1114536091825184768
1196063279770157057
1113857369279205377
885071912921157636
760895677
94339890
904126546297987072
765467062319796225
375958070
986085601
100871407
99209111
188105356
300818378
4098058811
907821930346151936
910190151929757696
712121320830414848
751050024092565504
1217078147168030721
416718834
1105984737796149248
1175822755754852353
453888869
19324817
70645876
344687839
77292236
181507608
23701840
932957449
3182835464
761180169860222976
247703360
941030060349300736
700692851743588352
1058014318879485958
394848727
39625481
1295222730
3222624276
61492259
971707071925075968
220705605
721414475
86192653
18505899
1018825183044521984
1078282329855012870
198422084
1179857354159984640
381618637
710150758977503233
2296006466
131598932
1382746778
246990584
1212843015670136832
733388406206664704
1270715912
1213051835377803264
2384115241
626828358
2697062607
609821820
1121834267024285696
12564
418351277
2384586546
588918726
833742177704542208
239385709
289355980
1210104665628495875
1208957645186572288
1019835192100282368
1144827865227288578
2261685129
4732911074
463862505
88383135
2309381634
718748101
1039030763121991680
1200511736555724806
771039954092888064
1201732293175468037
194724067
72372040
708097949822156800
1013640696048189440
162937155
1202562756353937409
812772644328083456
42717885
1411398247
827442978
33837416
612806646
1974624384
1213456221212041216
908644327663874048
119150202
351964395
2340204522
30788557
462932515
1153455178793803776
248073969
1029251227
714664497034747904
1005804188238934017
2780976433
2190952921
828535600173060096
123377429
1212540344149000193
1081139397360115714
1043536870192238595
406363269
4741157061
338828822
2664988638
1208220451803033601
1171314698043764738
818932292
804657141424472064
1152896397093593089
1209736372799647744
1128579420430618624
1206955522408083457
28804603
1208535295580229632
730834902799818753
444190620
1212690548798083072
42442472
1027784858301390848
2992120025
998689735
50641493
11539512
707656348901711872
707377606052548608
788170033331572737
1185667834363437056
1856510898
18816528
4499430739
379152155
1196185154194202624
441653330
436053512
1205042092331929605
1201096502539673601
945199405459746816
1202400046760841218
1168057641039536129
25333540
979509373688078336
4896493466
170903389
1209108527626633218
4339332672
1064095442743513089
1206025824106713088
705377376461520897
1209170230930542594
179660835
1211056769415270401
291161327
1029380663869362176
3420921273
1137974415835115521
712807277737152518
1022577107384328208
1119651357735231496
277483513
17200628
1134783725332570112
239997913
1023153454309490689
719480776698408960
1348948309
1202990063581155329
2255808859
101432124
2331730828
1021901754
579632148
230022412
1380970819
304378159
1205822121106001923
22816044
123870469
846843807538843649
2415981308
1040270477514682368
720656655579537408
702065634
284649988
137378258
1210823764511866881
1075739882922917894
256005556
1643972276
19013743
4221004280
1210835894501924864
1163354638197936128
50956193
49421392
919650974037430278
4872866601
162331745
1876349352
14762341
1347534060
607373609
3405778149
4914506780
714816751133810689
45512849
510787265
2353080780
374175986
18543859
2541937783
149445169
1283571570
389775682
2272706617
958246143766515712
36623527
191935717
305185335
57154273
54552426
308914615
1200541655918530560
2786556353
116680201
204284499
583451299
76945873
137403525
271066129
1194522288282050560
15915031
777515304750571520
46561885
1124633081401495552
1208813501566902272
109045806
316532190
98732502
962070265915060224
903157890160123904
254983373
56783739
1076760149539389440
1444320037
15993931
529357363
145800447
21870405
1193203493151989762
271970978
1204518031864541189
493303852
1096797426013265920
716918126403837954
3322167457
1141527410237673473
14464177
477255055
66199982
844713482134175746
4025495236
39992282
134057260
246770086
195521187
282049413
199438585
2557597897
772146327060942849
256735933
890120108877787136
26137281
242687441
2165295320
1062458523194404865
954499094348746752
252692149
1172953722231709701
3068889934
109256452
1133427150730780673
1924117950
944630823684395011
1945212828
25206417
895225890010824704
945877412
2939313964
1093973572467519490
1193201207571075072
1019463583
855055937240956930
199807082
1543138994
185694547
889459201
208615798
803098248
221388967
15990809
121741485
166528226
25263413
1081463566237032449
15774491
715156630107607040
1174837840418500609
38512895
15983337
346264909
1205210821426630656
53271461
1101868043901288448
997060415031930880
1100723232670445570
1151823887547527168
995861
336491673
1134555883101335552
1180899230170451970
816704361891958784
1113855844695912451
718326983659286528
814271465776353280
1029017256901201922
58060619
871971323932704768
1162226921310052352
827996030432010240
1158664784637644800
186963539
364913763
1175342615908114433
740193627851350016
1075445099465768965
278093301
23410439
15662893
282523979
1126326810604490752
73057575
1207527795850481665
798235
1207386923859185664
1195572864826716160
1202996407910703104
1168459028759904258
49291969
144126041
1183941421474017280
174169488
1201229184053514243
35704105
989706194347409408
2597788597
2461254633
57670648
91324382
990923188262637568
499623339
537279930
4175892203
1540020823
887197122
1965523026
4265248635
943180326901252096
2767909359
2213044873
103019883
1107314836021628934
23585499
975471084605722624
1062997128094588928
2547788231
925703374787317765
1469127392
113451937
704763490347655173
383629160
28530072
503654524
187334821
779681803078623232
282332187
3068657501
1882708628
15821411
296175843
1257110624
993887681645088768
935944254
157021904
34652833
340455900
840614774484398083
864515533718376448
3001860772
166245608
2402218578
4187768115
1114709300335738881
864856214529814528
1145457493
1179791608377675778
1098186961561497600
23962988
17954620
116446347
515892727
942365986971406337
69710187
271540871
1149796258489491456
857503478905806848
2273060082
395511231
2845729121
2945855064
27381221
712320003
722160618397167617
43955337
1225347643
149771838
25346003
45157343
791157820662091780
818187122087698432
717025308189331457
26394041
2838200714
590786200
928152375700873217
961816148
1108051983489892352
140314850
1032104328859856896
729714133059440640
495192409
202693939
725039852459282432
1733309383
1192132632257032192
997340822
922403681328250889
463192964
748530002
1396080194
2938397084
91202747
360086643
391437716
3196724851
71209754
118977759
794179451676491776
627815402
121334148
354074828
913436095664107520
20367547
206773396
26460728
1017268849471733760
70371874
53505722
48740501
73133623
2870965545
45106886
1080912332581150721
66899452
120513300
25488336
296123565
987376907342831616
296070902
531922825
1173045998
131982392
2549931517
15311530
394890591
851764688
36773280
763502222558756865
636140178
3580689257
522524224
198643444
10191022
1039464841092714497
391958764
21162214
1397360335
597067141
34888615
414909990
774311683456106496
374429221
81814197
1088185311774101504
703904755572146176
2946170687
280851972
724585158
1027801846453297152
1675536248
313004041
3248721129
255686006
38499568
188643264
256527535
1011411858484531200
275837069
1130636339919982592
295224254
9766942
5785862
19335914
1037838559959556096
3372868996
126495429
209261169
1168184373050363906
320345739
1056837883326332928
1198709644299927557
71746047
1186575720224608256
834895720230584320
1041311973684604928
2591810423
2765636010
47993001
185329118
840593375522770944
2455503704
132860391
3440796436
1458241446
721625537127387136
2149808821
1201499164946968581
1146005343589347328
2920230520
1115313827493634048
47401501
19036833
40967380
1209793316
1336086457
61699733
1104826266027548674
141696514
3242376649
3095674575
933089274060185601
1114798793986334721
700394887364153344
247589828
833597528708829186
178781809
1061441249264070656
548169571
38224678
352586379
192019287
121145677
55655651
56741929
3053936615
870177775117770752
1110461081611390976
1540863066
606296936
886025352
904295012522893313
1176619630250647553
808590454036041728
1168266460772347904
1158411429038493697
256000033
1201870795275943938
2682728242
1122445897445437440
1202478612223381504
16586155
1181153403625508866
1632212040
259860314
1086582218
3248608521
1196522183490752514
22047121
772611452335108096
800859830567243780
3076504598
833502787
123183217
14716810
1196863490218233856
364046646
1201790611357097984
101400972
3025025860
24298697
4883627909
283409599
723300896583520256
18673233
819296296062201857
1133393596034498560
942030224656666625
1196097528099475459
2844034740
1201287823040614401
740913616132571139
350595289
3296102923
30947468
12872872
57111941
928949594565865472
2477907980
436761125
907317553994792960
73797374
1072804367391059968
64407778
35404846
3016841218
505771399
4383484754
426033946
15918349
4787703427
1189524537068511232
1180395094412795905
1191228536314576896
817189819
740008534285258755
1172090359532441602
1175496327159042050
1173902622664736768
79047418
2209628495
1192803957900480512
1159415050416852993
17062730
1074676142580342784
1016134048769544193
1178624677217914881
3345194367
780413614733656064
504590900
111774540
36202816
56403108
629278711
2851258460
1132284312
807947828500828164
1571151332
1156873871020179457
3864138140
2277418340
1130619412690550784
1317579601
111586915
1165700539402731520
16964799
399705028
1865277984
53653877
44083367
931283036
1183720550750920705
2230808708
1971877830
541940527
615674238
2571554562
1085631835714015232
2221802491
1260954170
258988284
20795861
941299207205412865
1188390320867807232
722054683
1132306272475332609
1073623728
327727958
293058215
1196514240309481472
131973362
1197481436053422082
869572682760699904
134656040
2377030092
3979227880
2545969537
1173774056266620928
307321635
262461255
100196729
1063555876697620494
4613774957
88682779
2718258422
251959134
890742429246205952
234019481
1167410736651472896
1157614161398026240
2781318692
85188211
949770463856734208
27812321
36043046
361349586
2303926986
1719103766
863775616331644929
49115912
717735128
20933402
2922830091
395288618
274306424
317749568
14101871
3072366387
1191278610004533248
15733846
3853675762
208701170
299108908
2450335357
1032530264
241057122
1183885034220150791
30451576
36154263
1215449275
708854305604898816
1135093890254381057
1670690862
2534470803
57018390
3178196462
958045068044075008
937016642176999424
1052427894780284928
613490504
856525224
1078949981795434502
1349461202
32239659
980027733010014210
130862034
1349186024
1069386117332516865
1734340154
129603929
208191678
431565395
2541943070
4442036752
2729293365
4916720632
719546219295584257
941373174297649152
1067094082625753088
71566656
111723928
1118055809915609088
1193127868655640578
1054681809198428160
3263156606
746733674545184768
4697248753
343234004
213986354
1196300431929905152
1157252767427129344
778619558437543936
772989921724215296
379788246
1053900206465531904
469275746
2198179640
14236397
973506197146841089
725350782497906688
323085023
1043100781732220929
258284657
149817517
1148676828430835712
295950938
248362801
1184596735974412290
60572225
1190756732231925760
553291586
332298308
3100353158
913509066529546249
1424080484
1195685542769262593
432365580
1187259526229217280
28624620
474605873
969650374050238465
99307877
759772685723238401
314721769
744136612913774592
1695234216
113322287
2273999862
1235440891
49987021
761222871335178240
1143630010265329669
1941865914
4505954194
1097483960911843328
1100766572086476801
141177073
16647505
1053754214449475584
3392754244
20945572
3025321
171012219
517079290
1914099366
1194886676868415488
930870359745687553
28044838
16697644
896015348180373505
36755714
1965664080
1173253970594340869
1182892781724766209
961297610
546683399
451538372
14850719
2864599436
1746193800
68433676
329954553
92065835
2265599588
793449106521853952
2745452197
2997881941
1177650869673660416
766028369519673345
28535659
1046102868585996288
1143675476751331328
29005683
1169197945113239555
20525163
2313768638
1170724405774884866
709864087031836673
2462805277
816552359765671936
841743470691774464
711205860
746985701326073856
743275136476807168
122319646
37213451
753235441717948416
766560581302226944
793225546368815104
943524292456837120
3104240549
1192419321705893890
69788325
1191599519873544194
4790097032
276667641
708712467510239232
2910552254
52371209
947332629472231425
316710216
103922264
3136801194
867019120285335552
2946553944
13107502
2472780852
112356030
1166105465882701825
1093259068276441106
4871275977
1192596303273959424
1027242115800035329
4845880555
1946983886
183458014
1179717260774117376
1028185235706597376
1976836664
487811833
2901685284
2875004523
2989696099
35723002
242694050
438990478
88433907
702257547277893633
1107641340165185537
911297628247412742
994232698964078594
921108082662498304
3430231949
1613136618
1393976292
129844219
1059213935977496578
44887163
251918564
933317944855035904
57672103
2759788139
716178167619330048
720531057276284929
3515833937
632595581
491302384
3480356247
4126943835
1524641714
75492243
970989348635082752
17035147
2747610271
4905200533
45176558
1087257747261841408
2305586690
1414877328
4664597653
768931535596683264
129730730
951928315
27040223
1182553753
2314037030
4127140642
14410233
399132278
735721740
971889929608482816
233999215
1018865713472294914
1126043248781295616
3382573149
1177946812197621762
760458505987862528
1183168515806810113
3388498391
3352762163
3142451353
2567125312
1150603075629015041
1174762006487982080
277035781
484924284
16548918
101353977
1189844503533957121
3641917637
524069300
871750916445093888
1093097502620962817
2742552814
1187806313407008770
418886666
17030069
2345891016
390127275
2828825245
394901288
1159956930548383751
767043499816546304
1714724359
15370003
794282210
718566560
920573715712233473
1092508969279676418
2301939524
943745270
266481660
1869822702
1191639357196623873
2652648248
1166042679496626177
3331167194
513867067
3324475610
935804630579142656
1311283856
907430720674594816
476078884
1008165935994343425
1156766854234419200
3168146172
2912237034
2780742344
3278331421
213100449
1017339823
720030475494895617
1514296532
1133735081816862720
107694228
2437775088
68955478
364412697
2802616467
545607964
15360416
1184073942941753344
1187326784611766272
358799203
809899111755358209
17513838
55643954
210613266
719821741300850689
57114897
733535732971634689
702891119454134272
943194302192037888
879995893235171328
3343994693
542496130
3231186177
748785441147482112
62608532
4764552674
821349908099792896
76532305
828157245695414272
3004464703
172706193
993531074440585218
14892890
49415766
1111556042364588032
16174623
1093327132204314624
2440055582
862336152816283648
292541302
1018051848689741824
1024585954206605312
32823701
248160654
856952755046449152
130158693
1188521024209510400
1187071888536866817
409627290
1162901777257304064
9751562
3422552654
556634713
1490089380
1184701049094848514
84203667
1177298357716496386
778687927
439672377
2370994687
231064027
1596406566
755902197708324864
939202846028902402
922578704873615360
723749739565486081
1092156346676535298
2190146720
1059397236
2495461926
7576012
571832232
243031018
2870446571
303481645
194122336
514846987
566076049
241546478
1165920892641107971
859739167277711362
272872149
3035299928
231511842
191977739
347839495
1042367179222671360
41479280
249002719
59416329
343268856
1414892598
1191384731503472641
1144824967239856130
517636445
134599122
38683749
1700588767
913777798636036097
51689872
865238462538141697
310138488
1167434867799277568
2733020751
713212863
2912491591
3533397799
1062310470747484165
625676145
497462860
936328169778548736
1001313678564646912
721708812722442240
2191808706
883300709030080512
1163817868431020032
3063719603
137280699
766847014059450368
17935173
2151732242
63166435
150260330
1116785002581303296
868568383608016896
59705692
113720317
1190894285442424832
1090152461602500608
1156776630930554880
1183211578826657793
890562396267433988
494966332
1551402336
1018313714
1107239448998223872
808464771276279808
23583823
155186789
927796629897322496
301840199
2831542851
1103744533169348608
1189238595627954179
136689153
90011259
912517615028920320
47503550
375880025
995256694975299584
1089486250178826240
1670396299
1079126729745158145
2898076514
1283853678
1117095439033978881
576676975
24557490
368812689
2761998769
1047564582477160448
30614316
364194250
1190080428050280448
781805906
814220089
617956616
3010209423
199514130
1143080907089358851
941405023283699714
68375768
405010877
17076640
750721225
4857714448
14181749
1008047417999032320
421029281
1008452670691074048
301490136
84961200
242353144
1037811296002035712
3802682716
951867372721393664
30421491
369617111
1917340261
731568920373628929
81558775
3369898714
860065638982832128
2197767537
827633803858411520
173599813
1184526418388094976
1679883344
1167267623085592580
809131704355004418
567136212
237213973
931878580061134848
16876365
1180472719298707457
213828375
1188848875538436097
563612849
1187578184356655105
1038938628636831744
2264822156
112924925
1140173004304998401
463145204
2148883127
883280018411057152
813877456847458308
35045988
43494142
27708604
362973763
304206860
3143417296
1037448359940841472
1188491776014868481
54377561
4853988298
4113120753
16406487
521717645
950814875282034688
3324258234
796211286187134976
1141258704895074305
3806873716
32330308
328651363
841737700935897088
1687902433
184309723
1094697788292718594
1186730045177581570
341563672
719549344
869781948528549888
1158985128925966337
118162528
1089287862569394177
1187330309928509440
1187726382211719169
2572949472
2240626909
489719589
180757554
287971452
1072118392075767808
2414011584
75230994
1919550686
1135997577852313600
339688686
41870949
217995402
49952357
726676056
220980334
1093104860231135232
1166798692176674816
1175651464812879872
887053203765854210
51550131
1187522714120196096
55948056
333968606
542099034
408510688
323997275
725626230364508160
51807171
1113525298585149440
911038257751871488
1179840074655121413
1113584158981410818
1117328948357148675
1185634282863316993
1186995572370214913
710964688444588033
295846976
124699581
197055606
6862832
2283274581
1071872234237648896
150976608
1476742116
1185449322197835776
311623481
1145511252485201920
285744643
1178780856606953473
939183748410740737
95099374
29289228
14587142
28531653
1135280077
16886042
843849918737395712
71385995
1170088872895811585
11550142
1186005831499812865
592413609
1150351341417574401
1412334078
2991356315
1159493488364228608
2803974109
809312
110547808
250384119
978900295081189376
300171677
1181081051025874944
2728657237
222404139
556279611
1031365733031141377
2226323447
738376077844881408
3241912589
145861669
574549414
32787363
4310834243
80856437
2846502675
96476967
276687773
1176196365698904064
2860728658
46654584
2244754555
14166909
218532570
291730579
97964733
912632487532220416
1166660416392425473
2822757426
986212238909358082
23076050
217735795
279757812
1214725038
20678776
46070304
9308852
1033043947969552386
3047508911
477920932
1153353637483204608
33611143
996588292266225664
1035800102093373441
272917689
1064792143561023489
166872773
816295877321097216
321105115
1288672434
3185225348
2880504444
16468754
200225497
1110467608237785089
482597233
1265794818
103218058
981264560681299969
1125647738291486720
1037276381103771648
131495925
807694323768786946
990598596960641026
1171280913801469952
309132445
190539712
2671589701
1110663547883843584
1166505524168445957
4658131682
102893874
1181076741902651393
2838269863
1110757924454825984
49010090
546410517
1042427997771317248
2986263009
1181954989704581127
853371152093335552
755720492
3091899291
199625155
1167647543653801984
497621635
1159224089707503616
31165563
1095342267462758400
3220427347
1178043004424032256
15315457
383963479
1080029815632056321
492047940
179547094
3699593293
1077477676405936130
1882733264
2906428281
837814966241505280
1183934166980648961
1002399498545614848
238112491
1003481540
406175758
1355656939
1085495788468355072
108399065
19388010
4919348953
708169177501073408
1077151925441912832
2822403280
903987418554032129
3001480921
228040559
1164075353691656192
949988472
3187836430
1126849056725094401
1177591465326891008
17631705
260219700
335755226
36819159
877792173999226880
23159733
24797181
1146359849069891585
1183366663544000512
1183398154357526528
139198299
545273030
244779732
75014071
3194255741
1182215762750164992
179237588
219444073
746824650
358368473
21722681
157904905
248012538
146946954
98027311
72158241
1042450560
345193198
86172909
113656720
1130818551822991360
23714974
1088699615036301312
1101773065254567937
1179341385482289152
351317847
1509615966
441018528
149945956
342289303
797955301408407552
390992263
1079748013902491650
3260056047
15321198
1173676407127453696
2319182289
811815898658926594
1148007870442680320
475312554
910252362190569472
34244430
308878675
4252984816
1166861710294167553
885922284
858226751713017856
3913400715
318421767
2918064719
1161874661015080960
764831951337455616
802198833023385600
980474632351428608
106713392
1161708560
2785552707
4822188803
1615417441
802658100
1091245930106490880
999311352446537728
1165897268756713472
948154543271038976
41790681
885647073902723072
1064835788104482819
249543482
2777814634
1323017366
2536181662
1170268258244710401
104463710
1743880753
2443444447
140493564
794976593785585664
2469125493
130124837
55135061
1107016086879420417
207331802
1180536128929185792
1107261276969988099
183076463
3377762139
262783439
2391366945
959387945626107904
3902523561
2189772313
826221137285771265
66930727
4041997152
460458667
191910937
1173721994287878145
381755906
802710341037735936
1154017967212044288
1050525620
1021069318950449153
17517575
967786588255203333
4684437260
75136951
208727769
1173624020
2874974508
812846047
1376429606
1177911107568033792
135370340
1178984346646122498
1191280424
1334212069
915006344
334363752
288245994
717772099948036096
1035790823000928256
934751231326658562
753053540
625867047
614302727
1108361043703709696
4427675835
2612477096
374398023
1962624104
53556125
379226928
607034091
400652386
136000420
1108501315271876608
846330316193181696
2284881290
31278810
1718189328
958777110033846274
57136245
3177338562
907599774735638530
3128752340
984538656630296577
1169650449655296001
107394911
2729147326
210715965
555256530
702524232
14529013
34750221
163780346
961199910
132498585
3898255192
2328440852
500134762
937761268403986433
489594756
63409807
910925201902325765
114271707
230074042
1426182990
23039010
1099864441162788865
2833627173
16024308
35368207
52172871
127968445
33048395
906013963648770048
625194058
1128650187159764992
1060465209230483456
1167354477889949697
1102263316167172097
39127652
381451258
355671365
235937348
3181517148
1151132140374859777
3534037042
1180302778142474240
114169884
719945443891900418
2405324686
1149295491772903424
844723590025003009
1363969016
517813175
4393666000
441983464
497847501
1180550614218153991
1064674734
317061390
19643683
1180490305335939072
888340080473001985
135886945
319306990
51640288
939607690262835203
2180971475
1554476664
908200523865751557
968587083035144192
793691047301832704
18993061
1433247799
2266452355
1083744640900128769
50727459
1099489928566558720
1179216508079280128
876525110370471936
900378205575680005
818748196725944320
836090040
784764196651044865
3870969214
1175965717465878529
1193357863
1164882331557126144
1127037705546883074
1103426204
406599374
233344795
868159828014792705
1169832564355260417
1170987145139539968
1664479574
28310269
4709457829
796625342941331456
1556243922
1179950710483537920
750491087085723648
76251579
840746981190447105
1173654555285950466
847611483273875457
772762934258827264
175145359
92610947
863987557801000961
1143278468
4899918894
457015027
907960948329259008
741058072592932864
231565790
3227741382
361501145
1166640212136665090
474321375
218625709
4827178481
1176150310408077314
14849311
348484872
909708007558176768
157671535
2248766490
186399570
1153838115171127296
124175371
11811592
948397506
897110279057788930
1174623351983263745
58768281
2129311
1141254912858193920
1178879814528188416
1179190699109081089
113494228
897449553896624128
26598158
101938474
3230579760
1116673668292259840
484479086
3244562851
1173569950411362304
117040206
1174670625438404610
105004260
7903192
524492814
1153103948355522561
962940448066211841
627562028
983057950863478785
1052635555694092289
3354653830
2306180698
976066202064703491
407993560
921111480
76417708
758046349
1178488996558598145
310229778
1068939363000741889
1175042080239841280
23795915
1589296218
44063378
2338727520
23478884
1170617465652559872
59547081
1171441961539997696
46808647
756381223
228700056
121725605
819441139
15914129
822742174274125828
34197229
1020183803250085888
3056617587
1178248966523080704
827488863983648769
1146695453360250880
231023367
962754379504857088
1162700780303839233
2470074012
1139595335339130880
39374464
223387550
873646047251361792
27248072
1088118480866430976
1126421592
804645918
1377809888
953073645940854789
122163281
23451718
1066728404358234113
257144164
1034280368
3299039290
327423767
315864869
606735504
149018669
1051077632
1039923618627694593
232461939
79707309
546660568
41159866
1145624945952612352
427486780
708911698686648320
433496089
2446597758
1071877471107248133
2636457089
290416631
406566169
2546416652
1156512925
112921020
831302826433318912
1175317626198921217
3048207950
576934308
36313009
4895472845
1177662835691794435
262360059
757041981688311808
2831322297
238030144
335455579
995057807606075392
130547821
1172126995284709378
243879510
1094545445970370560
2565883627
764150269
839221347150671872
3389272937
1169644051840348160
712826570260537344
230571647
313473862
873867577159819266
1070953386131030016
44858851
30860417
1630909592
1079821059468156929
894577425123823620
1177534382459904002
2388016950
1694418656
1275520286
577017895
1065213809223188482
982891090125602818
298413634
143854654
1134974174840184835
175296744
2955037319
230296808
108216833
833005603
52995968
159584877
34285006
167736398
914951107717292032
3196457815
467964973
122084840
821181176656211968
53066893
105045435
1416769530
830678628329459712
312782711
191566991
30197884
14480580
1097549746393284608
822840055819628544
1053636117235286016
1710089774
213083837
769039804503887873
1151817791130894338
852177995297062913
1146476318403518466
2296134698
761802862158614528
275441651
876839939568173056
1000996007268765696
66084203
327869910
1653457758
4157700811
178310729
1056567051441950720
76967839
904232901054627840
1029478219173560320
904600463735046145
1039589235316154368
329737060
1121395630168002560
929856073888038914
1092979190331260928
893075173099790338
257216280
44867505
1148781636818890753
3964050492
809612070547312641
81383593
1035625536649719808
102915756
1176367364314738693
25125671
44571098
89579627
331602186
16360611
1016125094932992000
995024977458937856
785564924940587008
58956802
278783194
2458754380
571469184
1153287047513292806
301582492
247380066
372868349
39174072
127817938
1166319186781622272
1174741949078736896
764171436479156224
778099390254817280
1454649427
20198984
820762471661191168
1176005359061725184
487998842
18022775
49607844
1174910288295940096
31145503
941880760801398784
2664609006
704640115717443585
131764725
160955170
1064630908848869386
17877375
941923689376944128
70934841
4828904789
26478738
4093475786
96305750
1161184472584224769
913991909177163776
110374646
1121130631608532993
1142117212154580992
5780852
2879239234
221287088
3164161290
60794596
83306552
746408144
710032261760954368
9160142
967975701369339905
882394350617014272
389601122
178766898
2852822440
1180415161
54528068
196230812
234946102
152945066
1175765592734949377
1051255409804304385
221871540
860099966
1139573374349393920
1397952684
1120102591222779904
1017302596313284608
308340781
3240041875
905382484338233344
1926694645
135933213
1170249243988254723
1131266647577243650
1105135507195998208
2324120700
1172848361919131648
395367347
3292894424
82459993
238927580
2249111180
14831272
266175915
393549350
184751652
740914818492698625
3207768779
1205662476
748504705282646016
1063097325332119552
1119219023638618112
1470133556
590347638
2794783002
69327051
49334235
2816167009
4120187122
142599439
1104493333232185344
933097089147351042
843847805122756608
560249427
50974848
66429081
2446797768
4525306653
96178106
11064062
71076332
1002872327955083264
306835307
1173917939025797120
630707344
426147678
2534419381
2926687722
36459057
94567424
839775594
98272141
1542305431
2592311371
2949751061
3282785035
2373461809
82690645
383826517
1121302072337534976
116873555
1175560959395540993
31683104
959230098716184577
792435838110068736
478011007
986148049713065984
351531167
96444498
127327229
148495917
994373878863552512
1168562883996917760
130512390
1075041100929347585
1060284688902901760
1169826242872233985
882231048955973632
760221266636738560
260380554
384332309
736730840
98782855
389027923
756977116579848192
2903825767
17302487
934843637804011521
160281165
3286453928
2510464057
938676668217962496
952954373595975680
3242354568
33928792
385414334
986604351350300672
236729134
973244258021933056
15161903
1083075067448221696
277606953
927604652
1171856767967551488
943372238635532289
2679045216
1152342387454291975
365448976
969894578227765250
992322794120777730
421146787
1082555755730010112
1175027281695145984
2259348702
864542481194602496
1173922291702386689
2978542817
1027209773794697221
1023388948704288769
79545900
488890952
2654755843
148315578
32693457
1104945716881895424
827956471241453568
981588233481019392
1579903434
4430705686
86363842
3223351202
1172644411244732416
407475491
417827094
104581293
751309196398919680
854814209510649856
561299746
958482605875187712
69539879
97320840
191401431
1359360085
299993621
829544498426425344
1140850035065643009
49538364
50639770
18068926
881632585100611584
1155759836086317056
963021113277255681
1209323408
25926790
102248974
89987821
33906422
983167877204324352
1712559343
1114017404994985984
1437112069
36082340
3363332393
43054054
896096164646445056
918679058027708416
1080812970979016704
803379009161728000
290504998
2159183243
4142124747
2150601919
4779617091
1135721348
1034329157944180736
923663179393138688
399678418
815486186
905356315752620032
846921091
34933979
894162648027287552
1143043259041644546
255193558
4420069515
719802294
237216894
2189951914
600692506
1002393096062058496
1137798161559216128
41364490
19506684
28369366
1046324615251988480
240918224
2422678610
858452185683722240
829502966428086272
249083222
142445186
1171074194693447681
2230594741
1045347601199972352
795593012
2676833542
35831564
1373105712
26582572
2626104408
26324493
1909258554
1132229832513732609
823344751667593216
47285546
914902941911470080
791750542234095622
58748316
837082737525800960
2490221113
1044330475152715776
1019591218832007168
1141064926061981696
74760520
1018888930433863680
72558550
740742950
2883635293
1082830242673315840
1127375679400681472
2300835312
1858790634
1523814060
34303827
280560127
465978584
2533134678
706174517425643520
4863517437
145954461
911084905164980227
134067670
731114659160285184
1058012207869349888
2744191368
1163793786813632513
3177057279
2338832017
841063107111841792
1161885559721041920
995263396969877506
969952142080425984
480362864
932913242590105600
1960915058
1015599664735776768
977819309975265280
932620493294833664
1173512678066647047
900213199
272928682
797419979108806657
1027037931544961026
1130489576345219079
1151566655027372033
2876751265
100876158
1171322622329507840
1126084244541968387
85285001
192269335
2227709822
730791028127498240
373596309
696274964433862656
1002974757388574723
832257027103739906
961117178
1136681642620329984
14355611
4137014421
899392024239120385
242285011
959835962481164289
1098520306535194624
2866008799
91272792
37347791
324703658
1042189995203805184
93112718
857106096
3248098070
2326845426
99523922
1091493512686776320
51939785
326225918
2913704021
631225555
19096478
205044326
77342163
1160864114182369281
413859122
130071992
1127294675122040833
825960990487359488
43841679
100503935
4912081699
4384466302
255563751
929031828
4826929213
16448118
870168475083436032
562696694
18881540
3167370382
56705946
98080926
817797699315433472
1115694743185281024
1046186864636514304
43011688
3273
1145499024289648641
18631646
116863351
2766681933
56994098
21475896
1070514885576945664
1594217832
2735317706
3291200593
553060247
148413711
1167620304895655936
881507255610478593
106365759
1089388902
15077327
773285013160722432
566911337
2163323822
566338036
1013375056255172608
257335989
1095032640892297221
1060948208
454241664
384740959
1483134818
1942017998
1662107774
75762854
14216260
14872331
32150382
2232977135
786815850
1037330558542598145
476030521
14811818
994923296389935104
15262003
1106327852176162816
555410605
2914642382
708194911879692289
618223270
813358233570181121
1123184925128085504
74787527
558554659
76476591
4125729252
819611299785089024
1115595264
16542090
2893524590
12447432
1065219930449051654
620176121
3645639863
1369703370
854601384
104233621
151798761
175124677
126407783
792880227961696257
1080322411436875776
1171689620318412806
1165216474824433664
936056604394442752
102717292
113199631
1090596384196124672
1215040586
2764145998
963796544880132096
230422217
20760842
1162186435077857282
433570024
189034784
855750852
1469419212
1095645960263421952
1130289738173362176
939625182628638720
470358739
8995642
1073991795502211073
100855559
1129211475464282119
222266570
67294711
783575520885604352
196201870
1170098658479525893
81067827
108177702
2779527128
952298327693021185
211219689
511320127
28403488
3995356534
114531667
342628827
1104793801879621635
1680843128
618951566
720162280424501248
319933679
48657488
19760929
1154019828107284480
1052802157819453441
2154758271
2849968997
2982904989
1148121627072389122
168951243
149842258
20349677
529630779
217506104
910237683213066242
773779527931719680
66618640
1064092474254053376
89558488
616244584
914028352121507840
50960374
1167959041173315584
524129957
291790500
842475792
999259214
333577258
1112678541315985408
1171020441089191936
402643268
917394465568034816
147622460
1025595654599454720
4115940263
76519845
18373666
2806102248
796398529820229632
778625981124706304
2956097857
21931159
405852175
4921531762
1169407719150882817
372911994
1016918573548294144
4249315697
1086105267702546432
2335870647
1000645036046942209
15117915
55371829
3118003361
923818124486627328
29725854
506307635
1644765882
736190211957379073
3066498095
1151128813901713408
4105668554
735304530
2993368725
722117120612548608
1012032964212019200
3019401943
1058116935475441664
44470729
16852288
878131932151726081
228322163
1159414056043679744
784385080772952064
4022761042
1142506654296084481
1044598785136099328
1082564632206893057
149290062
499827265
43880745
974609831700123648
1595800693
2840859745
1053346962332884992
1118830070989250560
519602980
472901890
751821903741018112
705469803625095168
2930544074
3608316077
47656376
104488025
761166441655640065
980835040987934720
19038035
2290493534
1149064670915022848
310761175
402347813
1171366883506806786
2868404882
2319435246
1949506561
157233380
3207417274
864576917554462720
3130761765
3406367906
40473580
1077501517014462465
22709612
753507665310052352
1168674821636612103
2288740764
2365870759
1100203291403866112
84915288
906237675094540290
3114271436
1142466299915853830
1002328844878086145
2266361674
417418508
834514915436220418
379883289
884266590476292098
1148512901663272960
1170180146894012416
863736337794387969
1168903796992434178
598369198
276308704
1183573104
166529267
1056710348382920706
5648992
12001622
905739134857302016
2899237711
1166535372794454017
24089735
74885601
1942850545
14078909
128775882
184536472
256006707
344643619
2860933972
2428652192
1086256698623512576
916822250359226369
797227039052931076
4218492766
2912662434
903115380268437504
330570265
1121549711557767168
895371908
2250045388
1045426136933634051
924367856367697925
727577975848243200
1035357933515595777
716695041675231232
1151187067147341826
852316294129086464
501064594
2427143859
486207190
2397092448
739480892607860738
306954122
20537924
743939337679577088
38845887
1160131594046386176
776925030001377281
48320004
144380347
1101439218268672002
791144722966441984
157827061
109146991
198782282
2330974494
2831947779
304797694
422382576
63396669
167510511
425861139
37860935
2600179614
589033217
928174742267297792
386746279
127538601
81402180
3414229751
4198065797
704415732788961280
410280235
85453537
50664520
2796769059
839359909657354241
1153504283809075200
1159761164034891776
244173624
1028766043836170240
240733289
908114027670151174
137311851
153100913
345320944
100809531
580813247
338278973
4112370082
42017891
231390231
64671210
212762922
195367841
931313971
104834067
554197634
2912915009
2582346847
875799881939595264
958711269258772481
64181470
833610408
815881586721902592
1160192208890421248
1967645300
1735075950
889985860451655681
3131234281
817430874039996416
953429378
2190423990
45340439
801427849290850304
33162329
249565647
319409360
806749391037943808
1108481097317470218
942547265796927488
4751302410
728900395137957888
3256893876
3002599914
1822781
17366406
1159773679712010243
68464045
950869523510382593
1155480101808680962
72901457
1169129265130090498
1153860657005154304
64040411
3309694474
751218210876170240
864085004456005632
38789000
3165293804
2309200358
1588124942
127796490
125818076
65775538
1023381813031399424
1039106419419701248
927886565686300672
3496353858
1019483007218900992
1162418136035012608
89112521
184833040
1168869928037957632
843021392555790337
982321696840540161
328305898
79196057
2905655836
1064558919870119936
20291850
898603370734288899
276405195
294860467
329719643
117593913
123945435
1100396316742598657
1163319777437208576
819199030098018304
4514392834
704356119313952768
365103700
3013675081
823681502617616384
504158194
149952140
447791380
208802050
965388020525469697
751028508915294208
214585538
359361874
950276766358212615
574701050
1207665469
470127779
68766882
2571367300
232633009
721161936
1167963688881610757
298034693
3060685045
283490993
859662207126302724
16668107
1570348020
251838988
1151270206498623490
3034493060
702811059443404800
1162995194578399232
1039868846545559552
721805051950456832
2527331653
61110249
61858891
898869630
745993911622000640
107749405
60316129
3254975910
477521087
167148421
37687881
52757598
717672096797696000
988895220652621824
1396572698
222171921
30349566
143746257
1013871324857593858
81903624
383393092
913682060
1037930083833376768
958064324290936835
1620844531
330908761
552915422
579937776
962968342452686848
47870934
58113003
555456424
16743780
454186119
16084933
112205930
2888276960
3022822644
400769674
2291312339
606491562
341407126
949178922
801546186247327750
18446765
39021938
3037895270
551845683
995712328179048452
2653998332
3665443752
110106169
31712631
141990255
576647391
113707533
124666834
967322381177016320
248533630
3305457991
235901904
3047449170
304079994
1132646262619168771
704814750
575820520
128721707
745198860000071680
455344230
1091996793758351361
412940509
2179871425
499219680
825217708119568385
991847698109054982
113697756
308819956
189240377
1031637068588482560
1886226343
453203769
756716700
996684656799027201
33325879
14882759
1110003326110752768
1163458440183930880
981116988
563915039
200530374
2293935319
4647316891
355319744
166137646
700115335
215023379
114468801
943538647558696960
1163914869575282688
2494191763
390013770
21571247
846652789
1421742746
238353137
217618693
3188531346
2426999971
1166653570479001600
33984265
1193322308
1499040840
57101377
4019489240
104556180
2680073208
1164249991440809984
961671583109668865
486993033
1023560348790472705
4843935136
1071406336410296321
446611509
44652294
355101515
106861226
105023266
2571108403
2447639252
22045236
1131570091320107008
36473575
320342851
106646386
754139576948625408
636118865
292032692
15159040
4113156275
493340877
2153090880
3037679236
117589552
20379657
2842191030
798020778914516993
40587275
53177011
2333643704
941210821
916756773998080000
615467199
1042500610598289408
1163822707927990277
1157574282018459649
3135419139
19808792
518039153
963783582
93412942
946777876908707841
895313606224556032
2552863814
1165469092381376513
3064821742
828771397425967104
50787386
66589934
82442337
1165021493291618304
1137613960692293632
2864361836
32515028
1286472408
2553074216
302180382
14167795
1103457988629676032
920312432735666176
708240056264335360
1149878805445730311
84393244
74660679
33132279
518459761
994912000332451840
1151135755596488711
914910040628322304
610414866
131546845
1183572656
53371050
791276750349148160
936659416602079232
2319263144
419605862
17663495
2512677603
891031230
299942719
1083814574678294528
1849337162
423545071
700912789423005696
971139679
140730790
199085909
187680486
851950184
708405630311272448
52192911
2360523525
165095975
49530677
356596921
1118012347811942400
457666537
113091768
921854958026321920
729762699362611201
3484479197
130145873
1429304268
1151634734147092485
2328106140
962683172961079299
896625330336571392
34189894
810709910
2400505431
856637219318235136
301403748
543066870
730404857115455488
1105177485459841026
52631256
986619107297574914
1062047999587770376
1437642776
4818612933
156473538
858997604159557634
962047365837307905
223198318
939411098297667584
1156191844704952321
1101180958265335808
926772390117326848
191854804
1164474442086531072
578150942
919060345502797824
877719964353937409
933294497907089408
944661328966377473
344112339
2378495508
1595529032
2776878777
1210281
1110446131
1157803967017099264
744704825091330049
40354633
165111352
1882881776
982916714961801216
817755893022466050
78568312
565533390
52028149
40869634
15175317
16341963
1013279436580376576
593059644
185339135
1163989899458076673
471431080
2572851793
837296440347086848
857682984
2600506333
49342759
97791944
280643577
1159880794384601089
302855227
2888591781
1106604447751458817
7801932
45768191
1158524884240228353
860205352452861952
970478592000839680
1162433685704073223
129281344
1163053141325037569
908583511
593102087
1121424335141367808
886607536111091712
24160877
41070205
1117229293
333855303
851028902571061248
1086692825964503040
1131121994991251456
14379603
186062800
749775652333686784
2356933519
35722001
518084938
973802535525011456
3259666969
2685987615
81046974
421999207
1065877200757501953
744256144479236096
988383368621543424
238096403
3378836662
313327197
1071144181102342144
1604911226
481880394
147931884
929814741534601216
22026506
1070774682272571392
621222656
82451272
4052214478
57692747
17509406
222199345
3028210376
40223052
823176827422343172
2198574702
804448788991471616
129118724
116032740
881515894622519296
810365382951374849
420716201
1147544117251104768
1159456455654871040
863633856
1089659268842704898
261155398
1505278464
2935687643
769567485083418624
575829344
716677885516451844
904367406709166082
1154993050076295169
4831146126
499572660
1156562630116614147
2425824786
1154590989719392256
142802175
2595522452
1032310984864612352
324081719
180733417
29271215
15894396
889229417054167041
137606940
1162324767376072704
725305502322819077
1633428576
906019286459662339
3949174120
1526452272
1324818696
3491584092
1071724096927526912
41705617
1074708956
457384791
1069044370568093698
54640255
1119404808388120576
4738821152
74937144
1109620797402955777
325779886
739135832737599488
833077627959271429
9447032
1043743662591619072
1202553734
34824232
1141108903733813250
66225209
1158030706657976321
71766878
1148264514296655873
3309018874
390387083
2610378019
2751623753
775325085607399424
940790179257880576
227632485
1418466722
53561218
1152912673895407617
49197917
981274945
44110347
1022294961591648256
189284373
884758853757349889
23285467
2935902249
146876051
2743709584
1125877021454811138
1158324437256683524
84819432
1086419639079297024
972139035870355457
1732153836
112806566
356146688
1050648382031593473
20815633
1002472019353432065
992215069718122496
926445590879330304
481545525
859865900752580608
925465370990747648
1903915620
497492062
1360491188
1036766590551830533
3054303929
54476092
2945049592
912365548725575680
249098715
1119390424261697537
694623221082009600
172221122
755504950453608448
4705988514
1070827108677640193
1348491546
78854400
863907107355099136
408187328
7315732
1158213388796923904
944402750
273805344
605240922
427188727
15415967
1108437179880087554
25117849
1161159287546294272
1151786457914384384
44404846
726515386531852288
39482331
541258955
100743872
1126898916065255426
723239138
91100901
1244656260
914114588
805434416327786496
971864976418783232
4604153532
11907062
2883764273
933984866106007552
906049161904222208
2720351144
44945743
60352968
1019515021070659584
125830065
239533918
1147557480265867266
546318374
388361525
1069305182486503425
30929651
810886914681217028
67586045
2327603653
954274791363522560
873263761792139264
375722781
17509109
1161146151019487233
407965970
22857946
946105697082728449
278163992
806938726987202560
1120854767616577537
121322041
169093983
1710422209
631585326
1160713488769015810
1490386986
466710604
4350234208
161847215
448518787
1154821410029805568
1136595354349182976
821378318
40831652
935787260
57226755
19270185
187891079
742219623341395968
241961946
618763130
110398927
21991720
908449762080382976
2745765400
387016747
1157743287408590849
40665846
20462153
761309649085673473
3310763510
2200671187
2560919496
798028749681790976
2843318597
920621595529568257
1044739494786871296
1130702291630206976
817773469
987616273789083649
3446961017
1055489004186099715
989935379204726784
1103513654052487168
1160705837561569280
310996735
158763451
983237993371598848
385970922
32514937
18243249
2768141639
557120745
794775756454785024
849286748756729857
1107611108679077889
443393971
14963299
999060309552828418
917808625921482752
3184518786
24729466
1016548624765943809
837159422233296896
278999017
421679071
1173282378
2783487244
1273509054
846396500544540672
769374698572509184
1065677013246185473
396446871
156062216
1019000237606617089
34641370
2573610799
1128659792539439104
1096882257078484998
827573888334823425
896287704
3320543922
1048623845958193153
875810805803036673
1156586595987972098
844948770043367429
1346411791
2530504915
23775352
589190569
1087056162791583745
1041176206761054209
1104816328035237891
1034549924715741184
1154664931276537856
300166366
178248818
100091196
1075334384457342976
3748950506
1087776972552441857
728952116564393984
994930209928425472
84437909
438069073
116271230
310671574
136261681
1054165810778988544
4063096163
964521172808368128
1068540252585975808
828236749079977987
68174424
1061494801932083202
1159092430601371648
1887250256
165980381
898577448
814095760962818048
850098478625603584
890757325899878401
4781532313
1560977761
1511990131
838048224
118406379
945966706165538816
229908384
1159948806382903296
2476676692
3696545955
1142810102224883713
3428955567
1114415369093959685
778375095639080960
816764628193525760
963586088357933056
387590467
514122240
998936319995850752
395886597
77072537
701756860169236480
929072042875293696
90371849
746007093551865856
15546940
1158815626422472707
1004598609143218177
910193139733946369
95171078
14404845
1042889914063286272
38388727
2206335672
970722012514566149
195925885
964091106009993216
2865967166
1071202444162428929
4251330983
716980203902341121
25399841
826583529291182082
756159301
1156593658218418176
67015671
952607748658778126
1001049448653312000
61976138
410086265
551949477
427979981
14049406
942294460230193152
900463920686800900
279820402
4856376741
110096115
221596321
49561191
89120564
440204122
1055760539182280705
28915542
37833095
351608390
2477167158
811098595
121473211
316578523
141033104
811231385746833408
1335238633
17918138
780225
987000984307023873
206670101
42560807
1081261255
477709964
86084520
1063516529441079296
1168337120
224803724
253249300
116208644
207225763
1151617212844847110
3224563358
2414206758
161433080
1115968117769940993
2792142062
303518599
612785836
279448850
1141060861051703297
969407100320473089
2918910740
2344808592
2235949381
814366251392778240
826518400415494145
954245522222706690
983272553077706752
1034679015012032512
389912674
954456037351940096
220977597
704061989891416064
566399492
1059184063876087808
2429707410
14684460
613313041
179468054
384259372
1582355454
24337374
159887062
36127706
959065207170584581
2647673078
789915464
4687515620
14775960
1088485687605653504
435575612
18065279
187290137
148041623
946438376969986049
1445186226
62457624
1159678770057379840
522227844
550971792
485014024
997800563038273536
2870061988
77399848
976891376121073664
3087593690
7318502
713338027892813824
808450224
138580073
52437986
1159493318767710208
53054319
746329671898378240
1110295263866953728
232488789
25388527
33766565
39137539
282120747
14083739
777097688961560576
42312020
3353891589
1450735286
40701476
1101616826063060992
1157581511333253120
811618104451043328
61772580
2553750137
35306042
440613963
720830455
328595696
755520604816703488
1128286423008681986
314026771
738104840
472502716
3035521139
201248377
2602032643
1122630223734943746
1071762440688300032
1087308269113077760
925828006463135749
315806605
121363175
1082455360039018496
845839117338456068
2596961210
79698851
1172967769
484591382
828196193234722816
113408451
920099388025847809
125612590
125590030
27390495
1051359739987120128
1032924778963722241
2935509443
1088309747009314817
425932151
4619000535
901277547563933696
862254463695769600
256374013
87216629
909208174284165121
17792765
121184619
2363826079
1125800559750144003
1932836600
1230712465
955647801563627521
60824022
995042346856140800
1087238867655127040
93137374
714623879897939968
756542741216161792
2733487035
3276119580
1071062013374332928
2979051985
3237756623
1521541213
865341727
250852251
2204056026
973556936
1007943353424629760
109442463
189871663
14413355
287260294
264491562
755083485153402880
782773729205989376
3126860279
344403569
247242994
183918443
719916757767626753
949383555582517248
1309099825
951108118871707654
912758844320829442
2594020158
1833212472
3007740773
166870231
1123202702870233089
22912634
399438910
910692126228434944
287294487
311870288
4307273594
105755435
81982887
22343647
777084425448230912
1030603648852799489
122639412
292009605
2323067102
575609645
314750183
1127611511533232128
1148911447
609887669
59170752
890248248803426304
262637096
760444134184189952
1140486060310269954
313227957
1038081534
130012358
31275943
21325729
505523574
2248101058
3302773794
904672654883467264
762560486529503232
51275775
974865475
1122496561752227841
163160174
79245907
251786473
377839635
913696369
882823629972615169
4237681354
8382162
1059127859602776064
258785230
1122389638029533184
67800038
376454391
908918472653996032
469750536
3294898870
738740329944391680
171687766
208572310
181625847
714064736300711937
881905313464680448
1971382429
794932890
68884533
4763053110
403132613
2675622294
566250593
22743770
562573498
1644260486
1219787904
17179938
629001254
129759464
954971733995421696
1575912121
1068264127544483841
2259414170
1159557788860911616
989939310395842561
460050220
1496379840
942851629
1137451616410492930
20877569
2491181930
170293266
1030143109580169217
273422543
10118842
465273467
2298988872
226955832
838383070029967360
128094910
2294361756
1009104831934554113
1022680773328031744
518809601
4029544932
3478338257
1057396460810108929
1159524743298596864
10804392
21428353
3012593707
621427109
65305100
122869052
214495601
57203
54980272
144844001
70745106
954237245535305728
135389546
1641120631
564196208
1143622778639327237
1127011133225934854
46104861
940162324970684416
354459659
713729568373387273
880492913905545216
474656033
2772917634
2482249826
1156535439802687488
1098753109243904002
801263207796981762
589029088
14880987
2746881552
910641551331794957
2226407478
770155989647654912
3048596384
11812532
100819955
801700554762113024
869153690174857216
1145941772830433281
1590134413
462740958
806512952
634043
104391843
132701539
1119052493848080384
858909095025414144
1129026570289598471
83843871
2425553720
1146450014673231872
1255623956
893123403544014849
1144540946958172160
935708693676548097
4534437139
182012021
2244693839
1158464682166038529
26724707
54838648
2240818230
30770264
149311510
1449428984
717818165540044802
2494536091
3182843028
3240810482
99828558
4827520109
307714600
59093441
316714129
925822022210506752
1543961834
953830454246891520
995736180963627008
49643884
250630573
995395878839095296
3390755422
790441567
635338359
111673015
1042393723852742656
1589157313
1137620300542152704
1405439532
3064515545
128145942
1331572820
7095342
2184369508
1159315957170364416
938079951064006656
950653675562766336
1107461611596308480
3173789117
2263526388
490068454
230185453
1050492267423764485
1148684621963497472
411982501
166823230
46912482
223377593
247510638
34441447
1149585285098815488
3307364325
188752562
16271264
1153741343472193537
1141893824588832768
735533137908879360
238004379
1005581342447456256
3488680874
29610286
4133370832
1095760137103568896
819625437718515712
1555097034
263536497
195752899
1131140087494991872
3263014686
1152196355881705473
1122567106023841794
591653843
1135634803460431875
248767165
475689310
1143230514368798720
1152575039880998912
2167396968
1104023371711475712
2857556811
939548562710585345
1155811292839632897
19929828
1074741266561294336
39439167
22857330
331041133
50092064
1343072233
3319249610
25023268
179329582
920640102556192769
1154846537492471808
1335754585
2873496807
2202723754
14299590
80825114
33189460
300725305
148344254
760869488128430080
1413074899
167858201
83707317
1155634482629791746
1114217666447851520
479717668
220435357
1089198031008923649
1009090010618793985
784071089399795712
1095690681144803328
936296266513891328
546725318
1142450645980467200
909949774673068032
1644907502
837001278974803975
1053273195694972928
744882428024602624
470718620
146961662
753701038029430784
968747286791688192
3991698257
832172817978376196
2585603996
932434886
1126019267034472448
186023937
2151930796
551915695
8731752
228487223
1146156902105174016
143790745
817775986729242624
1099014040184111104
165266904
3040902348
14204031
483219589
1110414452837343234
36533050
298067452
728754879708069889
985354637732704256
520298976
451918209
4737051340
134621194
1479997092
392696438
66555302
2751116863
36413061
4759627585
540352837
275558577
1130304262796394499
260004759
4268835143
40767391
4836324687
143051205
2351141959
35035249
908386450978349056
3795994457
2820022258
443926999
1277825623
1151209820587823104
270657311
18873213
1027200328742187010
900340105549930496
4027262663
338190786
588173416
195862229
1105021771294666752
1055124702887198721
1000002584
1090793236476628993
848933077
1041229275406381057
704888238884921344
838037821
308761063
2242243882
842771643864821761
178354284
1149160573306720256
29126624
113844227
8068472
2520335496
69250288
1154851374762528768
3050163533
226250007
1155140637395755010
819582673752559617
173941616
339514917
3379692190
745497973
734064491210674178
1152654546440773634
1143170673524838400
916436198
1136358318
15481158
605348161
1154552918051364864
1073957771282915328
83174751
1087223943885287424
197725460
714756222306623489
175004695
2320008501
375313438
4122484103
1147556523540979717
971544810
803489291355570176
980483305240973312
2507451965
2276667583
1151825226927357953
726749459728621568
936277177359847424
191576657
36522589
105973043
2988374353
1154004765497614336
2393180618
40562690
1064218597663416320
821280818928775168
55174275
145925723
1397203442
140091300
225960159
414758849
335613345
33160670
16112665
16297099
131849541
136848600
1145644277164380162
1043446081864912896
1101092741528895488
1005668916
1065756616639819778
21437892
1150534123527843841
911685574028877825
883004014740287489
19135433
134874955
26682388
43310712
2432621676
25846227
1055231476164255744
746786570028605441
1099522602458992641
1149219828781080577
35730042
844850296446627842
29483650
1052501254746718208
2616842140
2922642488
1632731143
807667575962402816
245801543
262708591
388488162
948181909
320413064
1526393732
539999453
96107601
476957948
14180882
1061293794027393025
488162828
26835144
441565461
335052073
1072070090479337472
2242649876
219498589
727294582359126016
762750161177247744
952974044
1151917486524260355
1226200099
14834044
126915073
9829972
315920994
1084024634360573952
1131509060665319426
121700500
1151713049486610432
3881973977
357110918
299105206
152660380
207064320
1037994977182318592
1120797969291333632
1859619679
697593544484134912
1151339387302469632
799610173652275200
36902874
2792493678
47399943
4580965696
156514808
3294378094
94918886
1088110091096731648
313192845
329200684
316299743
179677253
212011679
49969615
4829934363
335911210
404930745
335134725
1434650790
351810014
195249470
1141019714887409664
2875831633
1639503978
1066170867464331265
828500617106747392
198872928
2236955095
337142662
36073856
139012085
875625212292640768
2317473278
1005073970557739008
204396600
1099125823
396642451
1524304218
838419739198119937
1685794662
1136011209101238272
303900445
863014972451934208
730300986863042560
2193378917
1148107456054251520
919761460443697152
1010599879364800512
1109786864905404419
3082104946
1095003188061790208
3250738106
1202658450
104848934
600044668
2177026083
409023246
54651261
1363886916
106776624
750926029
1095941358
1141706277921480704
995734476
922350254086873089
37372008
36059154
2975366938
275641818
444131405
1148741317138243586
253207647
276500067
3355006006
1143058641030975488
1082797704743395328
341779048
1068486831673532416
1092370554064121860
1476965028
2251355532
4798833128
1147474738735980550
901534998334984192
1139496024916070400
166381018
2198702923
883252320515108865
390479438
1046824365655040000
950203026693939200
232774163
915584873997332480
1148431563916316672
1092968752969203712
1117140716646543361
758993132860026881
283460968
320891507
1144665420911263744
1545694735
395379699
1425063385
1849890463
1025778255452889089
2888811028
351647277
882136613882519552
382492506
1147928417591017475
234029678
57613901
181572728
1122079069259145216
772923793
1038805578
170986381
2308692233
2781777988
1556615342
1382302256
2402047806
3120204347
4041054381
3062958450
431511095
1404256116
1680261516
2272077969
363477006
143125690
1143549561446817793
3997332972
1610024970
1954030514
2380476427
4762258636
2290480358
24857897
4830332859
866442980357537792
942278485
32804549
1324810032
4216704199
933739725432721408
414598701
39566656
1016996938774990849
954133365468282880
328387055
931890596
823005973
381186462
2260340642
105983844
564830480
415406933
980708291847204864
597808372
912064954307694592
14970395
1113695221953462273
1105952088352321539
719599006
2405314788
1581356084
2854661814
929904986
197266866
518554061
49660938
1146725753167450112
120199223
179589504
487966163
811851667239006208
1120835206217334786
186472837
2323101872
30208549
346405084
280269574
198633438
288079699
300228192
552313725
22041755
513301910
1146721532779073536
909547362363822080
1011504564317708288
1060395512480833536
2742377228
1064536398449958912
353993167
60254976
815661154114662400
1002202933826654209
407967703
999419045467144193
834554045813706756
135107350
2597355600
221020838
59456292
35460258
887927287
18431658
26382995
955312334913798144
249754977
1120769490311163904
4807082638
707304828
965571165711462400
1022384195136614402
593578049
784453586952589312
1003339690278174720
2256328618
536633733
241822365
2416273572
1884046142
19200499
1014396157412274176
67813732
312573813
619884313
862800722445860864
3240155147
291727294
1144158482129707008
214821526
73959503
4898929398
142007479
21422403
221919550
3283495994
1353130614
2673666665
960657815349153792
763025599
1097064972528562176
3249125365
244620043
3954888447
697380583572377600
3381186257
852678400124780544
39982410
91466882
1028790660843765760
485310053
1000683514017341443
1108736942156349441
1103029703294750720
2624002475
401405468
4205532357
1508170772
907474682546475008
830693383303630848
150578492
1025007300266930176
1097180959961698306
728403921375531010
1144804337182547968
15036521
3396806662
1128184032792129536
14562995
1903431642
18004144
2974249833
301196689
3408887747
573158804
1078299052834476033
293749811
9135112
1006749886237282304
28111879
540456370
1007611859636228096
963296793990594560
15549213
405626434
742628418425094144
1132924733639364609
1484384959
1009791965309747200
2401055849
2347040236
949912933
62117943
1130090978793144320
297316043
211726094
23926630
3409141678
333481220
823547101
3400193139
753630338753134592
131905643
581392992
864030624
265063906
90397982
376591089
21755985
244694047
68239511
340597784
261261065
12311992
752175431185420288
2269718988
75261238
1105572935606124545
733753601265434624
1524984936
392901957
154279583
232202604
220014139
80942511
19365610
80387884
18046290
92466856
3112082545
309741381
2155520647
127817250
788685554
837371579277402112
96449747
199804029
2969782121
224003363
180253916
3118776776
568572532
30653928
2193127285
701344864240328704
2837778345
846794768
2989164266
144765339
167997886
33635595
24031419
200038637
214469840
1140783222499893249
810976499855659008
1116836814977810432
392913038
910009601885474817
297430812
495717781
67537306
207485956
50601342
230108384
370803656
167330317
19361704
707248596681420801
363814195
294485072
146596515
176535434
16053049
1019123594327031810
2862964321
1100459675575816192
724425294120144897
51929107
162395142
151954093
627379664
484957419
71829953
803280987459387392
1137257298554806273
1141732078209208321
3433810858
928634218732773377
1138386452566499328
2547938551
350727528
1138812326306598912
115243679
600067693
1970481367
16444934
248303556
241932675
1131354278965198849
468322913
905867049532051458
2874519508
56081519
1272386371
961530555652124672
307922714
825788531821928448
80307424
2525820541
703197005368131584
55911516
1005274319428227073
14886302
892967583019708416
266315447
2829578574
18754877
15593815
244676019
2692032357
509265283
2598106440
1031323941086744576
2596301080
397303095
301495944
878969869974335488
3148743427
750535245175238656
1138165427215904768
1052024574169284609
1651935378
61756495
1558928874
348251808
27186708
497791497
20678490
860725103272771584
2675920512
998515796551786497
168136589
921980336887685121
750925464
2253337770
97075069
1137327714950684672
785923637727547392
295369704
235111655
80715813
908529198477721602
1121879990453383168
145966228
56302764
1122161434731765765
751461779180519424
1043199253810561025
1588835844
3123286143
1001474629
295079888
818414451527471104
1597512912
924829733707137025
102627955
874212823
58588093
15050968
2188038266
68377723
215513579
421674411
322404920
152083072
381212375
26091948
1088356403264143360
4459662227
861642307
215315646
965318195933597697
171712286
445262350
1468030453
371802578
1015649827672215559
1378904298
5479932
287507347
47316525
54379382
1129532391079448577
572095070
706847659710021632
377684006
14113068
1056860140480143360
250458868
2899780932
948394687785832450
2950525649
1135189214113533952
705002899793977344
989658085869355008
32480447
20405183
1649015286
562607012
2999348707
2517621562
576179157
748817654618750976
2894600887
322782522
1054937418355290113
1125935204621803521
859712396612575232
1030793627457318912
173564152
948510507010371584
1076969851581812737
1388564629
34850536
1082690580885364737
1036663598897160194
1025222120933142528
1186935216
3438577106
62726329
266125541
901836378
1088794128
3379488112
1097073988600295424
49313324
150939933
987001526072692742
3242060742
359776485
1661912588
4818762113
326742609
791636348868395008
32526682
103324445
14856912
1127815295215833088
1101610965030842371
925247143442386944
34805595
98879690
206592683
46701518
750367910196080641
2910856836
279944957
964329425780334592
460223938
1089877216807116800
1103231194525765634
33305334
420570169
71755223
1046838982968008705
1127267394
2331434526
1636118138
779341926453563393
1138354036036513792
4352114489
48466800
170101503
2892833474
3296606119
1139179637995712526
857841709
1105534498928644096
101139208
152650315
221469136
787529587181834240
3286919996
902722524697554945
1133703807068622848
4896114783
108211820
101212288
811614932013871104
17050815
1116373079809253376
4114539793
3178625846
43373446
756548265953398784
1913216136
235688661
737150104612704257
2547247058
4926320080
1033064157954887681
739783251351502848
14046153
744968552
1127069709554323456
351986353
988501789073858560
30495233
974619116140085248
68957522
21506891
1134053051247915009
263066420
360354036
84803307
1136709047145492481
1131208824872984581
1864280611
95383819
1667887782
3050887925
269502045
3131358184
113310965
282357848
1915546730
375555052
928566811242762240
208379443
1093995812
2452995283
979718990548295680
467392987
1491441727
818683921
2711127708
35540820
1482663528
1318845774
949061799395102721
2912773032
245372955
1073042340153982976
1053731341286756352
2286167347
3829
613424003
1538753448
802290117406769152
15947471
131231406
2843870332
188747013
512249538
52072877
1359778212
261908728
52103217
114696187
158297486
701721061071556609
718547455
45872579
207707287
1915115268
2921048664
21591705
729682390944239617
126610589
54364148
3392810745
29123734
49010608
1026829692781912064
467579120
203983655
54824533
893828667973009412
125710158
65867139
451620424
803285812875902976
1098453070227238912
133522465
1137097342799286274
449107703
257851900
361158289
46635337
1134178765964218370
1136903286517260289
336578380
986877349542154240
2696168916
842778004422057984
737565924
4865175701
4249948876
19548902
810836771118415872
971824205196009472
4097277484
436365291
226826195
154086342
341203900
161938481
1136179482027409410
305052816
2809211126
1129488153511776256
3381665039
2605003045
1008888536068775937
2883554675
128613859
548268909
704420568
714831732
3018522063
2426554018
1156648975
47256064
1465213963
69883147
1239813986
1132712969580756992
2495060640
1605745092
429371665
196337142
294671308
938988227964239872
19289137
545520501
2904390078
4221576732
1135916220077682695
1555805228
41236674
1133968756995002368
1016352969699151873
10154752
24677789
831913318155698176
1346047158
4906389509
1688476070
11724452
2762968579
25079070
822251000560029696
16542924
37178707
926438756177076225
4775164469
17698480
1090632079069581312
159738771
47737726
49116830
20235722
1147322160
364967280
481396280
280155869
1094914800705069061
1134076773094895617
325170211
1122174560986718208
1113747933394898946
462801856
306558934
244844283
1112721807876853765
575922943
1565129473
124402572
89786695
1445213364
1195454070
66302196
22757977
933849038050308096
750424255
71529046
467108008
905612209
1133221906574798849
776906388
261184100
1066685622612574208
3243208286
2724205044
921256274
214997167
1015483168500006912
29014881
1104990584022822913
362340325
32608975
1133532053247549440
446498862
567174854
65583567
46103095
770712000989102085
759947060527398913
440915774
595343880
296754855
110036052
938239441
2323548692
275481270
4761077540
994193380329607168
3092726559
710576019250360321
3379468815
96306554
400228033
2498366737
2574247010
329757003
579996048
497939487
1375276886
777459601486774276
427107317
707307519736156161
3030883045
2427883040
1114627233698729984
942297550069039104
459933780
2202466092
3423226371
2197279026
2906676555
22122215
396503990
567389808
443894237
68329720
3214128612
213765421
601978583
6960162
814719573714989057
1071428131196669952
2479549950
97266926
18950971
1129438436258078720
2643857361
80061490
842448933234200576
865074954
771287590641209344
607019469
33153416
139515791
334046529
268909601
320524842
327621589
27198116
713548599053914112
3003682934
616581659
288765883
715722792214331393
1080119701936750595
214964914
848913647581769728
131102118
18966481
1225146098
827941505289457664
479030243
1099416348382220288
369739393
4517368873
382629026
2314756678
1043081874258546689
2652101880
985924925268676608
93133517
118568749
51934480
212468862
1060775664591167489
90144023
986914682652020736
1132945477379473408
774845256193941504
21763022
58568552
104606642
3002619241
175334295
247173753
1113096378895552516
17589268
1113884050282897408
101160018
535300164
1045152613224738817
903716666
93719221
1657238282
1003848738496843781
2450041404
996052709944967169
322543435
2979735177
66934219
535117783
285281566
769434609176096768
1088981843850989568
730802090684100608
2147749238
789096662
553674893
86805511
319980867
4069357580
989743537859149824
259654918
891268643786510336
828641943747846144
14435364
406988570
62344538
2468848071
405095429
195376928
224747243
205237223
167408692
543440174
38826455
282104162
700732475186675712
4218721582
831194234
174378415
983890598
37124975
1088868643641921538
999403802154426374
3019131099
59967131
18821325
1139251
221841827
67385587
112357497
2520643090
271169382
940341397
56994672
2402069976
773954351283011584
17448858
23134127
79108878
108836253
60631539
96107630
1131300721691889664
1076678447932424192
19860373
1107803788952240128
97996698
2147964558
1132142627992719360
84780857
1647337369
3140949799
29190111
277763860
566055087
388190869
450856315
2963401804
1274835308
23230405
2328217778
3616065501
294445229
2336208349
933941383982759936
2360926663
477855073
237940113
23039757
579917873
50040892
921556342229237760
3293840539
467528545
15735380
831392960
856089021197451265
3860406440
309295250
872963951683936256
799427714281259008
733762360838619136
63050539
1533130850
1131558894008844288
746479527690403840
1062010874481659904
403956304
863567283721035778
2236197456
3016840503
125568007
549856297
138970698
75342268
835739516006772738
888852636941688832
786449168
2895239020
47515255
636335981
1006810283246047233
99083652
1131133320899829761
2367547680
1666422990
1103028620
1116349883966005248
2522115575
205861337
351408233
304291950
310168026
214313866
758344536133361664
960851245127819264
3384663154
72459700
258809685
83315635
28971576
41491201
222900319
1016940961442779136
2247249565
278419779
836611080440926208
1024187701845741568
760322019091058688
1091846029027274753
328905780
327964021
703693175983054848
2833244916
1708518840
1251770941
1102778560979263488
999911175931363329
993487711804755968
840097404359651328
2735877081
155553359
779855809
2808267130
4854650114
382090203
28040880
491460981
2560014918
591204685
343994632
1452689965
500978484
1046398554418409472
1125793457816121346
1054577372475863040
1120189611282771968
198702394
9735832
9840492
779858617
758687999743840256
947166300132052992
775778332256440320
802619189919883265
37871879
1088278386131099648
247353921
3371971576
54588921
545806705
235477548
1341231306
4114338448
882732523
823601035
229761910
1128474049980583936
2155785904
625886827
18520725
2412716947
2211840907
1402086072
186531036
411038684
1107560152419319808
934585564464074752
3133256912
185057209
20583999
3194627743
2955268634
2403173867
620107466
101481881
17902866
871726303942070273
355948384
325279600
517108652
800233172
148860430
2263855783
126759970
214998038
1127961137998438402
318578352
2282813738
2649364997
63725203
810604099641163776
898874859530399744
1062079372004392962
215057654
2217577793
1378633735
548440863
766744399
923542909361700864
1058536485509447680
832297425163448326
752808701610696704
540930412
7014112
382744790
28692856
14350048
16707004
440827149
133754556
48800070
940212565
1127654191906869248
3160331022
767810392777170944
2186652268
3092433987
1118953121588203522
470205068
473692718
306830368
1116789858859663361
2177784882
2495675533
15638844
768248635436007424
715942333666164737
2785992338
902095594516357120
122847086
731741138499960833
354754364
25444103
840668096641798147
916332878937710592
701107948
258532690
18238258
576157144
239335032
1011727219163475968
15745705
596679436
562070004
394534059
1064219692380770304
1127605422666407937
1024728311497416704
2778629744
296931324
189603117
996268583394185216
6501482
1707710744
1202266640
1127292136439808000
776737090214227968
101478523
1102125556605337601
185472239
473975682
111691246
333991307
874926963210715136
623310320
4201680039
821713579
2834751297
63006785
2402802978
2838198962
28855575
886937267171885056
3073762695
23762610
2898522613
132840124
15623746
93396214
1011880954279981056
744723294
2664849704
3322606122
733924507170148352
1116978140960530432
779260613293932544
850128093104676866
2851750946
1112727446346973184
937323066362757122
14301468
269696797
985917967727767552
1125742564303298560
1041739964029886464
52911590
2973721959
626363767
86374623
82270896
4336972032
1014224487016030208
1128068172597342208
950334640216297472
52809980
44556519
163376875
1734842364
1045984826761924608
1105130195525218304
916610914002104320
1125580698939584512
1074679346193989635
2770732649
877123295203733504
17605313
2184052323
750431308699009024
54876977
889880162719989763
2394734656
606876997
1449280921
1047110404038676480
72015754
89304303
881906437
119587230
1315555412
880792539267080197
3002171140
757778749660147712
1127340060922216448
1914346555
1792056836
727314138561650690
346145346
1003139946
346365157
4907620232
410262828
315006576
86639467
915482885582401536
1117506780957818881
4248913906
52737404
740812014034030592
119184199
44585222
1056455479344295936
1351761865
3358708213
1075056905431601152
416303057
2408406843
1122433399
847136806592139264
86934133
1322947952
180386317
1053926292
439135628
742183304
957133878690332673
238903444
1156689888
930253547479842817
46476526
703339875454619648
1075890288852393987
920017923946762242
351443520
1010640694401290240
984058157222825985
827333905166585858
368136506
23312866
237840217
3055836261
1315886064
913051253675982848
195302283
1084030222561759232
386227423
836614600787292160
2984113093
114283862
1123142966946570240
1023194044422385665
3331061482
802807478
1073329266350264320
870524028
96091395
235131174
171652671
1114502279036657664
1017821014581886976
389371713
1624995146
802459188047712256
733394514606317568
1067978332241715200
1082643957698289664
2281928360
214000358
861195590
312142111
1079796563294203905
67510673
953214005136560128
581652335
955886007144013824
1111090520921722881
1091147719987482624
21269894
1115210896622534656
818079822928703488
362419767
1117308816075427840
1120527038345924608
55717758
434935895
56277264
1448951496
178209262
1100243776293883904
263646300
198778473
1233384692
1322074879
1116407414616510464
1019120066313371648
1100394527834009601
341462981
732469218
2422812991
150917504
843060502444081152
247723820
1516107062
16990589
708561703
1293321565
244761847
1090957976070955008
1119329116908654592
1092102186257936384
159025891
984621870069645312
1040228709544808450
582587286
1040669305812148224
17345486
869501967533568001
273068167
1071702079511482368
3003821259
78047363
240991751
1122764841309986816
455538725
1092456118851383297
66246654
198797793
378837172
224635339
2786566303
232829851
1124990847412367360
630612264
1110475848841256960
722042028385771520
1123637466253152256
569480779
1120886594590978048
48276110
85447840
367532676
1115423323163217921
254443315
894184059902894080
774651355
1062968830123745280
479676391
1482863612
733570252240388098
4880507864
980263107305099264
1026922476994002950
1007674530351996929
902803963715735552
539827976
898253815530614791
988453411254358017
995015045875675136
3205269412
258016709
1006872288078295041
941134431082897408
3859859633
1108904822
23791213
2886008637
90366544
326754423
1668380006
778232162147373056
4823417265
161391894
253469920
189514959
19329306
334414697
1044974056527675394
747303195567742978
736815717652299777
825438206107676674
390073646
1118845203358593025
329655155
22309652
468608155
2227647860
148458149
1109962278357663747
40780314
587936084
2265827707
989910958763069447
3303630640
433262532
1062346168657739777
343275556
245185114
961718856761913344
958896525475684353
150329923
415018190
2697539659
745495346315309057
817511050505580544
219782856
948936114223636480
1090038231901585409
14470761
1088434956
1043454638115045376
1046472020555431936
552912680
1017937005877972992
1023369434407358464
32553754
973767401677365248
1327630028
1024804000582037504
1122589785477066757
783162068891410433
172685134
1122117808589025281
1097836330745180161
527799025
1080155884293103616
111224920
3003947672
128543761
1887506126
944200975
1246658131
9284062
838698079394103296
1117776908731727872
794595153256194048
26678114
374634492
709206967
1072629896252440576
714785182415335424
1724911476
2960602559
774578053829701632
936456237817913344
1038084823687065602
23251080
471535837
1097052240202784770
49641603
27795159
42892288
27154035
1066946223049986048
1008589335489200128
24703977
63728431
904117598975008768
880695036895264773
306412025
999749800537931776
1121485399858266113
541931130
39008393
558970426
1688734856
832058958
294821391
31766414
944287250
1114846335021137920
1120652479706935296
459187321
1334960306
1101045657073139712
2562670586
927103029316222976
142126246
24890103
330391816
1043624493380452353
14342791
1071778306230534145
254959657
39122892
755622516
2354317856
1019925984873607168
269281403
438544223
805322475034656768
2286391145
927630170864922624
296961098
610297791
753649503509635073
11236862
300103962
2225594082
1445153430
416481759
3342946679
472267718
109622161
1082591750
882972900675813376
41542581
35406180
1241673823
70303480
1906772682
828353855570079745
216489802
81505283
1046027870835900416
431702270
45488627
1057201173252325377
389204826
1229445097
33931466
578253239
95125073
456168729
1106512801101549568
324891995
1109913637165113344
608928978
453925435
229332191
465658931
2644773917
812077020
172150943
232493977
107720771
1442467621
35910763
1381419216
1118743764321726465
1104861128226689024
274695662
51611512
1076299514741309440
3433949590
1112754484080455680
2181815958
479111182
975654791354470402
949960011282833409
2945002258
66018956
99304281
4210413442
910283209
47943592
633805058
114387755
97843077
102066913
224452360
273821221
80158681
389695365
338718925
1039645671605919745
84056499
334484063
2725655224
61519085
886611255909380100
1111183062
907439099539226624
2695994927
2173186994
1247994596
1118605428697587712
47581758
49312027
92604357
506996532
172649970
797249136986886144
1911308293
963694694730424320
387349214
2392423591
3806525893
822920598301057024
3187304899
278472119
2946021758
257401140
2174752632
15949610
2802260702
6466402
18915206
1593201607
608018998
1004283324381253632
3173185688
708580195502927872
2843807368
2771944093
280096793
25712005
1082599248825323520
1117774583896203264
960951843336675329
848039305
790398991
1047079802572685313
17666253
66035743
2154877905
320844284
822186283938283522
221784078
27017307
537288344
289203961
131550944
50335600
171633659
1113897477583904768
103760767
379717989
1117550185905819648
256757391
2992926886
462131322
618422965
555533079
106739740
517476799
4148299589
741933228
22559879
27451530
189785504
1011330264348483585
2414101855
1111243645922037766
123602577
75037424
1048517069803859968
70902789
27892098
19113513
774674816347598848
2284168754
404888635
1095611875256094720
916177789
1108704445083340804
893508635996950528
1070460880519917569
965268758087524352
395487687
1056457254914981888
981994363961118720
1107093640785080320
271611825
908271475718868992
284594225
1035589677816991745
984153476686065664
80485538
1077695859356323840
622438398
765204110
704477192152076288
2993581855
35746977
496688484
238624363
2606032795
18725380
926628605655891968
211121630
755354094248820736
1036264368860745730
4228852481
2773484500
500823350
92712276
27889605
1115397338296508416
1073504517927436298
770975027839717376
1623330577
91331427
765925628554149888
370035130
1528329416
22350029
796450301347819520
472969055
40034535
1116043039473131520
1115148875164192768
40997344
310822005
34467039
785386588054454272
103576964
730270275502120960
2972608363
165707276
1072662042866315266
75796902
744071093217017856
1094722181928370176
1112768126956040192
2925036775
310939953
967796561240522756
3227760413
34328683
998044093447114752
617193966
1095174267677888512
230862501
156638952
261698290
1063573968257454090
1864161151
17072399
757284669733863425
776953460616929280
1065154600834162688
1034510105419673602
1114948089645871105
3063950291
1971682968
145870173
23590103
909436241975709699
737375466051473412
230055654
1111218664190197761
4861562915
774021911902875648
16858690
14773859
107638600
1081434915256774656
1089346335457857536
1114451995606245376
949247074050236422
1152050664
2869178098
1084096957272997888
368019058
998612594536656899
1114430220814159872
125424257
781599437525225472
2305947181
812995446
920765275452166144
43886167
28001489
784066825
175427627
406450787
1322724823
55798496
966184809444859906
1108717299735937024
2923689403
294323489
17533464
299684264
1032672610629419010
1483667028
864225356
1323556884
120417777
418174551
1077818911674949632
2494871174
913377799
194891932
3427226840
151539590
859964469224640512
212287017
517473974
603283852
985505474975019008
477913111
32386867
1061521926823264256
75245462
1029631500390551552
805283650195468288
781959872308875264
2734958864
20546263
230902656
172010639
90738350
1113340519059423237
1094115322859118592
96228499
259677849
49313594
49337372
4841187082
19518517
4603967128
73842112
2375255690
2364465898
2228891503
397185634
260181692
770364206168281088
2918078572
2998607211
11588702
23666890
2877923183
78741708
993859190551539712
392462712
708226935747420164
40204568
916815426214092800
912795672432316416
487412750
3039384040
27687633
3092759477
1133568606
443708026
764489589302190080
222596339
916303678734086144
1456441711
886294860143218689
1173411746
1105661531021299713
1044582118037217282
1095334999782436870
252176233
4066410081
251808827
47551727
889505943431647232
871636965472350208
26536415
209067926
3270923185
2274049902
564493814
4888834975
1434746936
99501410
1086265997047123968
553304225
81437576
4871168710
868598197
52106510
776070630995263489
1247516250
732346537695531009
2741749871
4769035040
18557266
1112384780325183490
825913414232973316
1053921665451622400
2981772141
195724333
3371323499
337632646
14925526
1098266477734608903
4861514896
16192143
3142836086
2877044875
1009148419
1101679332911693824
851821092914122752
1678540796
259318558
2808242447
2711705512
117155479
2218277270
2924520037
2367007342
2262852211
1110251969803968512
2804243737
173382923
224812744
1111663410788200449
2344195892
4747954292
850458806874189824
1076740937626406913
170738631
414308849
825807120683655168
16186656
1111362704713736192
784564195987783680
995220163246116864
2884469097
1355131135
999901183639629825
866494198379409409
1228680548
715793888506736641
29145012
722494918296473601
66946189
1019193020665786368
3988598853
1902660386
22901219
39538512
1089314814269276160
112191330
874304395705548802
529671150
854260997011505153
219866254
1392180462
2508190753
16496999
39977078
1102808531869163521
46951404
920236353593466880
756726994193252352
3294120842
441094211
799869591207874560
588373745
3010843547
3160211714
988312769861701633
197622407
500917971
1102126540320620546
1109536343556788229
982422645927968768
192543606
1095353111525261313
18221083
975184495279210496
15982541
36610467
5659702
965947850
2998900914
75726341
1288325406
1191565081
1569702872
3180668851
584991887
1353284101
1100270968704909312
513768697
1082467240350339072
992783932272861184
1060952903840481280
312327891
288563131
232414079
2259158571
905066058503114753
347709784
905081325123772416
474600360
81892552
20116094
1045095784964919297
704680369812054016
1109365774039158785
231226098
145527678
43426858
1459921627
4609343772
922601081535893505
301089327
20452942
1102152279887675394
2298120973
163476954
15750943
959658949271109632
2990106209
1070829441784283137
1107857508402688000
1076099698249949184
577989527
880137078176133122
69478520
17151323
59249463
271323092
2845657587
84170579
895737043
46631284
105308495
3863839107
940687547726024705
28931292
44853116
1101340099977986049
19839387
320290643
3441734952
573934033
2967941411
4869790077
1061812419511705600
283311475
1028585657948459013
468369877
1062789079786573825
814033176439832577
761712541303054336
70265371
30810687
123178468
871970361226776576
1083700113799872513
847133183078379521
34616353
45289370
1051888743362293760
428921733
2407379244
380400223
1106760815070322688
19183773
14404693
105017323
483237463
1095161672
2829790456
1107291099343790081
14138486
192776948
832681818981740544
939622502065688577
893781474457133056
702920720557408257
1034200633962844160
24545904
456108578
2351003891
13764102
766966999377260544
10044152
99734498
31249282
519942523
866351978330370049
969342225518944259
118494782
113714706
897808318265249792
63404549
29174280
262685288
974541733299027968
19853787
14893623
566319084
726054073
860797838
950033209
105422128
1082292588781150209
893104686525538305
273478237
205624737
1167541278
75092349
710941745228419072
1093591430205976576
1016147496211533825
37267028
976529122112413696
881138882372173824
1017162678073282560
1107141521369751552
136751829
257400705
820828615063588864
4099169213
1072500863799844864
876770779
263895307
985235365547167746
21689003
1105402024567353345
1020647276023361538
895680827006357505
1051291681
749445937504804864
1106641400739713025
102314036
1462611
942190058916012033
999598955288825856
14238762
221330198
2331861993
364700393
1137640351
14068528
21597798
23591791
60061905
799583179195748352
325430154
892551474609311744
15397830
33458628
1102678376127459328
797060551163674624
2907855670
1962668149
377806161
2600959991
75673231
385968127
62506372
3158171131
3077365725
172417912
128218734
937751843953938435
631061515
1481294491
15380171
2738386464
1100378557556183040
957877747023454208
841745296145113088
1055037884862885890
1071669023912292354
16652210
1084646598473203712
1105242563685044225
776471159378370560
125100903
267181227
1084441661239975936
971050642901958657
1711068037
53531295
69550099
1582552146
1105097439172849666
1887518743
2898524041
1272406902
483255458
1095538441675108352
1104987590149627904
1016537445649743873
74943979
881317381926252544
170516130
1060047208098127872
637142418
20937779
3012807296
1585167895
237481280
3162437802
834172925632618496
828361667918569472
4144132636
63313595
860946374073954304
897911805267365888
941543981548261376
115036414
1005603823363280897
2880014575
1449575527
3309025096
29675127
3032457730
78355900
110732052
3370960811
405385002
351144411
201921570
566882395
747811147
1083637927119339520
1010852284991967232
511731345
255484352
347600869
26831295
479014240
121372034
1024457153371942914
723615295441637376
218670317
1040910736455856128
1004876011685732352
359926182
22342880
244104795
30633597
948887669492371458
956981787476901888
733186865088581632
3241052888
1013615032423219200
972681079
453142900
863748705719078913
29523872
3629493028
920272566111088640
1408746769
1921199940
796778201943048192
2851077910
1005342376766910464
1102874687359668224
1102791398552530944
2488841780
542920233
2561270388
714396035993452544
1101384442973581313
603271830
1101559691207999488
1555829149
131973845
768139017376436225
41982494
954058787119394817
1070148199376138245
333802413
391549894
2395118288
1012824824
392293426
274429639
2328652768
948263533778743296
2330849719
3329324802
461362679
194652238
71897685
983074663835340800
821487741011693570
1091573998494846978
891232910229032960
616854972
8885922
4796640562
734905831
977629669896933377
1015821533720137728
2996411286
827791135
451828542
903404050334457856
547271573
30080675
1049420089911578624
46175571
157919500
16566301
2990862352
862819428
3392138207
15712800
2738565208
1014518931355136001
2271443169
42542831
1652217524
40277371
55790155
774361800804532224
98484157
82838964
19101384
838375454
224115285
90053884
289995667
490296229
225222714
3110152546
938755896
15146305
817292317379989504
212790740
823479672797274114
1088846769327345667
949029851025027072
963653304
1079326867814006790
1097171586308816896
50867012
2414914553
966501763556589569
995853918092578818
705055798657810433
1021872745729204224
222299100
41988288
89118318
356154287
1074306823069417473
272962115
4910752343
244767349
29787490
311802459
116625054
110095626
805548007
1093189484252971008
134576968
88406385
13497272
218183233
54750687
1072862173
796775146287677440
218312216
952625022283239427
103150536
719096350709821440
1092295759838568448
2692356618
983382391367524352
1093388392362995712
1094886639434850304
755399604913344513
874944633180004353
4574668353
50252709
2893254696
846088757271035908
18989537
1000096018275291136
1288965188
1230059648
1968814434
42589594
1662786198
26332766
3062543036
747929834
3128054389
107892335
132567636
12459432
1006812700457029633
22206243
23199224
1195136737
413180382
430002481
1039418838197182466
768030846
875721193
951220781681446915
1023622322966679552
122325512
336679451
404255985
469816967
39801909
891986155499118598
19128184
1094721097780613121
1098019002222284805
55242926
1183762604
123478382
757329511528730624
1541843414
462775400
140568968
3149652548
727968824893558787
1070014533060616192
1674654385
938883524215570433
953460804958998529
134211637
41194461
1081518523
3423126423
872630190
1083273062
244737606
907646581247115265
352118731
956412845046075394
258641516
52456451
1187590711
1099268937194323968
224443385
762789968
1069525436189814784
1484519473
217478737
125945258
74884897
159930233
380390227
2469036547
3591095298
2458485989
2162943113
177871612
61097958
765133
825137186198716416
42065056
2864768288
1098983201391837184
101579845
29921117
999602654224437251
126349182
918426632
191437083
357395137
2218778258
14724468
1090590257937108993
853962281360781312
738802514762424320
866956612325396480
744657134265204736
507847124
17284206
1080536026492354560
23435465
935906566766776320
1073802489344843776
135160732
96406354
1507233012
1010542274428719108
155362525
66812386
856487451040165889
1089499400995565569
442858050
92790626
1062045375996010498
603176215
15191227
41345461
198250768
103264126
805099512159084544
316043614
397029527
983311798211313665
194176933
23171773
110939630
22905353
24601238
949186472506208257
40175744
132810110
32890549
307337146
2426636833
117586080
984785713941155840
435223773
15461657
876435977409110017
170049281
801236958043250688
43567978
867742459765428225
755709598330449921
861935485467361280
109541712
47270686
875246309543997440
703728938678423552
15170148
3144579418
780823986611494912
1439147510
70899472
1073515732909084672
14805814
54656980
961658873240326144
46144726
371073138
24283002
341725902
980858514
25212235
312977554
1056499876949827585
1585751988
143511788
300479897
2993901494
91202815
37698126
74717820
871749486795771905
337990153
1459752379
408438519
2384145970
3320633389
171657878
1034202223817969670
272825767
13130102
868083294
182652971
230158636
3376281
532633588
62538545
1085678494682660871
32364521
2369363294
163822701
7864172
238541058
56964956
194176263
379003644
234961914
183623700
156973298
732813492441452545
63058555
52841093
2863293548
372610167
15479484
14355891
829692434
33609086
903027526263603203
4899728921
236190889
44588820
2956921397
1094924798503911424
91627882
54014538
61811564
688743
35899293
744602672343310337
808852125988122624
3002992983
1046382402732531712
149465584
1081069205594591233
1039988371
315136112
883805745807900672
634446504
104440213
887008861550465024
116478879
79162349
540696653
44547746
250626722
1097073569853394944
839772720082604034
235979715
16005076
323398525
1039295899
1599977917
2731252056
391755597
2342657263
3190719150
208134417
273745899
1459593876
10095482
911188102462439425
1045692802796056577
92855107
94017661
1094605136926777346
935750708003049474
822234491418771458
825602911539392512
1096536488148377600
29404158
39380296
3432691
1076872629393477632
215065431
1095829098365100033
66738494
41386361
4019125932
79421749
516987028
74508684
977189082676781056
2921853532
199349666
56572492
3195600578
1083967523836506112
14883314
14633573
362236431
1043543468
917000001435381763
221378961
20712698
134572409
163875377
2321408876
90710707
47552675
704696762
1556532650
96208345
146323006
114930103
3590389877
700419295239651329
757574048
343408362
392728350
195423440
1715884650
1094125816248586240
913163401672749056
4468949413
917118631
25127271
83138871
1015898601157943302
1917762259
1093881610976538624
209882656
19380198
817883238
97840437
352220248
68515301
940015102249586688
34993842
96616403
850981541849088000
1083525352222121984
1696130534
598084276
737868727740444672
456416377
571610946
1545911684
95186104
234580460
54053215
232138037
1059524281456058368
1092967742762700801
723565590
125434293
710720743
1089779507429425152
2340446030
163063258
3347339217
118936540
363033684
1073904116747907072
24883571
1031580223672733697
589634924
1059204025978097665
7296272
549050843
2667524340
1612050440
360902602
10651382
473296024
920391511254224896
1016678248279887872
795990508145377280
975061622107484160
1094056928412557312
480146026
246625962
948818593759686656
2831815197
161265499
1048721146730954754
2773213403
158000990
82467397
1046384731074568192
4758678387
3470359601
273621658
81347609
947643418569793536
150251156
867844321315217408
1033990924924334081
1305051948
141041096
2343784189
184617709
1093587200241995776
345599431
338582575
249392356
574485163
380730092
4229551521
184639941
857176811511226368
1389733146
3231998425
137582631
2588048844
4038512353
931561836411056129
515192228
992521595758501888
26269076
820720451890642944
29727742
966424191808483328
181575363
22060634
1343713644
2310303996
2492134430
315725399
182756674
189275696
312927705
248982370
34492486
61564089
118365357
452901865
340580193
453924245
116798063
709538735742816256
475500194
1063565492948996101
2435398174
813185584059523076
582909408
8274832
889820379715260416
1072219822493196288
720223172449157120
846108882
19482563
39824601
1901253852
249704349
110694722
1043950074148139018
1115401082
2278412286
85465870
154719155
792132949810511872
112273349
815542447644110848
1092381150272573440
16580729
214533300
863024797181235201
20373052
976945289536950273
56216766
997180691761819650
778522027774869504
2326435046
846952618547138560
1090573305504063490
172390271
723847144482824198
407890113
14096364
1277202024
47456965
2668445096
925937510
955998041491886080
351497603
615724189
518901786
328197550
274470400
116471927
1063962138031591424
2962235315
14571878
592942087
1077007554029379584
1606506589
521032058
17567486
85179961
753364912538279936
1030480372130369536
1085545355129901057
1407971486
82136328
137523582
16803464
892887027946987521
974778569204232192
20562811
4263998834
357508290
1162625238
834787235115462658
1091454727123021824
136785550
470342465
18098961
733985513955201025
1038187910086963201
2386334900
111880298
2541852978
17385922
1405394214
901606593711755266
1315596276
635951368
3240332859
245472048
1416510240
807270798213791744
189149357
495110446
116124523
776185333675282432
2693212824
772991560921341952
918154363515916288
304480911
49263032
1041373722349690880
324396220
4848920521
35422404
3456633858
96151295
1081923828421398529
285819966
31067314
1086111379143110656
365797568
1000037172823711747
1175684660
855257762
1044890523541151746
270480958
786496554249048064
810950381161316357
1090276600661327872
956823406330155013
1048309420189466624
30399916
2892480280
23213634
1616888509
2977912329
1064815441242177538
1152362041
1080884384792760320
46871011
1090159329624285185
82567675
1599389532
1263378175
748929231497854976
1039317464973303809
1316181
2382781866
319068141
30619250
67260117
2362341804
1089923899582803973
1072583203624534016
2300604896
470920312
1084886932667224064
3234385929
955904663022456833
924266806734229507
562853044
24821789
1109834682
753550379833520128
1015413418843672576
1083604203480731648
1064993488150962178
12134322
4110886509
755860262171783168
1018057230900482048
874157675352907776
3033548600
908335886
88182725
320888316
138616589
831918262644400128
989984385935036416
569524411
78172592
1030869648764542982
3285274068
4020164225
983703801369636867
167676274
94149421
972297954299035648
226761936
996085860230627328
431525052
45815766
898980979620159488
1088169212751867904
2873454543
1091523486
1020327912942309377
3042113816
893928427
4876319029
1080830375381868545
844883474402172929
847562601383043072
4634221893
14363287
1045671459216150530
774045592913846272
17698956
884795386627489793
19809346
758537318
2943589640
99988727
994427588
4821600755
412600226
101102831
216224609
1383198390
252785226
3271171632
3013041758
286576469
940967393249103872
1379278596
736879796232294400
1086273020337901568
936227581740945409
17475954
248382508
159737176
16046180
9308562
870223814
30196012
1730765370
2797191610
846229416
1083883018148810758
2796260131
1464846012
1910842273
243519474
171546040
2252615726
1473589974
709467766844211201
1012894047168446464
1052475163789447168
91218146
1060555798894518272
897421458464550913
181666361
1254573624
2815314836
91724586
924650610456190976
899683285105758208
77310298
59843127
123481957
790488656502939648
2530054236
1040711500069912576
1021014608205811712
587642635
172749672
3016270679
63700389
808423963449769987
336042664
1047190972176748549
442171608
385127682
1052014975353581568
406361059
2556853380
33922750
130016466
837601134353096704
254222931
182462078
2150012858
1072744437158162432
47193218
621035544
1070728183698391046
957851988175159298
29414367
1087148456190402561
949745862372155393
2496955452
29013056
129018405
1081502476967313408
107545407
192747215
734603
27961494
1264433760
65584703
34549664
42206089
134063306
607668910
784568235429597184
105801248
2881030951
727556240147140608
85257718
38846454
1046278165226803200
378964892
1044448526925627392
827334641073922048
1424692243
3713406676
248288369
238836069
2248719750
592424305
1047239921319198720
63939754
2964434645
858329743334273024
393265105
105823632
2552171880
1078137549669883904
805970414564306944
1085550407127089152
1305311
867816385740644353
356438694
455181230
1666059986
29415432
3884557343
1080849000578854921
813438495557488640
498598836
143855878
981568995169103872
620074863
512263985
23077003
3194335858
81913956
86545169
1570484599
66034372
197798176
2951779713
309471560
384651229
815385409
62806660
174670923
1055039072362741760
304141045
477556855
750908591159255040
475806326
839618433855729664
165105311
778568881325608960
733914912
1057217900090671105
3019552137
392768881
887264622
1166212676
236764835
95636820
186924125
1362860406
1058785553871724545
915185261658693632
855159880050769920
1042468973579665408
1033003280
319928236
1011891230
180563211
16857985
783237070978445312
60228374
172018794
3221163492
809347841516781568
959767305990361088
1083982217276141568
2862496978
195393587
270997805
972057693560111105
886698150559461376
3017625056
2815639030
1039300314430693377
373866197
3602380156
937021094850105344
3413061199
3539129954
298514872
40203586
450902611
982038221478662144
190952253
860768930
635901116
931301269
44051989
813090076389478400
221875169
122420393
325883179
831782025107476480
27774830
746571206279606273
243635725
501364222
989258541553856512
618374586
1003878872
14699109
370998731
305719811
724328515
629214708
132182727
3119697862
1081510990146125824
598214454
575535158
966347982340788224
370407229
2827980919
988382701
183010626
273946975
1959356112
60325832
68072251
1080061650877726726
238020454
1444340342
177911660
50773366
539262842
361115301
906314945217867777
4699603692
344007926
1889236772
3377984625
25344981
34600914
167320975
1042305666403196928
845798060311621632
43327231
1062276443239997447
2834788136
22234483
918654877
945672486804492288
59874020
59855086
293336120
2240518910
14940673
1609963742
918599850060640256
182187336
17803069
229466013
2552204652
1002740927205502976
37448564
46326978
982634701599985664
1048635719911137281
704090993738387456
24528667
991715057519095808
574330434
1009480883433279488
79871182
237582505
1078412700563267586
982285695157878786
193211728
275106145
133924723
359942344
2765173882
945265384780894209
726665043199172608
308473310
45918978
14966511
71883290
2161551858
1664212464
793628291752091648
1041845180
2186235345
3932479873
2383118922
1048345910
953203448274591747
2832024944
1080502647914782720
95172199
637406019
316768538
86512570
15929185
33686771
626388277
1374384409
299779777
2426269952
581418357
1141494151
866178458
1171768063
4860549252
75014389
296740697
1027527340207689730
3310503157
1082457835881951233
2846251373
882475965749673984
313066383
359597740
993996216
1081272009575882753
1073058468649754624
1109922426
1469471114
189044175
20230702
1418817745
152701753
728248915275952129
944902274618310658
240873537
2960314141
963035391627538432
68726263
20211235
2364896922
3249726242
1004337835917357056
146579599
1082010772874645504
918992722681257984
813738753806123009
264892130
787680024233119744
757606966663454720
2719029404
11589502
189973211
4513538968
17629079
42205137
591297737
2254939628
990476986488442880
918023814922903552
1046946560985194498
3196682226
1925996648
261085109
1441171645
1081673808694648832
144333019
16896959
889509325886173186
1060953705057415169
832334742515220480
36561800
348514686
719503664382152704
2628159575
264140224
1063439716228521990
933499622
1389021452
75364580
871502585856835586
361860294
832489816768012288
1081277265009356800
551843927
188717439
716348353915686912
350263155
254500640
175434529
899284173466333184
12074692
566507090
1020389112
18737853
1079475727597268998
760486261475815425
1060566804798435328
135210389
1414913768
1025615698188558337
4863552490
928979029864038400
1080941508583337984
1000016040288555009
12294132
604622219
1076143239080624128
21065746
1339547138
1055632890363592705
1078324151482494977
3431162434
119076976
4892732933
388566161
20597828
1436110202
170628458
78646538
433661155
135805905
56508346
531917045
962754690768351232
182732437
2468906326
1467661141
2453824047
339943258
960561526255087617
283521047
209585337
2435651060
874605347952095232
247328429
797327097215627265
47319522
1043336733616680960
1169443981
192560971
1074799552153014272
826052848454615040
1077181555
491269700
871736296305172480
210070257
3224436169
3202145535
795693024
2744245229
419298859
158344537
737139178429906944
43017855
47135286
737898505
230003241
14069199
973665296966914052
2329589923
113707401
516564641
815348096
1729038223
153722454
1044898896164671488
61782067
1550852886
1209508160
331262055
2184219228
121312637
955366755303489536
1625111984
3877527680
169204901
152856323
362898440
188603714
816835349229932544
881367988938604544
327732347
1127380219
40074445
56606993
51854282
1624722758
1079044100085768193
883071260
47155119
214312481
1077949838233399296
461942103
2243375413
3148306565
1029283012670709765
3288219951
1015566993120825344
1020993247
2871164483
2411714672
4171898290
143186129
76509738
4461113960
1032464116936392706
873759256238997505
926201716139347968
47569784
446363665
17136795
2555634672
1078994932701061120
22439130
265859842
258575491
1394363983
147060887
1078935283524096000
19105859
116065359
1049851541090381824
1961436122
226242964
11089602
296628796
1026736514942697472
20245031
979715485439873024
30921851
103317064
2455712000
836940431111892993
1584592104
251281455
225597877
43470719
1389623214
51986969
16091563
12741082
110766931
578661718
505383028
2611746232
419143529
142333812
17280364
7894162
174067487
2249307971
1000761736453074944
317352951
158275702
782156270505697280
33754849
1144580173
863991335417675776
1077586690359939073
785773836222377984
1067666520430411777
553017616
1078076158057611265
36270616
929363093452480513
1029786085797376001
1058232708269203456
600450900
86987737
4152718384
232495164
863270355640700929
3314830351
724522875433177088
244763443
50528610
880768186261671936
95252227
837049377931816961
785577386725154817
60380513
1858676948
410708175
75985357
76891044
4198641552
2173419856
3052743420
1057602906742902784
347420134
969685700353421316
145506082
3496211597
996460956472393728
702859556121018368
442220492
889824780572131328
2889663263
193643387
1039463519219986432
232403547
2922188617
793417156008538112
1075148106503741440
955033360929243136
794160162
29384627
194521298
826048046354067456
96258762
17297924
83116005
3974915952
14597057
776281194
52999846
18156026
4122712222
790614976771665920
4671614755
1152691418
68234208
44266782
223086375
929077740476751873
34100174
703726232
2316317179
800391547770372096
2416553905
294817964
1478047290
1468199743
2997090300
312219756
99751708
387764852
732551949845925888
1071740018971066374
165234835
286779482
925512247241256960
3707154797
15092220
1025800304510599175
146607428
1417332342
2392002297
2424216361
1331835613
1071885278141472775
925037875195920384
241024491
237133992
988898842782420992
26049132
607415567
2770982483
3886143867
321039790
33333651
40070994
316846254
25173424
1048134916712493056
2423028252
551937758
14777460
706345183017721858
3244285495
46936323
1045215127887400961
9862412
85538201
238292998
1366914511
711285167264935936
396898351
974800586687172608
97580238
568280605
452331110
14185952
3732897196
18203844
11153652
168814129
832374866938646528
2868997290
526591242
2863567660
79978168
2603691673
1075180670027206656
2400476443
329239536
113967060
3217887674
177480059
883504987
1075130181877141504
18146455
43249856
966217022
88930541
136737072
379854210
4911518353
2900586413
126401313
2459596158
4661289802
302892424
147970072
156457354
714895750858207232
114524045
16238398
1306097606
416299012
58798648
2700627436
42843119
138461386
25645004
868570644337786881
983365428
283379341
1662064891
2294592715
1007687887750656001
2984803072
3090655705
887036814426599424
1061168044578299904
839343174208233472
1162295168
2954439288
922379042732552197
1200536808
58675585
2274302370
104308323
1099952270
946762375486566400
1044404346
279933832
3065478543
551276132
1040740487353778177
17019704
192169691
1073516886942334976
114461480
1071358657814806528
14144212
918721003416707072
909740196220014592
740134952256344064
3666743834
1033459134811844609
1038039682758725638
1422769284
950914588182167552
870841760
727876716811542533
56395265
455791246
1061713327305441282
120236113
86231943
375331347
2195973985
1319160482
621224149
332691457
1027050784264019969
175063066
784763385296543745
2875442256
1242292237
312751448
273603948
33425306
3241985974
334042576
2911249864
2204707333
32455010
2428652311
68442584
10832452
355650810
799781933588721666
717647988
250591836
806926781521522688
1041068656833294338
4727319856
3346645601
1008014372499787777
1058809251504754689
746378871356809216
2320631610
1472380255
887755678391185408
1356089629
198791498
1026073633633050624
850208328131137536
952026525540401152
377639704
212666471
2808384438
21898023
200308894
2307899525
981237245184180224
166592509
1004424365948186624
104242628
461292979
1004134681728581633
3061496684
3305982709
3436770513
293534903
3577266612
126520992
209396237
1570311672
24507402
1376185999
18394861
952714396966338560
1041888200
264062205
129463608
980595296076992516
774867987341991936
22210673
2298659833
2530019957
3181550095
840908675027988480
352265790
2758798705
2724582518
715316406783447040
70073890
1024100569412251648
18594972
279713830
912916099683045376
232948013
170461509
69907258
852974008731566081
171394780
4539144280
1001350327
92247684
139058257
817463052408934401
1863225841
5770932
786043095582384128
114439271
709895901163163649
349726094
1292530699
1069958943647121409
456382383
14055739
999888268966617088
989800921
3307959564
2476090718
1044047241999073280
1043834192616988673
349660063
617325281
1046097050352459776
151310236
15042288
187575987
83989008
2238358027
2713577557
1277872975
390908988
2765924140
877971703858700290
94979823
356033769
965212633744932864
989773295846227968
2608540591
718423449694269440
952151512670724096
1061331227024646144
932332530
2929286323
20665197
342527311
60250831
1478731957
134520644
1072297111666872321
845915171990179841
31179347
561820223
24540558
379688926
110754233
494475284
811612622621544449
390229721
111970762
267495318
41844257
865944431131738116
3653700921
1068760099710255110
30576670
554862799
103308922
45055902
952662860596998145
2741439437
147858554
880122829433323520
303855525
69329056
49674826
36855168
3282663386
1045300784672501760
2194865597
958516878204329985
3351632566
19678117
85856252
873894408344698880
1016157655079874560
154388645
3255323354
2651346567
804689088024637440
3342171280
855750796964581380
18457751
531419787
280102445
349133636
1032252855837708288
1068238323800408064
722995637956935680
717338170581323776
62924955
3029419523
3737501
2909891311
2411854022
19841190
1053685699059294209
1070177212329066496
721052064
407078986
729729052400091136
1003367815502417920
446050693
6524482
859435922
596842477
498904722
34568203
574753889
1071651425980047361
1001527282991853568
1049369614080249862
79370016
269868959
1027636730856439808
247035773
894257246087073792
184631199
953906080655949824
1035456997896990720
956916683490304000
187733092
1704368402
893043271521456128
961541558158987264
921603962863620096
2299844291
882690055252434944
134222813
866617748704686080
781855391307235328
804814290653876224
788710483427753984
872281333
448900094
293300072
20412301
96084401
248922170
1019916107766001664
2546529354
797151409040826368
444336487
2206177274
253405356
979332314
2184445772
950954592
602100734
1070390826482708480
2228788503
1055320952035258368
109139772
58129899
889812491475099648
322705926
1857901044
923497397631758336
1041012623712702465
559005742
3028689797
70890753
1474209138
1916022992
1069086504536891393
137176678
1023549758625918976
2350577598
4011090827
1027421418680713217
778321331414634496
17463493
795114095959801856
337340969
356340663
1047821785931104256
88277485
7124702
2304418489
769501362665033728
113869505
716265546837307392
3405591881
2343640247
16931925
3507400938
94492128
54594270
156740205
1069425985194356736
40380594
416632746
20796772
585459010
2438191364
2955579958
2406645470
3245056928
77777584
783383368612229121
2575430988
1131629198
140288549
393088484
1051930795256950785
938462604330262528
1171607521
220002930
2978396208
326119501
2153461148
1068883739462123520
957419453054103557
19689871
102656829
920571866330386432
142088616
829860865037987841
245420428
875118046494547968
1061261074991845376
906300286565863424
921586058340458496
3493166772
318247452
273074263
961122017109069825
1043982444330975235
97435920
467695756
116012581
910404383501897729
64245799
44082829
9439332
30146504
96308217
347492187
946830430925393925
877188976133771266
4642870899
21007357
183651815
2577915073
861222590
3225952412
203475178
851765759869145093
67068726
732159567556050944
251199091
410983741
7275362
160679904
50086267
984871378531696640
923666953184608256
626338088
399215994
1019593165479784448
1063073087976075269
245813878
2788888179
1367725050
923895596343111680
4788477141
171896785
808595236305809408
522907911
80185886
2965461610
250477833
16463654
1969493833
1499955997
187124485
2934783241
1062583989268086784
217206560
617964148
1019879808791179264
769156036477325312
120196692
938413641468141568
3298846083
4928338095
41338400
881898710963150848
1287885944
2850094060
179079929
72908529
2316798014
38725477
182696695
1544921328
1062472486028238848
19833516
97112019
257644407
43486141
872973361772720130
122038883
150428503
112635662
1019883976704626689
1043518824174120960
254008884
1042616581455527937
775907091332603906
844571752202059779
946913190998413312
3393681425
384150258
520607587
1039621222458449923
4165789815
91662444
391299300
77246879
211817814
337727465
605620959
258817136
206945640
257431434
1096129896
45350040
705532312
15221009
1067007956791611392
824375836228853760
164226458
43293945
151595919
372776212
25910421
912616977327284225
1065539746359840768
476674618
101921482
18088299
614611158
27917786
19177897
814055930849542144
932360010654535683
1056011219557961733
430995420
574837478
1037248861
745684092
28288071
2492266933
1189499870
4893262912
795232909267386368
177395296
899383642157461506
1066108817375723520
1089140448
69154597
480511789
493010023
57703086
716615316470644736
931615803564220416
37819073
1019184249688281088
1947737168
53725991
267990504
918021572727775232
978322951303909376
2874681132
48665703
363121156
2942812933
1044305043577589760
745879338
480590530
2194574761
226875235
81895275
17857620
36685995
4838042896
2906404441
22094304
722653484
3225733466
96584777
258966564
23011051
2770262608
23491526
85335477
26022092
59817546
302423133
930994297897406468
13410
412742513
179956111
227790496
25282958
4218520337
946851508062126080
47699880
972535766403428352
52974050
35102269
952998338
519088650
700572078681026560
15358244
950105916
75865475
1234413684
936173501320450048
23926565
2778568683
1279279830
188635312
1322889283
927731507032088578
58743153
280900587
21755129
14861710
725842742790639616
224367465
401475651
948564592573136896
972899683369668608
1614495571
37367357
982439362007851008
216759793
15437359
414274280
1727943870
99375294
3032267469
147949496
1882993040
349392782
476070199
320854623
2743562585
869919367
1039573057612832769
788133302385467392
1045130155079786496
12441262
203867751
411236963
1006511349961195520
22510140
109140217
1056421716090671105
1052585891552579585
268875517
2966332917
125249250
117957719
960491198325641217
962859152
396036921
2802207409
934489402272878592
1022653712110563329
3042524067
2180516326
369436827
4675665624
241264777
97462050
373286292
853309098
3244574932
2754962432
2801205848
4554136993
1508951
532265770
850523804451393537
22363581
16241835
221995370
2421595249
19770965
14393530
3714081197
1371182538
48815397
10305062
105350199
885189944674844672
2796075808
2578508004
1499636593
862689960641536000
58148535
745869357042049025
3043202033
3381573255
151334873
2326428046
393394183
2364217567
884468169007656960
485846046
17634425
37029266
16801492
1060162337737490432
786268310677524481
135568637
1480008409
184695403
132874570
835161207883563009
4881900825
4691607012
112270280
904969291333816320
22818679
69998812
1037091719387533313
754991
176037099
588754165
462871681
43895322
127171016
151486228
351772229
247115899
41602035
825585810032336896
3226111629
996655229725650944
704706239599550464
841566570
1028667494209400833
106934700
821255717659312128
33419644
231888711
306362300
1000791717061320704
1059414428695871489
2585963436
972539358635937792
67184256
537183418
25928058
3366583511
376892127
971152112485777408
3082818527
393274278
47569716
2895856451
79903796
38766560
832673351445278721
268696863
92297452
1012174407387754497
1197989545
1467303847
164727184
26317889
18661431
1054924220084277248
1693342297
308597676
70086547
400243604
981506419471118337
107596041
90249837
716191560065552388
2302082043
134122868
782220416492404737
436709342
10693672
21392600
260335117
2431057356
498214680
115418394
1040666540981608448
1057288778665070594
113960175
202110140
21308798
4107518472
73392264
4164051973
26262815
32061738
798266334954094592
89142548
33247871
18364355
65762296
41422542
184544502
14722810
16382769
891184475295498240
1046022078
88129354
953057612
2859443925
1600359012
46923615
223803530
2887681800
2694019548
920420001965678592
1679658756
1691254086
126244037
2615353500
71232316
2362098159
518413399
1062206174219534336
1058223378828423173
506636126
1019350212429557760
101541507
141360663
423162328
1034229527046762502
719743530697142272
3140293442
71777854
35322119
3003446362
2488840254
2854226164
15054802
1892187373
883756605011054596
741567013
31228459
3015161303
934603399101743104
1061256484862988294
153173418
1061286339943948289
32735766
4361875156
504107048
850430651836837889
203236741
15362054
2659540231
44170046
911672921579491330
977396552082714627
141815359
78837363
1052094412757630977
2649054142
1049544186582720512
52335014
750530994164240384
963986032537382912
256568806
1060450768828882944
20042706
46533991
1058176938412400640
1059739802298449920
347837341
1042538097924161536
911844515706744832
463073312
36269219
241708096
41298807
34113208
3128035788
134183280
11555572
26006207
241837782
442356657
3311698770
398215486
150486509
328915500
3114862274
1724931967
1055046361056452608
3895194194
590391639
123155818
64631489
277652388
932559457
40797399
313040115
1047178395593793536
343014134
961853244807921665
529556635
361562389
838120919457411073
15574856
407624823
42098710
192088160
260925322
109607484
1042419399406178309
114986808
753926567223451648
2275129964
2797675802
18674590
22997744
1051981428299157504
84305917
114845271
554953827
929677358927409153
1058825586863333376
1001674657530105859
941579816544948224
56395761
488481573
21849619
98254950
214390406
163603924
809691787472277504
1176816625
2192444815
409006257
291510854
36905338
766262987644624896
4040041174
837649135192932353
1036028381048053766
327799865
44317045
58174056
221387863
1628056758
2440032416
440117789
14093841
58078935
1045329050301083650
206750892
1034420271556513792
2597088710
26326409
747819251466108928
6360992
1041442639894274048
138990097
50382766
147812637
1053662480138932227
980869074031820801
217129165
783009459626881028
926261
1050472990654296068
1041375815383085061
1471247779
472558548
1073572436
1057256311044358144
1514295036
52295385
522664246
256240215
104635740
1054600729070002176
59391733
1109266062
376736063
66319814
348218782
2570806063
184493871
1056050999037546496
1055696502348107777
72568041
378821668
45982920
994504544338886656
593333291
587399475
877027513654026245
48811461
136192335
1316415289
4874982407
12884262
3428982742
1012699933386764290
935639839
1283764118
3788212333
892871060344799232
827697667518164992
701144094417022976
275789773
19114944
17500497
959903018
62255415
836652385351106560
15366608
2354741172
2904711500
113974441
2751163422
1859683130
1031295672933216256
231192377
965558887
404304563
937820329
14362922
312392862
410822328
14707845
859835268978941958
4494813799
61446665
70060846
1583286870
187762522
96210577
146385229
214191797
253172508
50026271
841878375585222656
4716788576
82773
48093492
554708884
984810322560274432
156752258
2210883103
299368037
368050017
25567789
58724142
154273171
918039388139016193
768927984396832769
1160551358
1298568930
1053145015835389952
155984540
141828697
33987566
19849412
713813564415418369
941047354920198144
15107147
755012193280790528
772415664
2403667645
523875557
180130218
853668180
1312469269
16611962
1344042937
138152969
198751932
783640623702216704
2176851520
1394997722
38202767
14440252
84318991
876624121156775936
1148279527
3397270873
82661600
6660332
764282813906558976
899227638
1634936366
376956373
22748406
997838395220078592
1053777196391849989
4163643313
25125547
164147440
22375577
20778703
381455717
46883930
1115370384
741694633076346880
1057386367779528704
346149434
32783102
21545756
715524471315120129
245991400
758987852545875968
1055603013799305216
154082961
2844732944
1192637191
30992877
900109646362529793
2819349707
1030021137244274688
404512361
4035393373
3196220323
495123877
797384748041531392
470759175
3667930701
59084337
212710956
15008554
2658461360
398620717
2838826197
949626908
206784401
264142852
1021600203290210304
35629693
821752322346905600
47543561
501073025
901277036882296833
11581502
16185590
150172692
445499226
1056030350663733249
226393459
1019636222849937410
571360760
2857463065
861277034064072705
1053964732464578560
2278839427
770701040865931264
1019247655430639618
33328145
350657735
2373027864
243472159
863056889583726592
908724497502527489
200486867
1090986223
3158539489
28355566
2736208129
1385370733
128624031
633093596
20731344
46147015
330064398
102496183
1054756795476889600
20635779
2613760806
896723360402591746
968806583957323777
4798327895
1055050648247549952
19655139
93461700
214507950
164241565
890081798520283136
120604575
562184037
8303362
236341836
3049510122
29237379
885208012268474368
997700089333219328
800085538954878976
56630147
33878328
2430296124
225366696
1055093457126129664
841287088263815168
23771507
39776737
1025661992294600704
1033427331044569094
730644084
18173150
1054459649875939328
1315768140
349581778
122492538
958284630515306497
1049307746691047425
746876997939269632
17356547
292869441
4892968217
2597862510
729502741882544129
2344362685
1052844566313877506
863367757
4873917880
966584506080690176
1050922155620200449
923141068631179264
894829641382408192
3434141775
1054251288211406848
882164895327952896
873532523132764162
1000325683133009921
986163510903222273
132890565
1723629846
1542770486
950739199858163712
179165194
723317260606148610
823971744754974721
500223663
1023048993327079424
342634426
952788741134860288
338326223
83663182
78161857
18206764
765847895480291329
631620661
14556182
933982718618193921
1053685117435154433
906475109489164288
960082375064637440
2360597616
2328552043
946864609524371456
393590208
1050324888815357952
979166048795623425
772826743572930561
861323919227314176
25886101
19557673
3101768599
1053332202778431488
344384611
299235840
342242628
132146116
884769684423364609
3305729828
1031440168761393152
1053068976329293825
194187249
494750357
4180229296
2790698150
55323237
1051519808733245440
301359799
73159999
706099523182010369
157375011
721810853213765632
14887433
1049253358710804480
1003721323611377670
1234091366
1022695186076299264
1045320610132492289
2315323952
854120335
766339745094008833
988579123730694144
864191286475096064
925672136970301440
227294554
2173144393
781281589
904335612
33768766
111517786
25351484
69971406
36303202
12477992
148759374
177153509
473509269
145491637
1001987195857768448
1052015578746114049
139149780
465677305
1227721022
149070235
1012887770845495296
16161805
870664121624166400
34663381
963011589149356032
1610344471
25460039
298619241
840048331
936172777610113024
829841698565939200
84976283
176837183
2169482266
14422227
393491830
2946264781
1051566401062928384
929573862
2274696159
1229455117
2905444470
1554324104
8400962
2751398454
57656924
800856354
3283271654
2198319455
246510521
144112977
15373404
76997791
391300560
369644946
919506709
117293062
235389005
211807608
133408547
1049595505129467904
1039682385783214080
874730240978890752
38147451
9902092
1038266887090520064
1591882586
1006754380593295361
846937712
1319062795
1025710818904743937
19274281
80393518
601707760
794590280750080000
912315882134577155
299188178
809761142427918336
877092694153023489
102275326
48981973
947579828521328640
2413055504
2385108877
782090272855486465
132968977
1050748577155375105
3060079173
870373272533291008
894757382881816580
1007469666632118272
19963832
2849019426
94136725
57948899
992916045902983168
222044750
78226167
888620228
420795736
1037148099007799296
1049479792922374144
139538607
979607058457735169
2717480240
14264386
1964608765
1001934851895775235
348604848
1009551252030722050
758275454469939200
236779219
25816367
1050264510009769987
840306007
904831177755938816
59389640
28132999
831928595899629569
989822364
869040638896914432
18879537
22413145
715934488920989696
790889015050432512
729221176187224064
726366569803177985
809914338647621632
983894958754054144
569205270
1047415946485198848
967842255921909760
1612195435
1851846306
3982782495
524528846
870301360432062464
839955094791651328
807314912842317824
824915104621735936
759015846215692288
800386399706836992
198506338
1030270795631800320
744322626311487488
885410821681041408
746193958028533760
2854452558
167782920
903846973484052480
738750772603670528
33178403
1968499446
905621430288519168
901673072419155968
632745429
995746971615805445
171942218
984417712310022144
875686043495710720
866908920819761152
1952255112
97202763
1049514387235528707
859952690
837818930429243393
3740951432
975729585164701701
56993566
155418719
968157349
887113645934510080
457864847
30284373
917269551632519169
65134762
2252344169
176861405
728016487
1043467657989615617
194891453
892702308051542019
1040405817130926080
4784773882
824269713308078080
421234673
1015682397214511104
21989024
964894546235723776
1030086985023512576
371194501
116257349
1082568888
1048888248750231552
1048874076914081792
74209457
824070452779753472
988974684308848640
142040148
444433409
753830347817615360
2176502187
1036385267240919041
49254829
25296276
102496469
2786413592
501029272
1032996260318511105
16486030
139426408
983032610950705152
799614475598843905
1008261285190909956
2480264351
879148200908783618
967419802825437189
1044131161214251008
794631466315644929
181383142
269652901
486886579
149095901
951900327124586496
979137875097849858
854958718093410304
702356664
1007549460342161408
905126860174098432
973863979285069824
136381818
480650271
777487308
4836417933
851303886274969600
416395459
172342798
608503770
61769188
808369393281314816
397084820
328324674
15545960
122010326
817367089396609024
841704943362953216
328619720
920748350550441984
870464251906760704
269826361
1658943242
1031615404433649664
25192907
181907748
3254320086
746238322238853120
110594655
1006736359
232348516
568236180
1037490456052092935
2545372441
101092864
217436492
65578534
114775442
437216974
853877108
46611288
916908782797688832
701328360547467264
224731425
1249315346
70679241
1851309300
274829472
875445836
199402589
1695505159
106623677
986296840478953472
51475899
3021057186
453297469
114657467
726229139301142528
961447793117216768
7779372
1282204832
877617522
72929123
1036792679303192576
1063331
3146272803
2957514779
1040123732642095106
2331157892
1040114112536043522
409030620
3025080064
965434229428555776
766469594777255937
2172609511
1400567676
223988817
28905664
3502969698
29283605
2324827429
821131729
376562931
26219019
970475332296851456
1329771661
4451999308
930895029001957376
2448357446
106646836
3248542651
162840488
889837579842932736
255514623
960972617527320576
2359813996
845264152419479552
406609538
308326817
1045623814019780609
1648459220
3966440120
980268380757217280
1007316040152502273
1043884245490552834
314158469
217424282
343243699
24608543
507942660
303768555
158779733
90101559
615945617
787844121436180481
63490902
16325185
971794524874850304
2221537356
586149558
767124584
47015195
10735392
991701063953625088
611506898
169429417
895313221124591617
210898406
834220214283751424
817550125
107835396
840009660404916224
35817623
2603479604
1037273158791774208
18949960
2982549044
118931859
846343958
109925897
731871665458663426
335805564
363771525
1645508288
1641744822
1042852306000068609
765195222875721728
914176068671692801
65776859
439976780
132458932
818626449573703680
297363744
56409433
459103854
3684502128
842264713056534530
950330601340456960
2743528862
3607021
62453637
235745192
1672309262
153424779
14488134
1008788058274029569
921948362227695616
126636470
2952241362
2225064186
746977124339195904
1047270522508042240
491326204
233418357
72424737
95214513
1015940113488965632
477294371
207830271
271076380
590675669
2985302586
216234780
914418150669656065
439968056
182357182
90990384
991848312868294657
755756762
756534410317598721
842468473275998208
1010122969538891778
788165990873870337
1866271298
995303309463379968
809740740507025408
968935616191836160
884865067564638208
858342690517377025
94022187
995985415738769408
118686710
307776367
2251903052
993203270641270784
285970854
26640083
272299119
57572757
1001290364681048064
905115833159917569
2344730036
349576659
2501425589
324175511
1962641456
103632149
192817054
3279010700
111308289
307247357
14230205
1018848022648754177
194542903
225757802
235630822
50407194
8708322
297109114
1211432904
729865840305176577
932552889377148929
956291767464284160
322001046
596583054
181957762
912567073053782018
1047008951546650625
1044110283759898624
4356002540
725842059844677633
146531119
1046657033468923904
2421568153
157869932
947779866690228225
409588399
367859571
1001080332202921984
29207736
926126887633432576
177405582
32688412
969298087
271683329
780367639231205376
113531774
950001849691553792
2882951925
220348864
235488974
482480365
47327823
374177507
127173651
102977719
189796512
827494141554630656
267521485
95602419
170852160
960568899749236736
2762475384
214257911
858281586692730880
1033496467888062465
1030196488377454592
2933846637
2250581
2381930264
86969778
551536585
571821906
1726630604
410722702
795068106456580101
2709825242
2365829412
887257803555000320
20126154
260868943
96224012
3075031236
392121081
452246467
25062330
3961
24041281
747922223504166912
2583936187
623290965
524802047
178606549
19332991
94192709
4206015973
970616342221963265
2876691003
88150000
299255872
23142207
385843376
968437273
129613284
216884664
232312335
2236505642
2234501749
283974809
771181654354202625
267094713
917770782
4466520797
761856271179841536
170240861
39913
109992266
126652606
1004321262049603585
2979525290
863544772648030208
408485848
125307489
992934407332757505
231887440
962011382911680512
251522475
1324729225
95592950
140315858
18475997
3021441180
247918432
142192183
130187929
1042052514391240707
1065669271
743670764461662208
710026256163672064
100261721
1046639664252293120
52247765
2289368958
1012361295717335041
833688386032410624
790926354250362880
480390356
2185006676
2832141521
906688215939239937
28020505
3303316379
844304255880089600
868480005889773569
45535022
791567554821103617
2827839553
998354987750223872
868382317613641729
137257708
284275058
180966901
762261519178539008
4287307392
496961527
940826190801141761
3370758794
1045765886525755393
223740805
968760893193453570
3166125460
15357030
718494223926968320
174108182
15586275
183474726
1572255709
1936168028
4657557867
28189797
971124880996552705
101948575
295738384
774406274872123392
634983486
108125888
13842042
470999374
381238580
1009546383039160320
838980341524221954
2534684847
130335745
704075802
12939212
860995771101044736
525742856
3666940883
934129825878593537
777759548
9486202
1042051093822365696
1325349350
18555995
9132742
428715044
537205223
134440973
147512756
20889472
2321856498
53456276
944318647
48920214
808783063459037184
56243422
4857561
2515623837
2825284865
17590196
18108766
14766675
1189794654
19142695
1043915869041172481
940244867959218176
5970952
995314785079132161
927132941989244928
622322764
33242508
17722542
221689128
151310416
585032293
15107702
952334533797531648
80341071
17573719
118199701
1046451846636818438
1019706229910900736
880734614402195456
1022607958151184385
34440428
15813424
838804568423092224
17225331
939456505706962944
1009039472049119233
615018864
157886053
21046851
15662185
738876913
186835928
1005729932369014784
493548358
556829467
230058785
12816832
185932969
187066549
133343155
859136244
165100484
1751981
531366591
67006593
22121247
1397154373
219501171
22404262
606355312
1700306958
100677576
49363978
46688502
967279358585946114
455205580
127017569
4696094168
45891880
95486045
239042215
833845544732733440
2788682735
476261026
2893403234
238503090
3133290830
15976609
3028412637
20436402
1065076610
29164417
181476931
505656301
1859483635
757236540527390720
4434906253
955487032360554498
378963054
333803569
621127015
708856711327719424
91816822
925105816109187073
2338920907
1905298363
169842980
226119618
238077319
2166709176
1880082031
460199361
67196941
607507315
3498275533
3791598673
1840543669
4203254548
88381866
736872797834731520
1906736821
483755259
355360703
1474753260
987899956936622080
820266535
70416849
1045856044516179968
993722975659569153
565157666
31162267
1022543831147929600
3025016603
270582475
600767763
93941844
3351790911
733095229
804066866549301248
1036344843876921344
2143601
17219455
909747256621801472
548416016
34866365
1007546216073158656
316025721
4441084715
28298875
81891861
79365566
55171476
591761438
1181362507
904743403111383040
196347183
153504694
3698466021
228347361
801286017227497472
957530219883020289
1011446959
3344014077
928049071205572608
168085569
801343245766815744
14242102
844718560148631558
592014475
952495767494602753
92426618
18383928
1044703843798446085
370239735
2359790612
20659514
2339226811
917044263866847232
28428098
88982938
22448134
1089704442
920051985939775488
2490371765
310991226
1025461740362858496
1168153836
727165933194764288
150548778
1018048690467065856
321714054
3299762951
281886192
242195840
905451243648241664
1044286930408607744
833514977482911745
491456876
928282207222943744
2359219423
584051101
239199536
761240156028403712
532554548
1041672717068525569
1152880639
18947701
229502110
2873168039
902626496203907079
952128093229125632
91305176
1036050275658878976
761389339041337344
210113018
780418528633651200
3071988970
1362847404
1523546527
18490435
907750913456164864
926260502162010113
1064864677
879957893897797633
864381056610435072
33420500
897911595916906496
763777105675124736
1030474040992051204
21064539
2935056262
982292682641936385
1042830906392805376
167066661
33176576
482705564
907493745498583040
1253273857
4636640903
114273855
2970167981
1017166179650195457
878196956891406336
955309951014047744
36912323
3240778707
1042150588459507712
113927439
1143253158
123829362
8129362
796190447492173826
3123697858
1024560055444799488
91313057
907793302132473856
104417390
2730251361
1585578128
21148847
62106401
987954519999827968
817736677565272064
457347612
18360037
394317502
1263308732
2777976857
868457418539372544
746557554
992732966475350016
96726219
1039871224858509312
638423
538541434
871000429286576129
709393416610848768
2920374224
41254877
198100783
935009034825908224
865936246161506305
2738333208
1040861330465583104
326677361
985598282486267904
838616068562251777
1025075515407917056
24589653
2734451891
58136494
116466952
17669148
952465825012768768
478167520
1061038518
52305669
2413140282
818456326552502272
73930266
924922330039619584
235157641
370078591
1016520981001666560
853168478
50174519
7066682
2277280346
2602888201
2830288297
888333260320899073
984518310061576192
115651342
880480447
17149009
976005392
2680026422
310116160
2462508854
986106360
576674306
64231857
99685240
333212037
214430465
68432155
922585553987624960
880106121066762240
36275880
410399551
822536341435142145
287299700
2493177469
334248202
1030290072640212992
965927920605843456
216443210
2388716072
820879717
255194845
16631360
323867692
16592139
1873837356
158988809
2516814880
1003334052949131264
2187471208
816996994434662400
588271349
1034093660001001472
2340683586
87253830
747897487931760640
2335728060
2340653790
1039586959746912256
29822214
2734472137
1009091485847912451
300414425
782240410152337408
4826470674
947431791350206464
201807679
857082181
3192781271
765808783
1850096695
458688173
133283334
1009873573450829825
198512618
35459052
872756281148407808
450440957
109914596
809713025846493185
242174469
384745200
1033613926276235264
216839847
295816789
173057152
562331995
3290083615
17429551
4358774233
1007250018380763136
768498294385352706
3378612220
3357133799
189906591
70995578
2352973566
823867519542902785
3226140398
280552890
1002602701925076992
1038724741136363522
83032945
2450432070
1038515144882573312
1027609890683060224
116134420
90147942
16488563
271585858
966544003620630528
861299120216190976
325166752
301967746
80627138
256945522
519177845
2230629054
182215336
4739305404
439091018
469646863
1858918284
188344860
2457253470
2594263532
56128409
714136951075512320
202604123
187563644
1695942319
333025592
360792694
951801801585590272
1044984025
3197887469
3397283055
1034823380397174784
18309740
1079672492
804576348
1012395838742679553
1037672089493233665
18135540
248090088
3236932255
22827121
1037183556072685570
185401942
176754999
33961977
987500331268493312
58584762
1030768426938232832
822656461834780673
712986953873027072
746075594811645952
194356462
46879101
1000408102842392583
715815657640747008
793707507835363328
1970707824
15330061
258022780
1012442029731827713
484727470
20046388
769422332087635968
3592871597
885029390
125026113
367897072
125587650
1036712451511910400
20001735
15823935
822318934183407623
61780424
453982957
925499298854330368
725941224725614592
1271096810
41176985
1875513468
1048325077
99664937
207173941
909999857435336704
206032768
134167000
1036403622588833792
1000353667252473856
43275324
587082690
149176885
4812278603
997085611759726592
4287282254
51161856
295889297
1027553947832266752
32526822
2830349344
747754308829995008
2737611
101391203
859878356929662978
1278560124
313221766
1113545174
275535644
942701753367257088
2269612699
995055374310039552
2574767873
971062867507036162
2750450555
26974344
4267695113
2932289471
2858830358
928742977811439616
1031593709698203651
15211533
15330518
295133288
997993226526248960
104895308
2233468250
2887177911
616983360
419951447
3432136846
888946364549394432
1029327228
787199009790255104
185716131
3298417230
975615212832243712
182508115
3279394999
30762504
47385749
100489067
794249901286850560
4770328680
246871301
2841113815
29365501
955558664554893312
915474798507167744
1536102198
457805886
557014525
1314788977
585868592
773550319053701120
1027825108629577729
571741618
1034469137907572736
956664308645187584
391907959
964544250196176897
814818919894630400
1713079837
1030392422457659392
1013736425735512065
845281980
187498474
45545999
186031440
2468772416
139494010
842542386857234433
276500342
578081406
19345116
107995939
1680064837
32427130
791331939475001344
1027194215569219584
1573006584
32365676
252744486
103738458
992295235261644800
193309764
233248312
3006691777
1032020627799068673
2714135058
2528751711
1025314074106552321
182473158
76020676
2707429076
782628292528484352
29798737
47649933
808617678
823342139786588160
3001249578
25454298
42103712
265586909
16308202
1027654877168775170
613389534
737903544582479873
941148760754806784
13420332
960270586839748608
1147434661
310871673
507618808
961917827702763521
171323536
4871541412
123425656
21438848
182829706
1051639369
363930934
700406836252581888
594100940
235533422
1026321259271872512
50427950
893568719951200262
193965367
250534807
1001621566390722560
86302720
313037820
993015841548570624
7750802
1029242357554786304
1032256068812984322
2779194252
3190486919
955721617
917376183947485184
812927916
13604142
1284758430
1633815000
838659930139856896
156229901
4115867364
245154875
43651162
768596006917156865
1951494468
176303227
869758434
84951909
2797910187
1027328928124469249
358796059
1554292068
864032039648899072
901968854741651457
3855357614
369526391
30036486
118988930
3295050492
2247438847
1024325351533699074
1543120604
620164464
1029026271769108481
1243148846
3226976936
1029447281777487872
1000276363004162049
714307942288396288
370030968
207084265
14419003
357488311
25278571
1123862412
16745229
210044349
1031651223034912768
3930783381
784597162097307648
132463415
992652055255826433
58300226
14904239
1835434136
1019596166470733824
224465472
429699556
1031531215290032128
3754781657
886666721989414913
1009455235029352448
2901889376
1031491368835842048
61457019
615208226
941694841364402176
134420982
979734746560417794
2855221033
1025118845034553344
3150179586
492496769
1014634344512618496
914137220289847296
1022900531029655552
384610904
933801948997808128
888011901195694082
978903555716407296
229824228
2783345169
3018747856
749222370561392640
307459602
27357000
27505400
731357093358411776
21244524
91628690
2804647527
1665741482
2790307966
343373105
536125893
2940664701
1030354529697636353
2294979818
71590658
837962124810936320
2913488805
884440645
279486146
129260631
3231798968
345417971
972864371771633665
1382907001
32321322
901065051465023489
230410456
141176790
144212432
992157666020540416
12304742
2898417912
2731427508
1030876271776026629
1000543097208672257
25273770
1964432436
1004748652680794112
20905541
978530016756621313
2602726061
460172530
111139114
176471187
245092573
799735761776078848
870365369441153024
3223979517
579167569
82691311
161173656
1014186810187141122
1493155010
20750549
920620782
1028864879199891457
752196140192280576
763451173957406720
1427082060
198646356
15896535
127757414
345199405
13862042
1012445933265608705
45918777
68939797
22027502
991965706668445696
905288496566472704
25276025
985125493392502785
2645477676
1459135333
791587024331378688
471958838
434366392
742490888719503362
1006064320554258432
279113631
1100169746
396161371
2150942213
1391212069
1119778615
13314382
616279187
41768327
1492974494
828693867348316160
1029781810992046080
633321136
22547888
4530390492
1029667608117817344
26241017
885086984619925504
1028878953425948672
19769253
861455760114450433
1259940738
268009495
874739464190529536
233377182
2574979268
708288138867683329
1029330628079230977
2899018690
69589717
978908302506573824
20154793
21913032
871612629206286336
1000858339801223169
542102409
786761474890878976
1025326444317208576
819238190162837508
532347828
432851408
3258160195
283988327
228803862
2282542338
1028612239131987968
2801427203
2289840352
1023850192288632832
1027778010689269760
133566838
1001003352736518144
937926309035962368
44417714
976014045659717633
743352871
3706785321
13580272
2951006578
724237446997749760
810621013666988032
548458645
313497615
538142107
4854615279
385864212
2908965090
874817554987925504
796047490537713664
2342939376
759583891
15465727
246285271
2178339324
221370308
394881322
969105133190643712
817752929465729024
989924943339995136
717753754452369408
115906739
981957906
4420343195
69886850
3297747412
2377003496
2861507648
835932543769698305
911506135282094081
957327444905689088
2512735356
533159147
282715729
1028035643128070145
67463542
1931959022
160280975
290356297
1021465674319900673
985670072197791744
782894343455580164
132849447
920463439
565243618
5972162
3088972585
226121468
44009154
839572856782540800
53147055
213614242
1209109946
924370461902872576
350934549
1015622150202580992
2467972278
16048097
95150598
467128283
2455271725
720580345
862982552113610752
919234745262735365
3259929517
191407989
914231557887545346
1457764976
61523378
971057680377933824
1457559948
266789677
1628476164
862503647644573699
449098732
21672146
14624819
155261795
3115032066
870120889
240560030
55657306
984085483285184513
962637677228122112
907885440467968001
993846143279771648
228268337
719311333
1020274199338741761
601908199
1026713327320399872
131239280
889323926181953536
428543237
1957390154
821680528936108033
1026525103461285888
254737184
2795225446
74882318
893752294835146752
194340544
54816286
22874578
356619574
2905131690
930948176630214656
991830600037388290
2955796573
42313263
3844782292
256920066
1026202034373124096
965852045285773317
511223174
795061279
411678204
159133432
153932186
526672585
391828949
2698518440
2293367049
854713884
1671779876
330781822
19156345
984060177765818369
50170084
1018891870917754880
796427815
16709870
752115798802591744
916707155809652736
316448759
1025805533880770561
1978755222
863247644
1727701
703545525191233536
774537978999873536
869553003166150656
53945991
71555146
965014934
19606509
1025438674463408128
717479159866351618
741413495380447232
779002128635465728
788776022565122048
3172807315
220590085
989908572065681408
54471871
1615871220
617342055
472072531
4106493934
2613972518
1645932241
44781189
79969089
329807438
2835456049
8880632
864353523680428032
834092566102605826
1010794477911461890
943691741013729281
296352172
337251025
406207436
1025003421571731456
75675948
34324409
3035102116
315296217
2669021919
2547860264
4807209381
3344426297
4900991000
637256263
87221925
161390992
826146739614801921
96315807
95093541
903292389590228992
9268442
187176695
239543629
326036249
1019209644063911937
390498402
31362600
995355479013408769
1711142408
979942140
181980746
185088890
979411315088338944
2852048114
989467070038446081
262789962
1003591114132054016
633575980
108813540
34533660
173222734
2794894542
1016652007518564352
419486580
1862541782
1019593188280061952
1191682506
894940859631890432
94978392
951262222155681799
3043729408
21611007
197407685
1003503058503000064
3752168853
716287982475423744
2560515269
233613360
18591132
32546563
2595140052
37154296
288109185
1853430740
134247006
796447916835672064
55616354
187733681
1024010487065923584
37581716
973475449
402008149
34635159
1170327078
786633882
241744263
725633063896662016
978629684454817793
85391633
43128088
150285577
583144044
247259712
780236914100047873
1007749205455265792
103068163
626801956
225728010
401652043
1345953536
192690121
134613598
345377766
343355711
324528123
202960680
2330987955
160075290
3418368693
18781933
2324689580
18130804
2898315520
86374737
1619924514
157579415
2749197340
67475388
17500438
735732042
2924866546
188950920
1336115941
2503731338
43949352
43883401
719116151398211584
1019585846956175360
1023921097488715776
2402734403
566173242
736210485138362368
876506409030090754
468230867
421413357
1022295818165006338
3041498596
63801144
21368582
1008719401955352576
731071017674772480
4039167373
1281662436
1650348756
3027720169
2754408375
104131359
747957210253139968
371306739
2154225259
2842562368
15028998
51914564
15166766
897665829986291712
96429687
1929290700
987227246439030784
611443821
861298853152247809
145544506
41701320
764833502583939072
3173164252
1314986852
297851254
28129916
822979998327808001
215792945
954730632550039552
764057607724265472
763863921442877440
813769446682742784
105198499
1064074860
510497895
53094180
76639628
912756865062309888
308330355
3020265388
2889599577
1450136167
1486482038
231469174
945836813431611394
15326903
2899110396
836484117952880640
11338962
287748237
1733576270
630637041
732688790804799488
863486942704304128
957470452502482944
323179784
487961723
630909797
429508172
121565668
741579738658013184
1014098074866601984
506697740
2186309310
700597800644399105
40703894
1621199244
185916941
1586407891
1014323694158696448
277904699
980501603806408704
3347212533
319727525
781252354083401729
1130824878
2576871602
778014176681746432
780394914
1517308860
1226172072
2527818691
1432768304
331358944
104132105
919232320250499074
163064116
938279501045338112
96140867
1275442644
443448470
906229055497830402
802866407528599552
1384092848
2575846891
882246717860655104
86750935
945337439932911616
2695400688
398584851
19299949
710997088327172096
149406448
275606464
1023424687731134464
116704750
2598437233
16015693
1633907744
2882893927
1018569707589439494
600430894
970273597402042368
993096567849709568
180887297
1338772326
769047351361150976
1023060972200579072
333205131
4501916373
930829227670343681
22735499
1021597340560326657
857066358244343812
1011956749740527616
78924210
898844893417803776
2448706983
4580164032
4733305094
476372181
83051226
24889102
3001622088
305755978
19934434
1018486622625689600
735377244
1000619340260167680
1011608965
701358084963364864
2393496331
785481562418741248
322512313
882868276384104448
253603663
22796911
1941305370
4331400082
2800282857
3240397234
591440219
411683006
1114686157
1008532459812741120
938011460814458880
395968130
167371637
3921024587
347225746
18778251
826568877194825728
27436694
727490281906405376
29394005
4841394560
42142914
637029851
991351117517852672
3708402373
4603188495
867839936904347649
182447145
370219992
213970128
76316228
35922524
25009757
3171593501
770632580152512512
311918542
2249020374
174183860
991827467563233280
1009343016643883008
297967500
291092118
2202355670
2300387130
186595661
118381279
859364990
774273840042041344
939685303987703808
1020063202699333633
309576373
270209360
113374400
1055255910
14072464
971440966086389763
1021404861966020615
1019268898934288385
103084530
1020375896
875484312862380034
1013694676774412288
1252544450
786459984640913408
45578093
858711362733838338
98875212
2330321278
165250754
865568639449268224
746825711374065668
114031812
17306162
970086980
1697305741
788545098
218627907
917019844322533376
1019688685355270144
757473548369657856
472040510
575833291
835286929
4444357214
112791608
712687423373897730
563748925
3377253207
529707532
798132897362378753
753655627751170048
122529840
37296672
2447139492
2189597630
94734821
2477489938
315825976
954015596102012929
733478275637370880
79869165
760120148
481849942
784905542695133185
495171802
482861019
54716100
992584324506513414
14317475
3134625429
710042269
1018641191322075136
476609562
4462450883
976527842
41975837
892126829879873536
1018961411177943040
2375282936
2656022453
1001432022181556225
3228883170
2948847843
271459406
980180634789384198
40070648
341515884
2573188109
95932450
70133022
226448175
57259864
1260984990
700668607
299514902
1030060304
952887001874870272
3218974590
382590540
555760303
988004347249180672
2147763188
897076001288720384
217882896
392772131
1014171925776658433
4143840633
454707107
15187774
880081058036928512
748855619956998144
67454165
1017150568823951360
1013847196360478720
1047897084
24752496
1013510717926825984
44841757
13162522
15019180
3258421202
2990887349
3134739582
294938380
890974091439505408
2999838594
19690787
29070087
348993792
861189240
848371450474094592
219983148
966322263778672642
23418749
3888893541
251538765
909507113608769536
994312769385259008
90466601
968119134348300288
1010745596964167680
716938926112419840
206897040
854240275807469569
591271078
1410813188
767112106235817984
1013437197004038144
54148262
104785628
1304285178
1715461304
746967716393783296
1351117410
142794076
256044204
931015122675310592
29217093
4703403972
373103
813749467
85828072
1019456336017350656
63874060
3921628635
1893421849
148775499
727570318152372224
955048768164057088
80808290
351945287
1546761674
329198105
1865202288
325430701
552004795
249246472
218020872
429552403
89431901
2927508313
426630066
249456207
183028097
21951583
1015894916818497536
59099171
1610269615
430744778
1290173317
36321070
322027605
1677287780
136917270
63474597
41098068
2886753081
14912048
107639871
2688468307
607058440
826474476586008577
979900958745522177
34513122
1326826190
21254924
936860280016977920
957256655611232257
145737752
1018252013904236548
1618421622
1008875075838382080
975138367246610432
4896479889
188160179
903263867647787008
711121549
3658649842
1018249871684505600
48877107
781309432819048448
39069816
722727811702726656
885202351967145985
897686944313999360
14431484
17800368
546110457
994708645266018304
1018115776220459008
2394059041
1008556195
1004715571601014784
113780039
3444491
470288851
270874909
1016679970041729025
7893322
763267415379632128
284726338
793971649
988338926359334912
20104867
1016003379309547520
4922582807
1348674980
780784868904931328
383178158
4215435798
16510519
30970597
36258983
67067254
519239424
1897927974
1879630322
276504881
1014525863788974081
860050423
155606857
2375186516
74151773
889014151561052160
34392836
999299839941926913
1379021743
1011710766360100866
145323272
17627310
20345578
262716925
885695574690979842
4795445555
985316006103924736
1928681942
1016212822919995392
137639067
395032056
264062356
936745762334978048
832645249176473600
11052592
190070853
2635640826
18394633
1009507372681883650
962075329769627649
1015969020816683009
2995388023
47853710
979183159534342145
954438904383442944
1618342254
258903667
2157321321
1015534384861077505
362388667
136245309
100571588
2250737747
535035084
115303796
784091486509993984
1015855249461006336
1010780009986867201
969131151813099522
4277124634
14164327
3440841
29211295
200361644
1014050824073437184
872282441007943680
2994269609
4354098255
879794394823393280
1010525761978105856
48813602
27464166
26164561
2161285326
1010709937377501184
501128433
899923679626371072
20241493
3164958747
39306174
4857175948
3862258407
1014805636335394816
981125569055215616
60800141
707887804781613056
203360644
773988820039639040
936246306724564992
2643524918
882701730730962945
915549864
2270697733
958425442725240832
509091511
279920023
1024429106
2151485544
19365015
110696498
3083612387
1014389093122260992
939925787276390400
290248911
1011704681750581248
159458235
48313702
951595480869318656
999900367126118400
754809140954865664
987023956153643008
139001013
463861175
768050503066476544
546661594
60679103
2380887876
779171157228425217
2986455435
104920056
1012764683617566720
2777035645
735809823955161090
36643974
40340716
136644618
2394709081
883325323491901441
23780640
951563375116476416
14482717
14885801
2331264452
841770006
723147643426213889
444684866
563549787
726091017020149762
276342472
833841811181297664
293089676
984652130
917507772077400064
2365928485
134434122
29845106
258036575
810513
726445923270692866
160656456
194476708
873430803199528960
967716017970536448
765567517733584896
3438402723
21681107
502404373
2246081
3387339561
330737367
730517342
1003399333155229696
958282338026209280
11267672
1547524478
4021317347
574666372
25657317
859357874056822784
21769970
3180508411
27326436
2650256491
79275814
2610329652
2222460458
941356799508312064
958186638827499520
53825201
3826784897
829377855415009280
863345698003197953
1000298519826259968
954555919127293952
2741483196
574942927
110655017
1010157468729540609
996788403826974721
3224030528
336650422
968916106227343365
272472387
16910841
701121902870294528
809492876153470976
323138766
168664558
2228075822
1013242104301043712
1007484649189199872
975182654
1852246220
932263052203851777
25486077
958473239944204288
39815914
1956279312
1007665656949608448
758455092
2346239448
3045513684
32775202
47990904
901992445222813696
3195474605
22499836
39323937
36459905
14509179
897356302313062400
316497463
887608036021424128
388164973
2742200184
2715404835
595545798
841301924406284290
950142470997737472
4441027762
999899302590791680
976283346954342403
4717035395
19966431
913156142582370305
6150242
269769081
111564784
3315270066
823478917369626626
905985225238487042
547940588
988768928
891062340875161603
149090115
2239029638
281360125
124988690
102334998
2571015942
1011644840440881152
17996917
34830928
708715405364301824
821591640334811136
2668727650
825042576176721920
2261951465
2742073644
15363277
975708935494742016
987583917388587010
396448872
969438348338126848
1425107683
3608760989
609215158
31085079
933353508107161600
1694332273
132428092
811382641349931008
998179532220850177
758913074971545600
531205305
964344634682982400
102516686
975444754132537345
1231541892
35255990
140304470
798136272724201472
856755961247277056
466912793
2206148580
1012049981816139777
259453542
2848753787
2824906574
954761181042012163
3313415320
199463468
2842092304
29741305
292687176
980705633560354816
23498691
2767462788
459164486
25584009
125962377
25131056
2868289951
918952879792128000
795403662382219264
855080467611176960
4904502700
3962265616
17806643
985025194371694592
999543859398037504
346712890
2181903043
15175287
414130250
84521532
2299562017
1094037337
245461629
17260432
93026752
1357830607
602119294
19357082
14064690
3527349861
14522276
269494111
815932614179770373
2358090697
29561053
3042318311
966327822821347329
3263350154
2739024440
867533713327792128
17573412
909019474652798981
834140591185330177
2917469818
41620484
942472092833992705
615637756
76083520
986187018265743360
89994988
822215871972208642
967715429371310081
925777416332685312
274847386
18535888
1508159748
478050993
79579285
40286926
236719509
963046352157626368
2944500178
21480266
28497580
762500044134109189
1370632561
836510570
875045184
4238271
778296833172971520
2853324261
1436776279
423003840
875817926783148032
1011245092781395968
81742142
755044550847131648
3494799974
1001543133920944128
297910704
3438017319
62952341
34643830
1007185479366656000
2370099786
271207014
15937876
2557240159
493809954
18737360
363000074
489323016
2868903235
930049566107369473
961040792654458880
2417928080
993728385812545536
991247647414603777
978340348542926848
2899568316
46052725
791120531659468800
19111367
877375433079046144
969008246026588160
167640585
7134842
19057354
44932816
2408492567
52703388
4054621529
9507682
413999784
1418600322
20974554
335247159
1875996374
303703164
1004372655967883265
27434873
39243397
2375231048
44228135
936206558161195009
16842463
85147754
36668307
22112682
906458856976400384
2657606548
911151404
378031649
121806244
715900369604186113
3243572460
227030540
169071274
606468379
1010557913675399168
4882606491
887260645279711232
35179219
963709767503044608
1565282828
17894411
782579674182483968
625485977
922081454913392641
758651677683638272
28948812
12179362
16047963
746640806388240384
2943977465
143463992
24120392
175607214
584550917
505322398
949966578698936321
50186188
1312521476
113601579
790233365811048450
17336002
16157127
997598969315315713
546955382
968035081401991169
865324547368771587
336116161
11884232
1666604540
88672172
3319216337
2184346528
2328637273
2277152287
1006055493918392322
719925704775856128
964864007420235776
2921414134
191618619
67568298
928489124
3363958467
190658967
4046608353
937852872145940481
824909099007488000
938812095403118592
62998891
845584210786205696
3176818969
3138951792
884982692676329473
776724971502444544
893262814466326529
1005824156775088131
591798817
841818542
4244474420
21772588
2336762256
3306227761
159725544
973882991486357505
485400147
2867695910
2864240195
816211309
2368238768
127301865
977909213887434753
160454489
2376756474
1128297510
981227234051715073
41487659
862489925429600256
972976589758590976
76470849
967506931781853184
3225789458
868435216536223748
470496331
986115236771106816
2713324897
839338759330152453
4850104294
184153867
72173234
705871979384082432
159459087
64560773
88942174
854424657058910208
103286585
2810161330
1223589816
709396430583111680
118899233
140334141
455191355
948461445796175872
2906714933
1004463256792993792
3255296814
2973644913
25270662
743038551294517250
872931416274862080
794209279830016000
913332247620616192
1483387656
45836373
916246032077545472
217688261
776916441358540800
1006027064011472900
716081198687207425
2459805799
107463174
1155739664
1001410168943464448
402267215
948601569263734784
4298251995
423491371
911739296
1921417284
1005805147753074688
155765274
20467867
921755537527721985
332813554
514534737
521906881
255215122
210708619
3290204727
3356661352
727640570
14381115
58445352
54433351
3063700346
1010636624
1780701
2260044152
2923109244
73133130
310669342
1008466080443109376
1140871164
3317881991
129186180
136491487
2864880062
1008241919900639234
855837803736903680
841005785828192256
24668544
70311896
876785354
4752066319
266512514
1674082020
708704011
869773398087352321
720765776
2365078322
1938635484
723491211412013056
986248502769541122
919884807282315266
856190084386889728
57970830
271328114
917215814
1006704112354799618
1511644885
398795422
999565665219428352
505869806
850718391937773568
36583
999593650970660864
992320570493583360
4840442437
724332063340544000
887665659144024064
1114233086
2840892502
829748140702064640
89142676
1007418747819261960
992321878042730496
52703903
1162450009
62046611
819990286956986368
1004361151272980480
376323285
969790144118247425
312685250
984240529046196225
955888911032741888
1004519547053850624
120802782
1006236693635190784
1725743300
2749314320
563927074
451897178
1386395114
211890872
968929721969868800
793696952172941312
804445595188477952
742198722
224938138
1005828040109146112
1083200118
906705835945947137
33957296
93727621
196969523
130661043
82967344
357147267
218340402
14215067
85877323
67267424
1352303395
1347997742
577952310
973583482806038528
224719099
2178209839
2353453491
19956426
30008264
2182212195
28749454
2585299729
1420146722
227609839
2372265188
431798442
14905582
476641614
85717514
1961660972
2310019903
278992592
819314229320830977
4474981697
889238488385814529
79865433
994664786972602368
4722728416
965888317693857792
2223502332
14263020
91213853
855884553386373121
55419028
3092549626
26002251
973912139776786433
399443735
1897458475
2687145246
186185060
3143764876
42592900
1220547914
367915986
15686977
39152419
781742647866187776
28186658
366800490
2484276096
32371793
2713457137
296736857
996625639770734592
1022307097
192006340
19240158
717630761998950400
114313640
351892865
2819006787
55394409
322453461
561063224
2242667058
1537661
4640821922
16403618
103457788
142177625
910213461870809090
67483695
40880809
964361836467339265
66980465
39211739
188184288
199037933
175599694
985221736068100096
825361151601025026
992470297986166785
18840163
258551773
827675758982225920
22008622
21536408
53248020
2851082665
742296585476808704
37539650
213754504
809221154414227456
1003693912589045760
7934232
135846739
972471527257100289
3075563453
19941511
2412765385
835691125277147136
27275915
87707175
573046116
28633253
978246450
1544781576
21900866
983138688
15213962
793244205615316993
115216718
4427061088
314826320
807490327
346789936
944769133
1362945990
976849420137398272
284319650
3241528182
479700246
266408840
83655868
182200004
1196114528
841101031
114671449
936747904080887808
64464384
30754863
893372645248352257
1898259433
743636485
966910645361819649
345712700
879299645108871169
322601209
882667061654192130
210046152
4278999275
813402
1798623408
40745239
2957612084
4053729373
743828035
104543892
931483610540118016
824182496
1004111254191894529
295787230
2892886283
2515862425
2657884376
782159745314467840
43849171
843279422828371970
888706394
908328877977735168
2795990775
390418074
732571956676026368
124658446
257196987
27256875
1009235977
16537700
634269870
51473266
23345995
702747110354100224
3504092781
3589753581
220669485
120468168
3000656464
1380253609
53677601
531048331
985687354663825409
897565918548643842
947897078960844807
4166440547
70174515
3253017869
886737241996902400
3073184098
850830735887945728
886160594
38244798
973519942380376066
153845367
988196596767739905
274111200
373971323
975257833548800000
292073927
205774336
469222309
745308775964344324
14591740
882949966120886272
359419930
4921798819
1320770586
337004944
2809981858
199675318
832916004640608257
961077838546853888
1013641369
329228725
4706672654
17800114
79406630
201209526
3063926289
923916954
967490369293238272
52010547
37633690
517358280
717310099614773248
281814051
21450069
45767372
26158966
3218849269
3245699281
43825244
744132978
868586828
293211225
53192618
1409291437
73407575
2985029512
1005584906578284544
956705088
25062882
3223754894
20378189
52509062
871681341619875840
362478902
974576158841982976
525711105
90667102
130880861
137241123
1005404456274546690
4775534423
893447532419796993
4017250284
4013794943
19071869
427676820
2543942347
885298646
2563194261
11462952
39482240
1001170985603616770
1003099934315483136
136772253
987911589897519104
73394235
943194064085696512
51206878
19452078
15117138
2301808591
24922158
418277730
49567274
1937349866
2930496346
27269337
2448855483
15877928
2257238389
3146467790
782326218746130432
987664640850116608
105154146
995942824284770304
806757
76912369
2483990586
834842167164207104
29054433
14213563
2431621646
2957486032
943051072012140544
940157570974732288
360464346
2760492847
306315746
184799389
105782358
1393355336
3379015497
228041199
16795445
105585339
816291046917165057
1003408499794169856
1284374606
998950256292265989
617248046
167687356
127166211
103478670
797014537895628801
783548880
1490385745
803534319566331906
990690894700531712
139877122
845314107297423360
21725169
220986675
406141438
260385898
1898766564
39679804
1002829090347474944
2774684149
870001680921747456
952630182
746219971504545793
2835405176
985630587972128768
2229600163
13981342
37754328
15647321
108688214
986693375842816000
2404456263
989258460788211712
88853506
17050835
43950730
175857785
122614536
76037813
1689191
1348511628
910159640171892736
382152668
41279374
5654932
938868206256525312
113396270
3245154826
256287928
69795128
42579113
2799771869
2887318438
88828485
3313087913
2340579173
998637128526585856
799576670948749312
21957443
812248074290507776
2284208762
40902412
33208694
849248839970295808
14254067
292389187
461292464
781474283541233664
141274255
1114511484
990504653723811840
113603444
211670957
26239570
151852410
540800121
28333146
2382314491
836570481599795206
728550814134861826
442016666
1839686934
3235726028
506436426
995314282303647744
267801131
15844461
988757394481180673
116501073
115919962
189476940
929628469922881537
940711480164519936
736189104279425026
961260517
182512454
255223903
2401378934
327495481
56832269
215355308
2392357626
19251631
470415049
922275209218019328
985534229848182784
4905367520
1256862781
99232178
274128417
265923126
154259591
3311523727
85801554
14219643
2482788925
865358170146746369
2372627432
2306513594
730814927229849602
822373924285521920
1635355214
3917869517
952281142585102337
837223024294309888
933364462769332224
3313347305
785301486292971520
1270224978
964107570
953798301685448705
736318367737339904
147211342
442313809
768502510550155268
121249230
732787392722182144
3184178084
141293475
2583503466
4825101973
376973836
2904700968
2417630238
270088915
2567021
1580638284
211501949
3073446225
49002339
255162147
368922497
889660751379480576
939389701273899008
119312773
67504654
445996563
999067024818139141
2600191099
497870273
24539840
1929569210
971644142
1176775440
289884285
495140655
925850076156760064
1342542518
798925214
4444860995
1079580476
49968670
909511664663515136
57733293
1642455102
836186021205274624
952518143922135042
728274395110629376
761209430515920897
2383887594
28086283
3433626413
93860071
1000339614249472001
731312675213336576
543758893
15080311
3365636475
979870650000080896
318435450
542012920
991070277021982721
315394490
22033623
911516857139466242
2832829397
920638123067035648
851985157233852418
106059182
904021544459833345
2264376737
796033326
234086009
132193945
10398032
24848439
43665645
2787365925
1487307116
825299026316763136
3018078608
535858238
39252546
1705551762
157408251
382032575
15299704
774249518980276224
3410940700
868853571923492864
16829914
959905156358901761
3431409863
345230093
549302623
854810303866912768
371167725
999571768707870720
2986267391
16146107
963101735874113537
3666766037
817448327725936641
990389401233616896
12825292
96463975
19256434
967150842196496385
984430379678363649
3650793623
18146496
12165692
875298248
791473356193173504
949469077117984768
705094601980420096
9546932
2706094418
920516529292267521
865437012
183395349
2797144105
999175848006766592
987184274192265217
720372787664146434
22842121
1006232250
3323027825
485362969
997405804314660865
399917290
902176686
229978575
235831957
834265909
484226928
708348589626372096
96307308
704967187191169024
216197854
2418315013
72025541
1330215722
189372105
997090849220636672
953810732705083392
1375778724
1639492050
2406536400
899612981436272641
1389221528
7993062
144953903
59073516
10235822
2695785824
4725160233
371423014
807950871061479425
252233834
21411188
224417805
1338600822
2439060614
71057918
3335731978
55202342
995587405175558145
26807750
4415703796
331926618
993572317417488384
279682628
857599883083223042
868372108698673153
2940584492
23423918
2699423529
989733634746630145
3583931174
967436715215544320
1923992964
784820465814560769
77785492
80875570
239320624
44078594
14830253
3292025742
232824402
994547213035454464
198349176
922611754818977792
925419708857319424
184566270
2399276455
997082932224421889
997033645943771136
3402190601
20112774
996868898006949889
83782508
387234957
981599554293317632
716856446
899319991408906241
959105426330669057
948383845727916032
579563148
140927249
817013949283573760
775248746
15177122
112602447
39826803
3240408060
1354406779
1602083708
914181884694769664
128902979
25531850
877661270371119104
574104446
271914192
71503735
1322922794
1599759967
28679352
272452158
196783026
2159126984
1676288370
1884040189
3053055104
27455489
239395835
4656012977
863792566562693121
1205577511
857479571830124544
14314687
3286940803
988451422625660928
269858714
708080013657165828
844635604033966082
564665894
312210861
15000494
2884157513
16446086
891080941
955038387999789061
2358022490
923285502912016384
45331541
11042
15076102
3308497501
2157628590
971522730729328640
966844249386844160
952474486191808512
2946181233
1156290697
42873562
703648264244097024
11156702
135321886
58390038
3384790214
951928901428707328
74221521
275904256
2160814818
2757452824
117923881
38082984
992236231609073664
840808906024722432
2726088433
2699681011
3156321321
21310902
594524220
15691014
1707836946
49959563
993565198203129864
952293767251480576
38949370
904696705634926592
61403911
232519963
221075832
60133436
18728359
1428509617
148821692
16235052
498079311
2304264470
423104863
17590244
1481789592
993238928349192193
39630171
46718489
1202095542
1029407268
550625599
111895395
205925505
728014057089994752
2554034221
820352086516920320
457367779
18000480
1231282016
854661733994180609
136727095
907307771812487169
958077192029851648
604152792
31371575
2938216434
37408016
23204559
538523114
3191165991
18209061
306867607
2944816488
741889272660267008
34021300
228566884
2734251
975492721677950978
331057575
966151336835330048
139425021
983916708166434816
987217837822500864
126913957
3238778088
892962403415080960
20320491
522827630
1517716502
797189637307584512
863066608109015041
10173562
533845751
216587548
3373830635
2646410018
14963098
20311479
990750394245615616
778267471992061952
984284506524930049
1696818528
983672244189659136
1165747411
3384588885
26654985
826007282597105664
911066837256880129
418858127
3308922353
711803
2258966289
33187200
110665419
20003876
61367547
43919965
37414734
4215268933
129881670
591330496
25278913
4876144547
315273891
1066463456
32538835
887971558119149570
440694754
3975520635
926139977532092416
736230503804731393
977428215064092673
66546864
30433264
231148068
65241335
18967863
2586133488
4767131
17925810
256856029
826941487417929728
18711090
11371752
991403961373548544
28053637
53650331
6166522
735636142737915904
71843663
2766853518
51820106
955346452498264064
45588626
27590110
250541845
773968391803641856
388267082
10905
99760149
17504388
22899150
10534182
2878174842
220084011
3841172729
773956625820487680
2733194172
4584741973
354509728
52796602
917269822873812992
759929636931403776
1564383085
276202398
2154802629
70823116
406468080
870974130727919616
2759280849
1126436232
991034217835491329
762007370268549121
762003278578188288
95241842
364180349
950225022
344211725
3976846690
919054281969491968
187907449
740119684008153088
21954690
1922562534
22040646
944313605834661889
794540490645536768
704723142
165831827
51510527
373358268
306858291
194462437
3276714157
1339590505
1210293811
1480386092
969316561071767553
1525056541
555683101
213377496
716706304
2943468646
750312506019549185
547367143
636918280
892974792118222848
30329931
1427299206
172247031
899991680635592704
981996647906533378
362847639
477485888
1641021698
956558054425841665
2603217592
778883610
981513997764657152
79747114
2380901749
53976744
73897606
2392300730
3062162623
614366396
332536138
331945592
462295634
334647604
1557926192
21873139
916606270781747202
4117044193
1533543218
3317649111
2238442372
14080361
929512538420731905
146909715
862849653397569536
18223890
96146279
988147538728574976
59246357
2881009389
702096188686753794
214112228
2562927950
971128269633458181
768100650425122816
880082753789857792
896407484558004225
27271349
986932031916425216
15379017
848191690116657155
26569643
998539242
300873196
1517701922
2742569353
16365036
14143843
1631379397
4329581681
989076871651479552
329972682
2803868329
21260800
1707686984
2905832361
2435216184
418134592
289496777
81050443
598080300
785042904234549248
2713342951
109438744
14059428
425453346
988922868930088960
569508028
155172646
978335528545345536
858854640
2573584254
592859528
123973414
119092676
833786976998391811
919742161
2581934233
142286608
889730742397227009
4461597058
960515939086118913
16415435
985578033867313152
2295386210
4733290784
300502849
497541118
10099292
755686480673067009
594500378
348192181
703527139530973184
55565562
941709126945579013
149239185
980416395610611713
20645089
718395728851312644
560919591
754661206472859648
3610982897
202217941
2241165637
10173942
240968515
823252693913219072
620742194
2420044980
20643500
60173076
751021245408350208
43134210
2429775944
983395907742978048
2886972634
786144279613747200
950092028892852226
723592769915228161
95684492
146363819
116995263
318952598
470185063
532962770
3656836876
4242402688
773158720469626880
759894420829241344
627206341
297130413
910921214675357701
111177182
900401475402313728
239495443
123632710
921135854327943169
77176345
348364495
20183463
3347198026
42628487
857115125811204096
988231225029443584
86483174
964805928867549186
536710972
3105402504
10768592
299660898
27291117
104633469
969526634452840448
2274521557
951421937804193792
96299014
3144994834
4398951980
27971734
864125415236841474
601583429
124262919
961717874065838080
152193966
148809005
2178544117
24104419
1621096441
96908981
1651481552
954817885
332694677
1288528375
862824688287969280
41304835
563242963
985468369406066689
1321503324
488674295
362192470
336314227
26905630
634724612
481345897
3979765288
33570572
401912029
121806797
95209129
896853333087993858
2314666208
43093038
473789785
212341305
147357561
19119711
987451657196732416
18678589
956173581108629504
3383190934
297051958
18499957
378403899
33556863
3383257103
578990502
2316408817
217118759
2275201531
1532559686
129914461
51770613
3464889915
1049699852
16433834
832626301110362112
14543366
40128125
3361162149
21573326
26088336
1138268112
235764177
2153922721
126602889
2480858394
877497444
910119351537324032
707259000744747008
17544807
287076686
854007437120217092
975779495830372354
145381561
1146791016
43543413
3888712576
418068074
5664472
3161475717
18243882
1089090248
467370737
907718079987286017
952049959376998400
2842557863
223079451
397869328
128845990
715579007
2846706266
121153434
346328420
73817937
126246267
263648933
390502364
278951455
319935163
860001157468520448
831950767426764800
878881734581821440
164104388
376981371
58755872
8847852
3288579397
87016268
2991894068
2854880753
43256381
4840326380
897034244417040384
16059718
23308183
200636442
93275208
2449131980
2961361967
1664731507
1649420617
22050734
38619076
38423368
267589123
842016584386277377
1347107820
1192968020
754458387316867072
2180100270
3082685101
242865630
965542124887445505
987586264810643456
338237991
933255070249918464
1068044341
951278052
16880906
3066125527
1704032226
390425300
365848547
760288406714798080
968635229857394688
284713091
754883310866706432
276368574
2543854682
78040950
983595179327279104
781808354410700800
842815439357075456
740731348323688448
95209853
2464137369
144800132
198630213
350843933
1636757636
284003123
2814243715
261232348
219290077
4735828605
528997593
860070224820875265
986846392625721346
149265705
811673844075425793
2415596948
822701029649215488
921331679326801920
36497342
338946253
859523557545660418
962637020076982278
18300375
986761492564340736
824348281421520896
15951028
422534916
21595926
50580316
902850902515748865
2609500529
796012710630522880
771399193147551744
983021592274849792
300855106
3648637456
567891154
732429464
432041354
947948412313522176
252968123
277202090
2791459131
19322736
266531257
230125167
986598952676896768
763988305364910080
17393944
114535974
142731803
831237088536301568
627507218
376741319
833526678114570240
11603202
850390997196517378
935431181935566848
1015727168
1667230200
1572554311
866513634
19483053
862588441032368128
15642842
256360779
338571927
16202671
167480448
35822900
2370636295
585953827
918241534973284353
3995590107
986272766788681728
198955667
1872790249
1034589764
488063142
60421805
215915106
14857916
207428838
316629602
90234692
3881595089
204689811
4118504919
4265605217
886131678175010816
2891117481
3396910463
36349655
190876092
986008268806930432
846446832603611138
3115107534
2295569797
2673840624
2575228255
144881152
730417466086699008
876888048340021251
2913303592
4857263657
20604333
1162112953
4132525052
59303321
298201563
1724256823
168891743
2860638169
947536120899813376
763738896253485056
216414935
1019216521
270138821
44622713
260843882
424858110
457801679
771413539281969152
973117627789971456
38127897
939377289971855360
102212840
17285820
16272037
21924512
949689803523723267
2434297453
712515901824888834
984510291097550848
937623616790855680
166911044
90217262
879831009042337794
864149642857947136
482315171
429679936
2855857807
1859853414
110834922
4120721403
1446520022
891704068808245248
961753435656814594
156109865
1632568819
974976996798226432
390563995
147034674
69344602
700548490242322432
2292892652
985293472176463872
794254440991752198
985242496480489473
184814522
15078437
757629297569984512
2841805125
25682941
2238819358
1111403706
69827697
144184968
877836280536719361
207161628
976173824969445383
935821774016602112
49339346
144874165
271854628
788151206199828485
2772096816
742999699272040449
450867970
778014436477001732
2794833394
14645807
337308940
45322567
962643367132876800
83361885
365653968
16661936
735272056900734976
2714251892
94597643
852232832726556672
71018515
170281034
91019572
984705284827504642
2871959037
191755315
41140413
7930632
829856249147633664
51806704
36776830
618270552
141174934
883791034400067584
485084559
518432408
255916593
787992427877531648
195730538
2856999826
294180942
215638702
47365685
128430580
981997729802055680
2778198565
69441253
74096830
984333517629853696
86912541
427870769
347303318
107387368
959854825906278400
111174456
56058770
418211265
984072569887379456
2500265817
89584450
1127921071
809342720451874816
48551561
257142737
931638722
2941771083
33728815
21163085
785446668770705408
76660633
959217124748288002
109824181
865531501764464641
4378550117
285218267
33476067
983583112734142464
189645828
81475201
983492788644929537
288904632
749761575867691008
1063321
406504305
745367424606756866
31426789
20493684
959441008974024704
326106794
511002931
852413863
700874630223917056
2510593892
352968890
982940172827418624
295012408
2322975648
215014501
14872675
96920300
973663444183502849
841964200729681920
364619229
884889299593723904
2593704458
43897160
14678809
810886230405771265
2444580434
977637727805083648
794145504192065536
73828228
2654227392
432408051
1324992859
924778425998561286
2737777588
857184638900604928
2845009882
181068473
982537005090443265
957460995391176704
1326939421
952426013467672576
468527620
972477905665060864
165218022
51090132
982210801564925955
3120671815
282922394
187823163
895374187446943745
3042238373
212673666
348472390
482267186
103090475
541765405
979194505021681665
400365054
272735976
981471943114313733
67543436
944236818001735680
1117835407
948528274111594497
728875825748160512
40773
197008771
752893965297385473
382361184
964967286200307712
751790183717167105
245792946
362552208
331412018
6670372
903620260858867714
969258770386833408
39658425
971159461091037185
1106801317
119236381
768143530627850241
2621481525
341261866
909007449679712256
518622879
978299223870443520
974651000840708097
939907888675414016
870629595376218113
917380524401868802
36437449
81411451
67043818
980896533813125121
980845791186243585
20569904
3132858823
947767897891459072
65538457
729280298924560385
734066449938042880
1116704046
976306981890871296
23052470
568658492
762008959536492544
179670358
31501423
364835446
44754716
855874842846998528
751173649441366016
16322068
929844444953591808
893469264258138115
346017966
935520926
952815608353058816
86110181
2241761069
853257897240866817
618536860
743009519924576261
862275485698592773
741597127957053440
448923273
2740470833
134107904
15364276
732013838
287276348
188999665
1525869306
869006268022702080
953160414413578240
2250262615
123641446
44923964
2167926223
266985071
1545850951
2478526489
285361970
718226145011961856
50336690
28607054
42612865
17574343
925884259214258177
950712943095767040
178668890
34983709
942443780988440577
633327069
2869033083
27055486
763162389198016512
15451340
734501448960991232
4017179435
8059902
19469191
225122280
56321782
245072236
153874414
979766683555557376
956964333594054657
2438617039
1228918176
3253081250
2694648709
3066045634
10508682
14243836
15872273
4308750079
979125132072509440
887594714
908567966
146567534
295891632
347261357
4625060057
181699214
1396710108
775714
2884538386
803673090
107437819
917713022482735104
975140072768098305
945498468
308709780
953164200704057344
111970197
942089245921103873
141440459
16307202
518044987
157027630
364431290
977261297094897664
925653260492529670
797596295066255361
16799019
231208982
36217049
978152923619147776
1113664117
2438657071
71449805
3075578378
1517427943
2760175663
384570991
977954879397335041
621429508
2478104144
878311787577266176
840367682
1699512595
2685358045
777795266116280320
478679368
889604725
106384243
313398044
924381546852896769
220449502
781165563808735232
945241800284835840
20146344
24738621
230651905
24237248
271490995
432911382
203751860
4106051477
56649850
935635327418621955
3496872926
880498663
292467365
131797977
3880535776
2188802137
465679226
462778424
4845634829
544572631
5123821
104520641
193839120
3346971460
768679436
895590984469360640
548978633
3103467181
2786932030
1214225762
2176667344
590684100
202133847
965082174050496514
798386323681841152
329772763
962826607336480768
1652811240
2446753358
50032582
928574778889441281
976058606507479040
3070972785
458234269
307763170
110541730
36348764
921841903158644737
19332972
54072741
17843373
887534901666381825
616396757
43172601
954120434642976768
362325302
1359967184
973560248064765953
22238666
743363913073336320
1460825906
98187973
159139078
542720914
789828448751464449
614326358
2148481494
3031836255
3862121
230790358
24842514
136349663
969940547065597952
924686722268585984
720707643778723840
14937068
917106156438421509
867501982197530624
17796228
15366262
183835896
491241252
912599617342025729
904857586511601665
899645827689402368
1117948963
4137480207
24632643
178903557
740428779626106880
2601954326
4250292250
2153559949
411311575
2798924698
15813531
974795726445252608
3072905932
444633929
2505197480
170712495
943244906256052225
23760818
15710683
931172996038971392
2557077576
15589668
93341008
338307637
705770150
124072260
354441304
2412715074
695527172778422272
845907833660977158
4866142702
21749466
2225215326
932234797396774912
398876134
3376199779
149054194
154298915
901537774385467396
75083255
745270922551033856
2565178736
954256534569148416
904088810060951553
1075088232
880536027001180161
969058139285999616
9250132
2352350436
245569778
48177387
805219116822859776
887855539199324162
451716798
149845386
3221936408
152966706
2918253344
31470890
706871263625650179
359009458
394058508
301701811
973574944268455937
128181028
4264745717
3028524506
789890931751256068
2260905752
804394535887532033
80207579
81550369
535182841
29292076
965864335271776256
77502310
118030534
926504467419357186
2925317463
882713498643349504
412903963
195521186
917478999885889536
16453742
55009725
300640735
3325680539
785926916125630468
2244759370
972255560782397440
14155372
15790199
872547799862325250
750247326019559424
16590076
4135566252
945714047726555137
82591116
70396768
2152198605
137793278
2812601090
837338880
921449035981975553
794207356951220224
132216481
714874679413108739
878272031166517248
894614086826295296
4889580138
870014354384601089
780417520108969984
919041110634319872
465539649
954486936785342465
242231950
307865669
889452000269615104
971094825087811584
2456845086
14216778
1580548088
287774140
3353055694
3306901287
233337115
893899847119421440
125116915
1419632736
4772154895
4372893935
17938772
1328031163
824100224507453440
197603033
293026451
970713951691423745
132893615
341997239
220084390
970609668908290048
969363859273232386
788503268
917594492114538496
914528604444397569
2300334229
15121387
47869594
186017092
25015147
602090062
177073038
946062383113367552
1470288691
1552477934
98012754
2450209795
1183045753
952103061023059968
122941507
377793148
955634432899035136
836821070606925824
99458849
958925392722702336
760090081730396160
836404188657537024
28738056
1141886995
969591266966061056
899018068051075072
319995863
65348542
569943787
940661560753745920
842653666314137600
932483921815703552
946421160886935552
120721757
2882278007
2845366738
909043196382072832
983038056
904463434737180678
537276380
923622961264898050
954340859180474369
179409117
47168983
919492059446128640
19080171
256994674
14791384
2192974710
2218957843
47566275
236310149
566269257
169299463
20919505
3307985004
19440450
28276078
964218014886498304
731986324778057728
161420694
63658507
15376960
20988709
32761519
4449789556
47898702
967853410987909120
539710656
87047520
1711754904
182403075
10860762
312554154
46722582
951093734594306048
493391092
150122505
535995932
18354822
14996798
14448444
16316243
611093
538424460
774045504397254656
143041107
306684432
162624936
76333697
86925433
101631965
30475764
74223068
53187679
18868708
913021037301833729
37645156
410449786
167893853
107879870
36426692
4923942771
45902462
905225714902851584
15130880
3275240754
54203210
807369258
781555030239408129
2290234609
306320739
14912797
717709640935432192
2861514029
2739884310
3269217312
18918296
20137653
437192861
850398210023714816
5294522
457106229
15030454
219187411
58605154
2936505874
2313223388
561993769
95146023
42222563
418327708
337495604
2202507274
872229428109099009
114475497
1540823454
172866268
46918624
16713272
1469765676
368138843
41188503
47164902
770538518888284160
250432267
15025490
247193825
3235961360
968130756286464000
614033807
255345780
106990060
947003759326056450
218209658
313540453
867582616274325504
3286520941
887931441824145408
162300539
1231415274
4046771
82840306
21442422
931888153111097346
23267609
310086884
2754533600
597762960
379572360
223876027
247421726
379703792
545677427
2567790595
615972569
406513390
933012530905174016
16311572
19224745
18299355
14157343
2925829623
1203610886
109016806
45113734
11706142
2301497954
235159733
7809442
2880530065
39483547
2860973880
1698540355
43343982
64100004
24231248
994586124
10407522
392123537
85615623
122192240
306063566
169878897
802082029013757952
99182989
24878751
316414051
876136834601959424
2928813331
260669939
127869815
937750107956621312
198439536
198185176
15609821
3441981376
1276771741
213032712
19457582
15745224
252228783
82055634
241585091
336178185
213938929
783106913110155265
333774754
3241292209
319531018
560035385
59823038
967483585870655493
37645145
24220333
71935343
17664623
56935730
608169207
84913079
52107584
554167584
142036257
3667932987
9181582
245239013
121729051
594762647
225026057
59024054
191006552
17637228
20111992
934693603506450432
4416435372
49646512
108656170
525776797
252348774
14321562
3391679253
178392821
817725964574724096
178353583
437073182
765532684584091648
128438666
247451477
394069035
512320047
967785253572984832
1646784354
113327366
85941741
17040732
2645685632
2352629030
20971694
4740442326
790059819918958592
61118465
2618124187
1905865105
250386292
876828821000867840
2239743889
937391040478117888
778027533451325441
775169813521977344
3111017054
620371535
26689074
429825239
87064785
4703060195
4871210873
780029147141791744
52643594
958353539427983360
789457081829040132
882204090599649280
917499583504310273
862738780813369344
45290654
104867319
293839862
4574694078
1674405662
372933163
2244907839
582480191
4344248782
2513272266
1708874622
3348359793
955307541113663488
3023509814
3305632455
2771556345
83420482
9994802
2566868034
827126887721947137
840674475536461831
729978131105320960
3836755642
742279812136509440
471520595
400956631
132055871
826098849471143937
130476748
590129983
905374924486959104
957174917585350656
892608520138366976
251634768
954944610807066624
142800415
938316587974742016
893417774
109793538
2731663190
2776204248
936312274834378758
788369846144598017
509021062
2911039804
894541015264108544
869116218736656384
806875482373263361
2930472542
919794264
1493205991
286407383
832505068008116224
2322904411
960222528827375617
516404960
945028853747068928
2989907879
42667399
713708851283894273
152042501
805292700
1322916290
856889152234811392
963458223050252289
953691305598582785
14778476
402082071
2723760715
1270440792
487440837
13347882
244367754
88493203
1340110231
347161664
460441343
753342522810925057
495445539
39516650
734413693820252161
2915339128
3004317353
2591425405
1871441845
16002450
953503078308724736
125620734
595407474
3023852300
880627830228471808
75581784
947874108779442176
20464768
331816297
2214510864
351329678
94832127
920188196188770305
75184478
962672152574070784
34883543
844490879121412096
41625440
21345478
951099581500215297
1005501962
23370096
96121600
569062771
2922772155
261773889
2941998923
1264091389
47445633
436051706
828222564514353152
780550675839094784
797493430486265856
89163236
8044712
39465495
88894779
92283065
14672772
127755454
1097362550
23303819
911810132799082496
888519309789716480
3406637013
889207505762516992
887601885363847168
3294680056
2528243245
703057473263898625
349292400
832368406645133316
227440917
251343822
15486235
754922851
2254853240
271822113
256342069
159230211
273793069
891959933780066304
720001622189948928
2845964830
824891108803043329
904772805773885441
1225707726
34408231
927003306634838016
16927135
114723763
3361539734
540720354
24508895
896287620153524228
3409679008
317223956
18059245
950830002
97477261
121923370
892529134638743553
785956735
1045055719
98241056
74722163
957684444151894016
953012743023616000
946723509849468928
727773926810652673
380557248
14969810
456322374
2365331480
217456846
93417622
95580481
1219850012
1533557820
848637105349722112
886886838
67909221
216802451
8504452
171797973
343583166
22945369
3269826216
2347908512
65570828
180717120
176222496
722581487141449728
27560121
2978195809
890850393399468032
15368554
701864881457405952
53203065
932571959455608832
52530920
2211734528
486694030
761386480782630917
2919686152
2844487146
1049586480
1394833590
2394634249
4296736815
40982343
799621663105175552
15105587
3894224714
382906359
1638772214
826402704
955041907377430528
2266175004
572672461
735126379868639236
37365673
1886875410
4066522876
2192666827
854660530916773888
1568063760
101857763
937735981792399361
958677939029139456
906881979152560129
368440949
20565245
959346930550738944
1338049094
49655433
959219474359468032
38112491
3094930412
100830941
2924438940
958795571283849219
871490228
20986013
911268489171750915
78131892
2812271682
218677101
52032424
51132524
16690469
955810456563838978
196660110
718411310959063042
4910777956
3109734153
3240197301
4724490320
51220493
12499512
958489157743120384
17653440
867835351
10502292
564221731
16043970
2917814625
1911272016
503468609
717693775682805760
856558223431806976
2967867342
957502116221747200
878549568048070658
879278528168153088
2511805574
873392667526397954
168621018
774839682
49850349
892404959312048129
181307535
2292738986
834152821700358145
325688374
722170107171090433
885890125594578945
958296982023491584
1008769682
925033777847590912
3243501490
2413862437
731795635662426113
14311039
3190717974
955793704773607424
491926840
767608007450501120
2355055399
23028155
41485866
578259919
72618926
227638545
919997827136106502
902432168227602432
29467588
1269409100
19643734
2860464870
291186311
373730900
500751096
714977133538447361
45897785
191187000
826750779570675712
243964536
194024219
93545198
22338925
1109101616
105901957
38434023
1538041862
137442061
127284241
1340666196
34159280
2313894878
886276231787933697
634071003
22536283
957192296428171264
2269568290
2538624796
206104729
21729723
828284397153550336
1925957514
931932096955895809
3241975519
824057499909140480
521543921
1425859639
3031809702
818881410295545858
1869234122
175666584
956813595215650816
793080483630415873
2231316618
862589659162988545
827198492502269952
849580952322015232
2175312650
931098431598325760
956302411911622657
538001698
448956196
49330926
956565075845959680
700241514
702017663661281280
3292700956
726646610
75019515
17361752
3063561196
953384410434473986
3323088981
835556705538883585
18206099
1117811558
28067120
4295190435
717775318333984768
914524788617568256
951468258292649985
729648307929231360
3318056719
2904831762
174415540
326818711
119763674
835718951464235009
822647284299157504
963891973
753616138358120449
227297560
4839683118
715296508246147073
761704506
186812380
1306278745
576076383
33669950
1707681216
3352374928
2666313284
747909784503001088
1699594754
936529354057641986
135221612
815265799002869762
929321130
525420882
284588849
156298707
12651592
471497515
809053098396286976
380314474
819199081100742657
825413312179470336
953072469841035264
375025755
2516072779
605302742
707932222641315840
894515592614604800
480849531
7152332
617309924
93026402
752544940454969344
15964862
636373684
34816325
3220768772
3303196088
933342307658629122
17392609
36642974
167023664
954209160068988928
69080516
2897266280
21173013
364166367
3047467756
18771176
733372905833140225
54848771
936427978984058880
17911610
1041955159
739902898943954945
822456878630309888
6880352
702227936775163904
152925509
68710627
953932571032764416
116208698
250454537
860709897977122816
296659577
948134665990393857
2794141144
741719290391318528
786590507287744513
712289862
953775697314623489
20485325
938142119545450496
789582770955702272
2385543350
161716605
18396102
846756201983565824
3347125546
2510573207
950779528917512193
767014464788926464
3237626089
763590409
29804665
88968078
990846324
2659781431
3003827303
820884622145896448
65470724
1025738160
2767159070
536918579
152089665
48944558
21471801
4866879153
543696109
767467930690854912
17543272
231561346
581771430
952116371831353344
896834928406441984
76557028
162141832
725038124678680576
836509642205327360
908354063313641472
782331783450726400
40292673
92503676
4687840987
838884028677820418
1526794297
299711789
840742835339067392
2726288049
216840994
517936030
7425482
2807938465
2293385056
450192668
837491087245635584
214466618
733257810423762944
2829402252
2905088920
14287934
2802106879
36314703
2428806922
941793858597171200
808257421768466432
553342356
26866084
2986355546
14333767
2332759921
943493705402605569
112381481
326030152
32130358
19077740
776497757917999104
17228282
19642373
188052079
2386656559
47302211
755792796825464833
132113006
3120110934
3333379521
1303713480
25989981
508444421
4297212081
149786188
778864828400201728
176614052
3114235639
880535485231321088
951868301289902080
704387408956039168
905739717567807488
228518954
318034432
866069052325855233
323252907
3900869914
303932504
746119418
17879228
419502542
913341774206242817
3512491936
4048698479
135479160
2815981
363289563
78639191
941189375316049921
2437435208
2383613120
26047851
873417479032160257
1517161411
3002158576
2523096206
112920240
729567064998879232
2559403439
28290738
18007862
755090369067507712
18516400
79265397
742544340430389248
897249956922368000
16335543
70924089
838713837142462464
721590650563461120
904779336426942465
20178171
38291612
182649983
148644393
2885240839
272179311
3281094372
790495347340632064
2297472343
906252103349305344
140863074
807930954
366002166
854241123799150592
75632611
87289364
912023575661547520
245091230
39278421
25674990
756532
9396892
65615305
224937136
27763805
229045564
437422833
785622032289402880
3154328262
803091257073553408
26023615
367758743
2790554984
2609300047
886222319982714880
364329907
3266889673
320221155
937967419364016128
34065595
2925561286
270994634
327806079
2775802002
704793311316410368
507735701
2721769436
166164722
625904896
164523734
226388885
338489470
186123113
985504188
3399932055
61692503
73396717
866567657121882112
412450297
1376950904
937884982160379904
1173373806
700621125911351296
300157799
2801127538
1020978805
1646079943
63937479
344786265
188994116
864150537993953280
2555486467
528985591
74367054
896168768132526080
10479
16572922
1415220578
857854429311225856
744068972253974533
822530504364654592
887289726230814721
2287677475
947325876970164225
618419310
75300553
760443331839004672
7926102
423654621
82600190
1038203844
2189995812
932781515259314176
236948369
424396197
735042503385042944
3290518579
2194334120
923719346257563649
921054257889071111
396991943
3503082509
824280721766416385
67326212
712703623562661889
4191144983
216212166
378319639
2877754528
896786808738115584
80713984
843687155608174592
289616919
3482264714
30002847
35175176
892214142672683008
940131807856676864
14304532
249545861
2254053986
15210670
198176196
760815330923077633
138353400
760674570458140673
1394471918
752463226613280768
758305870417653760
929402118443646976
3241509648
267691983
18361039
49673026
803156
364207255
864044375667597312
2478361326
274606114
483057175
852425608172896257
2458881890
886171575380258816
945215378375958528
2499600174
67639216
725428723802116096
335177690
716227436049014784
938593099961520129
467992273
19043416
874654450824216577
3251936268
100349522
22950604
703302410299678720
948756440
131233772
544738007
912633418600546307
255943591
449723799
831301352
816514740709040128
948468489974681600
2836250423
2456699767
108462827
923296409150832641
50244705
18845546
823953137946021888
815457662
3254924162
26648932
431779264
525677604
2346664296
1471790234
839945647130357765
179737940
759036534821642240
317823133
2915698450
1362622471
800681714351685632
712382342392782848
91310504
946169080188362752
838211512477040640
17423191
1455440760
108722295
705885291077304321
133000542
827852289088028673
626784210
2299611103
3295603677
1952208518
435887722
1549418929
1722647012
2984661696
733045089941999616
946317256287338497
48681370
25062273
88403351
1598712368
339646324
3060370075
819307110
564322713
711553314358489088
751773596641529856
180648825
849022955405398016
2802890172
14579992
269482952
3034293309
2871111201
18993867
916362978496208896
42350868
861604209409630208
939757153761476613
755202824208781312
144470824
760230277
791109852059856896
2340677952
38443579
259879140
90098767
701408838
15705612
2415478665
472151650
135442598
2540642857
204560056
2943006207
1710804764
2831781732
517737047
735393207928954880
4045229483
79716976
2387746658
51568012
70696481
24206297
603890081
847036940289544192
785475862598524929
360016798
3235404753
598128004
113684063
2571985872
765740537496281089
735621643
2952086347
706020512997093376
351764433
1745960388
856110127857848322
103927892
851935440
14920433
15577665
855153911820427264
835918833466634240
3030465258
4159048754
29721885
946428544334417929
1012861416
94578764
714467763750879232
1291682340
929901370441732096
76667962
176982417
884156805512912902
310697279
262637172
105086069
33936903
2351564109
902102336520110080
2613258511
95626539
52518388
749945562510729216
425196480
149125954
108404527
2261659111
2318971194
1396778390
2190741570
115616550
89429647
4472714008
529183834
868587852136951808
3041399983
344441380
258844049
765864343087026176
923551968651382784
827957975792877568
17950360
375980613
883237824807321600
310122369
864067549075558400
3237477578
149236399
430657044
3751794915
819303461393154049
135997453
241134317
377576061
241993736
130166294
249704264
93503569
821952159910477824
46813035
921246268407496704
850286287
1638722078
146879662
2485664089
2337110797
2516029806
3073419382
784344472192679936
100445012
23221045
596849892
945282842371620864
1402317240
902851833810452481
20674480
569260461
359945403
960370003
848835398721601536
935466945276551168
94222527
450024973
37488322
374666593
2413267219
2298507794
1655018594
174894431
3010031679
1953633200
937606688
856795292196274176
248104438
4173946407
50730123
29469642
870979741586731009
4052686996
847181085133819904
2493026206
848695124368523265
89709482
940549884784074752
2608345625
58422778
837747719414374402
3087202138
4810685480
730793949519089664
729731997464023040
1069758439
59940799
2615684376
252184501
339832943
1426898101
75040202
10082932
3371242636
20130977
33753234
563148431
907382402561052673
813145493962391552
884128465984815105
482276972
3135573841
740004382477979648
883450410836652032
923104972513906689
4393287334
492747625
15155268
3342483119
497834627
947359254
110352592
336460357
867669330712035328
32492934
6987882
800610477168467969
48358743
941243943303372800
889046757455343617
23874919
92785627
280493833
4485901332
1538354196
808342745572147205
176844015
768435228708900864
2669883428
841169089691234306
776969376536735744
910455122
1321435784
17030452
59641421
1621455769
29351945
1540089176
1145473675
438385909
3432826139
555430190
483096073
1358481540
794363089584029698
2362592550
4666101193
4212057021
120127512
906579051669856256
914501917446889473
59375815
3505488987
3329993219
1165998690
404912443
15686622
30482756
860401102965137410
809998202179088384
29252850
943178088409698311
867119535186423808
878335968989782016
700808062895071232
117142912
709793739
2848306257
3046525156
702798054357909504
389118176
85847007
942430375346823168
1051260072
730052170339504129
938789192527728640
3053221076
301371900
42657221
22402986
810869735340576769
237707143
1285342620
938696777594757120
62797556
67424632
2278564646
905526753191497730
942866022985482240
195781190
942814658850893825
1915045886
95395834
906469877753565184
4719580819
15961286
827588430628483072
897622169399767040
48488419
85586318
4808323535
2397683671
99674924
825601611753979904
2549800538
76854771
326175211
3028192475
117871485
2344438393
18029781
696773427173179392
4715173454
748578698186485761
2984847759
796458330
742711548104282113
2749596367
15763743
16437499
942287174040305664
732706294272921600
113542931
860298524285698049
908883053170245632
102244677
803421047466971138
2545228538
16139549
941663433845440513
2694095982
2813551521
2827451902
54002176
4059359721
14655413
139774225
898518442655043584
17232000
103948469
4361928854
17116202
174075423
796658094637883393
18732047
701296995281965057
32542819
2840307908
23643155
7120082
2324539447
769613171489320960
612855722
712550286179569664
94498034
9127872
153548163
18751530
1284351355
399862423
38034801
3972849313
3171005451
3389657781
3332777391
914711705803825152
723987321373249536
4376295742
782469731647389697
926834928788168704
71125560
2704265850
84300145
727071226980605952
87370234
823782660963270656
704908672405790720
180117394
18415637
717890606
14875001
64491912
1068591528
312229305
3270615601
800702844189802496
131969291
30971525
56085800
390471404
3167592786
55035023
21310615
940963060826517504
3000689234
3104245459
459016403
514099301
409143932
738401970482876418
3180369006
765920884481789952
360769642
263824188
738043752862781441
221695189
2961197019
15380529
216441755
299398022
301093958
3066658674
377511384
1905311816
2408903263
2452168205
2471257458
48106476
86764299
50642676
960056947
947679282
318726797
90463579
884022229
930446122027573249
3189061
24877562
3302817151
4515178593
35807660
24855295
16706240
912333292418080768
197347921
611775197
159399646
366320906
179383862
738617879713579008
132266507
87451887
4705026450
779154263360606208
2724007194
1459628088
19478716
314138966
111551329
706136017347047425
66308712
16473150
80521294
937636448102006784
2565073699
842763871140110339
195818275
866913162422923269
205177495
788394555796230144
150113796
254158567
323787905
342985298
3021405737
269630957
2476331775
3179596681
315739619
2569669736
2306595008
61072062
3329379077
3117115790
4796588135
774456152
140382766
612134273
732504236626345984
18161669
798312222623604737
314575393
1888081334
939491694956961792
2443404000
14879580
3816260719
3267317756
81876021
929352251012923392
321443446
939402072876777474
282712119
34772317
919504860
2718159444
229826979
4174252223
15485307
917058346225684480
1524753978
1918788540
4492491749
3148598914
24535680
44440464
930214023546601472
1729549081
18465597
51040009
3021669410
58916824
61884073
88205413
259829549
14812700
765924384678744064
44647144
21125416
2458544084
29482022
867105580170829828
328271222
752756342
348965959
1115003706
277897820
2782711414
23959701
314200821
2272373202
3141749393
810969654
2859294476
288813578
101879568
2168674560
922454441336373248
393489312
2369428747
37440413
2313873457
2874676055
56906483
48514644
3369340636
890885305091346434
50616711
80841370
740396758044397568
451937939
932566181789147136
487534443
1111077264
277404968
44986659
873974679274442756
850690315631697920
805951952068571137
934893129177673728
24087000
3317713340
89809087
360885363
1535443770
66571087
3177366916
2425836948
29968113
1089536636
92037177
93263825
410199318
2340726446
2462030064
4304542812
1024617066
912652612385824768
1211683226
218535192
47921468
184434704
14235789
18299322
18325233
267087271
283906325
2240361812
17549224
121360974
3323064965
295032336
422628994
15740972
18415210
481547953
602890074
140375633
3091955482
3339518639
819560305629876230
68325967
1446281586
474031174
16676983
2959589992
569343908
927480996420882432
712514240188432385
17983709
409130715
937954515940265984
976077840
40489005
46859169
48280398
899680517725057024
144049515
365672864
937873188687577089
892627094081024001
4111968429
18178260
1416924428
153848652
164887622
2162585078
901126082786508801
1652146807
937589632140587008
534748961
789769714214002688
92730184
1306819549
1017192998
1530783186
2562512683
937512954253025280
933674872659623937
3171905956
3537281595
4659874881
241640955
341065412
934286461
937414956311629825
836939603097632770
244216791
10046442
481375744
2294254434
754733698424066048
1025315378
18493229
794600242666762240
4046856614
205252878
2583742914
2645294246
4861484467
517525277
63077391
1341239821
2456440602
304429421
898562908036124672
18681220
19508497
175012821
779974832725295104
219393201
705960568159641600
127991676
2716780866
77318624
64990595
21876225
1140953784
2362315927
39472413
556880943
2377300640
936918652804202498
241467540
713631917019516928
18117275
842911413114945536
825569749123919872
55648586
45859713
936661490765107200
732722880
320002347
139678016
821774711260639234
847448085756207104
829017059958861824
179909112
303251211
16556597
102075301
935011263523909633
159741317
4829648033
162744835
14228722
934712203734933504
920122256365199360
840415701609267202
70152079
1867838892
931395757076127744
817647312
38808541
701091259394338817
134435917
847080935325618176
803340457589739520
17740931
24881906
48285663
1671231374
40324398
18334915
834313615
801447657294200832
1118765467
483699626
603770837
26970590
344206035
68082652
34234742
1164878070
822570530662445057
1684997592
1860214214
768806609992777729
309007739
936198411912654849
2644588320
257183784
150224452
112461096
624709442
70257878
65269134
613085368
1350324637
259862037
75875216
845631947489628161
2768506373
25502081
3846411073
558020798
11095692
224671709
351435211
784207005875511296
242845778
2486911149
874798348363890688
54806139
283878425
2772461013
913086503454150657
831576419666972672
187947658
248256515
2477144480
2858871255
19341361
866671909655760896
725588967257702400
784317920104951808
3417548657
711505143569592320
4815601179
140321392
926031832763830272
2229573512
20283145
784367645307142144
15436011
853411771184500737
338834152
457688188
908407660005019648
780835601327099904
871157494286086144
632988723
733870283979816960
3971741172
18312487
577542660
3401294217
935500372268978178
277541012
746612719172804613
498870290
919268610803159040
73614824
121321885
756513176330436608
20369398
272598809
780481396322295808
252527150
779000892918009856
894274440
219621467
198433144
702377148615696385
953998592
55417295
4534150641
1166592494
934749505
482605939
549090874
1107019070
133906709
260632522
2270694806
118603373
784889950567145472
2356426442
1261371342
712867417983160320
2602028251
1004726360
227239104
3741799215
2318573856
488538223
889327134
1344618156
1137274038
910167842221420547
15701597
785084528163422208
704332388873203716
110614866
211903719
481331460
110831886
161014242
880415902960730113
15046270
4709967436
20417089
401887716
780501826130972673
12109242
80366133
4073196640
842607558
617901314
744441877
2852082671
386171623
53498980
17030163
2175282002
3855685512
164685092
18736995
413748343
2665819207
179993649
274563852
311843851
789085116597403648
116830375
304483920
2852102834
846754259601428480
929932259070799872
934801392262373377
15276792
127564069
727564142
263434698
898488094659411968
273728322
4028151614
3009737592
2872826077
101243600
850654976263237632
874509056827719680
878876868677480448
19038854
1666942093
267344900
17733274
12039262
9926122
912742865071198208
20278156
747451650521112576
835660483881496576
272270790
930134202082873344
526812864
748974027830661120
9382222
930806594123821056
22669247
12377782
14452497
1913783881
793039488846929920
249343502
862931242819481600
2196184676
117702673
820341537905094656
848551986190581762
49882280
23865567
913112661315014656
2935781748
3405207580
1222836673
2508480686
757761492544589824
926014570560339969
3027954713
360981116
711235357673660416
3770627895
2231792348
1535753276
454583045
861260632070524929
841379578581045248
226033646
2469175266
81673735
129831037
1928381197
831865873606569991
455246961
15881771
933600542567276544
925752923971342336
28338565
448689268
806910407591927809
803197634018152448
907940192224497664
3259013302
120976310
933633054886608897
3927697695
268751347
113051250
18249099
51087560
835082713447149569
923141277532770304
932931924108238848
3314499096
1377960307
492874884
49534652
87971123
157084452
819719839057059840
568833316
2335803367
59393009
1319448426
474014775
2066291
47480207
876351335779586048
169089681
873164517005549568
832681314511753216
758085047769505792
90230133
163570443
562213464
3380406821
2415342418
2596524739
4485551542
114817868
198631656
818161344239300611
14183498
711982830
790924443560312833
733910629443096576
593427894
819231713482178561
801744015364194304
16831011
194443527
794841680683954176
32830199
2915826575
204822824
881588719035310080
73266959
934064701
832123481408028672
824855124908482563
921088200
917353014243061760
4298025736
722944600655077377
16790655
80850109
928091750903640064
46123189
2385608552
2562158294
871410933603733505
803269735525785600
890702329040785408
2210844882
4796774235
2204890316
715367750231691264
465995827
22133163
2866716080
81880135
22227235
885422439248920576
14765654
3195431342
3047696527
539195017
10355872
25900266
932956576528429058
24146145
3401004681
14498919
700791854732709888
215053849
54967154
852652803831062531
771810302564429825
78831159
1709522634
905670768
879542465262305280
885002667013136384
205496881
209355865
1138865732
586753577
3274559640
57871322
812516372685160448
932693147225853953
368972695
141406805
810736591148904448
46489468
31695887
22300065
277817201
887470481443479556
19451891
887318530223419392
68506521
63535161
2160658753
903329185351028738
3130551297
770727707760001025
806840906997465088
544469550
2271719357
36646026
813998444616425472
41804169
101167497
922412768078176256
121216675
10879542
791655483325251584
931578023584960513
167172980
10657032
900931396889444352
2458769226
90456813
134592713
45591061
75228320
433251229
809750689
42388191
931170493117366274
384090566
132881325
352608541
31375357
4900100575
424129103
2825705712
15583951
770110453
172681831
7285592
48471517
348860453
900809280
879351233349382145
281573769
94878964
24099758
23486558
262324074
182751400
1376977280
199150069
363093559
19964097
2149825866
751222367288864768
483232642
501128843
726405418717700096
843504998373834756
852265815902703616
803647670
830986674901389313
16789906
38703427
73459191
35546586
786050995960754176
283259069
837673955590877184
795472794695962624
738116173124902914
197548224
35293052
27071005
3232185336
25688392
61804792
67412285
2825610685
19213538
931574264288894976
873581485412036608
2909621997
550648776
561471270
883288353709359104
3719068997
284559613
23989799
3108408607
931466895349260288
2829444386
346559879
922006821979742209
866592389221187584
337887002
899511948567388160
912594501608251392
750787748466925569
317484347
931174389743104000
2912333727
931330873961734144
38094212
421311115
16501971
14892074
758024381289357316
3925688174
26340571
918492836873596928
138559327
729457760031543296
931180803584819200
35550239
56137804
253790835
93932241
921082256717942785
3068999691
817398453097656320
257828230
718163923237801984
921312035836657666
354978453
1649989573
66317946
113361405
53106648
35976821
875441049061031936
1167523892
3031700017
9722742
780855982771449856
14935588
312761864
625318204
2179348804
90590619
193777252
804217102844366848
808576204328472576
736840023794810880
778741854783180802
887492504160882690
1931653087
863217236223197184
930139815315722240
3003127288
18840405
1289848416
63705762
727189189264068608
22852003
888515916
296153621
905736412355551232
17869540
4609875193
3508965733
2731291868
25281110
19293138
389099210
3243770692
3580378573
340270079
721586432998039552
748960584
113283752
1019595103
805847100630204417
717514639
3293723409
3249231415
930208980684754945
30516537
2553568296
862571983103328257
4633118989
17920051
16713
153532786
527393291
3535127067
146154638
345043235
18230272
2343577562
814183631157497857
930185063177904130
29956567
901091400514752512
28786504
52426829
2571196868
372727824
463177571
19218798
182268366
3068302969
4337144594
90371465
3854310622
115629718
1270123698
882592199040479233
117764657
1946503837
313167231
23248078
869453685851648000
3064690815
1019390076
2761828205
64385751
2841944710
28502524
854876467204956161
817492769711259648
861131962861453313
455146183
824290007368302593
69897908
114749389
28117748
1357819080
418650419
899671848945762304
2543818410
32602399
903259293201379329
875438417424691201
63241822
2654
930071232527167489
758468741227249664
4428197352
64379145
3417656135
444156282
351841068
1514807930
891656681809211392
2815509988
3318230155
82943937
150593371
3672986297
94107301
2307687163
913104355057967110
1288412364
241150730
1935035425
929862682521501696
798132925132730368
3255874567
105812929
385510807
16524608
16543550
47566343
3252355811
4669508556
15889401
734651196263239680
3852761294
328219505
11692082
929812724867059713
778171112110878721
2488674603
14104751
39835698
929782534384189440
50367628
34042705
2264263009
17838738
181246648
601297553
784333080521609217
840414268025520129
978711343
218003432
1074350893
2660211673
53778774
1118098069
38787595
166473500
396483189
17536631
2781712706
388581413
193269064
798631169948520448
24790428
4733029416
929106829229088768
717720097394147328
706819172983050240
769694
930718770
286497012
111524090
3294131675
271873721
260903075
95668395
196155714
154696373
178526014
767776394759774209
47891027
39199827
707270936463056896
933217448
1360212493
15107405
333958646
49274927
519946406
1128813198
466267303
3177139460
16269257
278864795
114734349
231043900
758774171312816128
1677597480
215030107
779202539392602112
2244204973
14966325
64774543
877212114456326144
15178138
3272837167
884857737871589376
594659134
13203132
74210389
323155847
36256458
928789197783154689
204341845
68249027
138084356
28724621
39620293
821080593731420160
3435500037
2410742240
409934404
132622897
297541001
537472373
146067430
803277683299758080
36659457
908438330249015296
748219784798470144
922388737836834816
2343306277
1395766434
1328779579
884395414908280833
1866731
4543487849
3840612448
103183475
4729524313
921710643237007360
741772077699629056
117684599
13913902
901954935276711936
259616487
3129667645
928421018351423494
923229057596182528
22807622
3237341261
2397623176
1656270823
157713563
3401396853
1196671592
267915319
15904683
2345473087
2926456896
1277504906
115135173
127151504
2218535546
242312126
742805343638585349
21382541
928211498739961856
494027719
122695587
2702617367
276078272
95028969
885418108814360580
3388683556
1229231460
581907862
268222409
731750467
14169364
4878599399
1658559080
819619946686619648
14057781
3772894698
31425001
420938460
197256808
22826311
3071266590
297775299
3278999245
2982809595
851845766154813440
515120409
730129061754757120
249265539
865755422908596224
846402455353090050
25071586
192907429
698507767779295232
775514655233978368
15347678
335542004
832733545810403330
236194761
875153581074255873
710489382323666944
72647899
2282953796
2373801085
2896265604
841146673296363520
255928244
2291256133
17871282
758767012789293056
503366044
4061517694
269450675
460433112
18272274
194909968
796135065289945088
2411179556
3438125063
1532175576
18149317
34076904
4550662096
124630400
1647695516
266724618
251626847
927535570301075456
226576642
3233632042
89224158
18321842
81092062
437580021
103591547
155204219
879456634413740032
143587792
30192109
962706319
528690221
431646803
240326321
3168318630
869556861669826560
3033532440
917228018
368207295
92373011
72169686
471324897
480883783
709804882304364544
466644165
148233599
4874939135
997009489
12960572
831577159605039105
381965109
884474995
2331881327
14751711
824086951833706496
119855164
190389221
34810642
745586707
14897729
74989078
24587021
120149328
724878720239079424
927230191
23073343
891524280
168482098
816656101571784704
66635077
43190229
2920280589
481951276
14388075
927104463277625344
354288216
474358215
406238243
253615321
1097622314
2245589528
1937793967
42974341
291275573
888984530626981888
134150101
888982884723417088
837232966589956101
83642697
902173103643660288
4433499737
633461834
360182717
420722017
17646173
903646354186137600
1513985004
143285832
6189042
2485381766
2722415474
801511022226001920
267380869
18225415
3003922333
56869329
111656586
22495419
850256125
815000040523595776
766157786820571136
2677745738
31159029
794233084447227906
283617432
851983825102139392
28041266
896178795467726848
4807817062
31941466
3408669095
2485113662
250543278
2900104435
861685392436641792
46315975
732265339749171201
817893220105519104
63609783
207570082
18877607
925347451418107904
1220179914
435528282
17953900
837149952849637377
903972541567401985
869217147183972352
856885117
2304756668
850984376
15630646
773573510866280448
22637597
637021685
130793026
3456355572
926331826813140995
247840005
1285137534
853898327393316864
2196860159
905985700511703041
883887602952265729
49462432
2317749151
2952997237
2202467000
366668722
764308857782808578
435346069
19269310
822054772631080960
2497233522
926155735385419777
3312892536
85410195
15254955
3341583579
184623539
926086301207683072
2722646211
321593418
326229600
66079234
324856156
2288885223
113129192
3130994429
3316599843
859933764591403008
2220688086
802092951841083392
31193875
4032532039
1185398034
17913295
881960118337720320
101839237
3158131
706957529033539584
925569013194919936
60791252
46553071
849979025468436480
3546518535
1912278314
904564430175744001
830663162491871232
54296186
49103632
774153127134048260
296025927
272334736
980335832
753535538016157696
467513287
1605693894
282273564
219995134
110732233
215609640
562293458
94146211
119179637
161194920
741427396843307009
744953730961858560
86047173
78932845
440551449
562059257
314322127
75992462
913320226111995904
25632886
2872961793
181599332
885171188053532673
2179399914
20630040
63512486
925325689976389632
4565576778
473101674
715136678579605504
891953113049038849
246469146
110085540
81356419
485015953
44853317
38306887
179202655
3171758672
4163757252
158732750
48255881
2815069182
802585529648902145
73624511
373041469
854498033349701632
24970251
991714806
4553207358
2355433020
710932916847575041
316557745
849611033190813696
4895215185
606512381
1051092151
23698242
50976777
131481825
9509722
1149324752
754847232
183912339
1263639247
71730563
378639851
17165458
276947582
1725724472
742263474890346496
260735833
885356265928613888
393380118
197745801
59194613
876959022754050048
327344761
1662208874
3027112641
4021094233
432556784
353414062
2192666986
2818993153
14452915
55356239
773416773844631552
143721777
2990187110
127553345
3013788038
2864891931
164309228
475794357
114240698
901707538407751681
262495703
920323077531090944
2330274375
2640048657
1098728756
3367830112
370730334
3115929245
746050340458463232
163228833
174997176
1113417679
917511662269194240
922081546739204097
814424141780713472
2734885664
20030658
903395148557635584
2388770964
1723572542
50610938
62765450
63952041
73671115
130760193
121799850
2308227432
849865378163339265
1583712134
2607020892
17282261
2938744148
3067194672
614624536
8717392
65630326
946951332
196022895
57954067
1893028152
1053998689
1468534668
254826903
3371520869
8094902
2305385888
298674314
24503450
34644093
817610912244887553
50328723
907296039249612800
200788270
28630410
97813987
14907599
17013575
15909626
875318754342834176
21419122
2778058834
135187875
78096581
826320560535773184
411067566
125206678
8976262
1709553920
1443351012
452493137
762782665871425536
794549789715300352
545068162
243264343
127106084
24815186
92216350
2416020642
22975329
264142534
791561441715322880
191311167
1362515125
49995929
20082242
15951522
3227633467
56456997
917429284939079680
117780256
1916231966
356772540
817051809529229312
856596432270249984
21838366
24115345
2189614268
838546749509677056
7947212
91469331
2988899804
16387375
416071734
401060976
58854838
1426589732
71423
1279612423
6772522
12168262
67721822
151438969
195077621
811740484167233537
40573324
809887375648178176
632350252
5355142
303785807
38951783
2436146562
172096261
3389872269
121209486
72843426
862345207567855616
3100230334
19394230
3393663981
51128630
186434894
821843650908921857
125800997
247585711
102749040
3076964897
2222121672
16855630
16649307
808879027
235289772
540090465
76403522
56963525
116685998
220836225
14853923
19391509
296150117
235396712
36018862
1378925624
232887334
2313256290
363277773
77443922
714873193304088576
29965313
53014600
15911364
17392995
136068132
243618345
17644720
266057093
251443422
39926382
16424374
3365877981
19246807
236968586
58754930
833592889976434688
844028253492862978
285361866
331874206
4779194798
19774221
16819393
917062512847310848
1975484959
16114318
18837401
392970478
484614099
3318589008
2876506912
19953949
11676482
106023197
70839298
879165227694252033
425202998
567626234
427019297
453716941
41829156
870583108738744322
907998759090606080
3013336688
1036814048
910613723219456000
871788466866192385
321347951
41860183
144911743
1954706040
770291166
7675082
2211138776
4774544866
153370070
876670367439478784
185565154
55841183
23479042
14969948
23358451
566900822
101029259
25139037
26507958
140395459
3019727410
803451609518927873
784855248
381039419
35876207
2530183134
852357194796326912
47091721
730137269588217856
126006277
923729651532308481
283204540
636204979
1853046224
91177480
13145472
51985634
233139420
1281432296
778278394475716608
178032838
378413722
326302937
1671247123
19783561
617291887
822491347399700481
2957996276
144927740
859507049612398592
895395130873610241
124216334
831311169931534336
1061080734
28142491
882520532268204032
42265208
2213830039
481093578
370337715
460176159
304895418
1834273916
614151949
3226012324
166364328
238926804
17753873
1511345772
1515621174
71041927
836795597315162112
2352635022
85920010
2982379650
169446350
31134860
391313938
2164765922
916735393730580480
95604132
923493529166397440
112436607
3002886487
116845351
849143351592886272
922505599778111488
20931953
847621505076744192
771339910695575553
61596876
722376416
217548585
3010538376
114483974
1154406512
872838291791503360
173323589
715539938079416320
702563295417507840
872847371457134593
247807577
316395032
208717288
718868889896026112
330495688
1396877779
111133295
3196595120
2993407830
199946006
83327176
752045175594217472
892940593806135298
2373849900
16611722
743707940
469931470
17210499
633882007
2934681495
3111226033
27638757
266696234
344131711
3318983760
568151782
25187771
3393066305
918485971469045760
141989041
45056066
17624325
820542296
886294741947752448
19894935
26273134
96674498
795606391411064832
885927026850451456
616433806
31363679
850342206577758208
834066055089811456
811263875303768064
1018999369
18425738
931891093
3317456844
365392379
892700914083143681
1689418998
4217782719
2364411277
127794253
2332546578
1066246878
704974126994345984
93713061
887086254
335338856
844025668811800576
26702495
67840783
39734611
3180820929
4868255309
720690017090154496
3151646472
943423729
2330372176
21451444
876452811474685953
906971033881780226
468784726
1605854402
126464206
753581225395294208
45830588
741051623552614400
19333945
4430353516
467570473
1209672390
611746773
133307843
5474222
888067840946823169
328979226
752805528724725760
190358964
267414151
816565994114207745
847116665842286593
311813477
549657836
38596166
34460288
358316353
3305393858
2910634614
1533486175
724266556268666882
37396532
761162504
560254721
2162521524
36326416
837785794509168641
3241933413
30740001
880837860659802113
899991492801961984
3444404833
2547416542
220103568
3139630986
766401110693318656
16333453
305875093
153401100
1364130457
95113162
3499505172
248182832
44274672
395826270
53483242
424693524
169421552
705040621266980865
2383079743
28817105
29158495
381345953
2396255567
919955161564549121
68230848
20102364
2223700680
376337729
2938638857
817844715940904960
777335964729565185
40365839
911181718505361408
914144331421900800
3434527143
127859611
285319716
30391649
560580676
559168302
100899292
123103780
213634650
921440595171774467
23511272
1270233860
766623141883850752
919698138432196609
1583184746
71296803
892033449758011392
243882040
3033328537
884386780354576385
921316653484445696
921312836420358145
2707777891
3601042036
2478373544
716605918
2509534063
794892724197617664
727348919315865600
94303789
99674560
877503437390434304
69469196
2429118182
47557864
34605446
342924964
739112824769761281
705791049671774209
239667295
761275402509623296
2502501224
1058629764
735528322780811264
860620611604938752
251999997
87430455
80291465
588823371
918334547380535302
913777669
495330669
78079358
9551792
27212934
553576159
307405232
330388378
173678134
25105298
725957021950943232
15276401
170492152
3250338777
2426089375
71203893
2283280611
858070604875878400
1457641
2700559879
3034332621
84602512
857674736050032640
73684277
876446606
35134946
884385151521890306
4784157256
303057010
2976957591
1156731858
4786949536
21849865
801817585977294853
3602129176
2351489725
76035309
779641491933302788
7706602
583703718
2998177170
882181052458049536
743368342048669698
728441661429141505
228566980
318254507
887058539268644864
820132783032893440
13091662
19114369
799996862136774656
2218209151
2712672283
814065386509373440
20176114
290889806
148266637
47769126
138920003
275712545
106209638
855552702822133761
45925982
3565163773
417745254
2385071851
18713209
859874553832644614
891907980
449193533
825721095462465536
106838673
355246429
26465184
774435502204162048
1102149194
256123342
399140648
892067551685070849
405175274
852674038614728704
188739157
79959328
160865967
27319967
744010643565608960
800022402155560960
507903260
630767175
34010517
100165416
16404118
776461002984390656
340765953
852460030410584064
18585700
44050723
529554303
2353714357
3004145385
280517233
22072522
771541825
12941712
2270404548
35945824
849263792785694721
766572202598727680
119744625
780197097798791168
91571343
284568963
63264686
844420273835311106
4587936192
203539207
4445103797
60818261
16069024
4331544079
2864641303
732616934458458113
17227302
844626681281306624
2851405380
243732725
597923582
19867195
866729066556207106
259606340
2864138589
111457430
916677251734953989
1084722908
4894254892
825718191699562497
554334988
63961112
409350581
789583288105041920
186337391
448193090
2375419411
2782545348
46892184
123948149
918877349294116864
898249464502259712
30353630
885073680644145153
873912186153967619
207234395
250950901
3234887313
82019372
492581796
170401375
813725276
916742208816021504
72035551
17491508
167300343
14173097
45364918
3249315836
92764064
113656144
861969806169341954
732680546
799660296994426881
49011247
3367833203
80413939
15040767
917039272217206784
794169933890404352
178401499
1630543472
1967031198
1519465548
916308536946253824
786522100005691392
908358466699489281
795966452922662912
915323694137749504
812012025673056256
2231104034
409813585
3060699044
846487773674684416
796716443731689473
913353593222295554
915055618452533248
382467460
2938557497
839915539023593472
914895599153106945
391150100
857009470232289286
2591897605
815456036
2504981066
453503094
15708205
240739127
13076902
270807249
911266312478851078
103134000
259245988
801394532604592128
109066179
3222057096
59540201
69508144
779048299965902849
19115363
762218335278804992
725827258082955265
3958276694
911084744347021319
33564741
788198126758666240
837738796649152512
906007405892329472
912247375795769345
2813034474
862313302554279937
911699566637989888
4610846186
28526122
201295596
393151367
1053277850
98641935
2879857967
4804829262
17934268
778526678947553281
177124513
911132535857479680
910739805276958720
20933583
1359106302
910000685948612608
356922158
909737846705053696
1056064530
48980427
1478947549
1896910615
896909359246176256
173584465
761478608535883777
552923090
729356122432229376
831315529273049088
129382872
909512745795686400
894703664526381056
1009748622
307823368
909207353744076800
909026801833463808
252064764
2930991531
9370332
31301147
17795061
3955596079
18871487
833071
56705609
143082895
2769199099
908031555431407617
908024717017092096
115159583
901893309366276096
415304307
907744294118711299
1122480248
907583379373096961
1613979794
861131489496494080
723085974394179586
27446609
18659559
29664188
882586776983945217
4787904028
4189192395
17464265
54666801
336153762
892477091626848257
868529127002968065
897468336811810816
880800178323701761
770986658321883137
906253070144864257
906252215677054977
2238053281
906089081578307584
18768052
163815101
225006501
774599623851728896
545911507
901550719903379456
623317495
905513431427670016
2792552786
832190115275534336
905647915476983811
359572266
314586923
903977964861313025
278884622
905431321899671552
755275430
875003744542502912
771490854
3138213432
77818657
20143193
897947739685883904
777419191
905043640321327105
1599478428
23294176
126347125
33923443
836423274733142018
869131721761062913
3115921170
569205137
784914948136763392
904382193069383681
1548400520
904031187189899264
904048576669548545
839155456773877761
858499509281857536
1260595735
7511202
370446569
828774937640841216
2802103268
493453810
145806042
297553512
903525402349625345
851983595262660609
1888261009
2736340180
860816377879437313
34031887
861309530935832577
787211796742418433
3365979573
1366066706
885369153409884161
3282875190
745999658502262784
894975184184025088
27093600
839131317468024832
2688473438
887178353106714631
77760165
3590705962
1489528256
901707551955288064
2155143814
902643812551577602
3153908877
19649472
2392401008
247025639
4921371539
870820741746352128
492253980
3308163752
2827706202
785501351866359809
731512007149649920
788085177172058112
773445881282560000
895952845110947840
841981677597528065
74729911
3242000705
236091614
1096206456
2898205738
855167017795559424
902384163751415808
371269347
173140983
1723663903
232591631
136461752
801766637066211328
913304238
725369953638047744
266991432
368878572
10303152
743503530414080000
232390854
6995242
224369830
703296297009356804
2679521666
864518310167068672
17286487
54186984
4030313541
34771933
41783709
900264397137948672
1570018518
707933353509523456
829441432050077696
131990633
2863723369
48768304
3190787677
758471422540820484
259105230
1357609256
70931598
1974549468
782804185
381351958
348641319
726823336114835456
884775827572797441
4051882514
821567125785612288
2603173933
1260410821
865379228635860996
3199139596
1515513301
869604654
777916354879827968
753806867533434881
37978055
1092273055
2803681638
3248153308
12414242
890406160225972224
165344557
121791198
817882155946770432
17492561
186719785
834206167
4458825193
899807973706534912
152547936
735388034833780736
132246530
556379155
1097346974
71543942
805617028853809152
116684446
1573598420
161377690
147806771
2876073038
76343539
3320788901
21749791
288750734
139469411
3238815501
467891332
2371847052
701997613873242112
100685198
461619791
4921480652
853238044132085765
885944485615738881
1570523076
856417613823528960
25622256
53490475
895995015889121281
2860101
292642322
917677130
777715
746012857079369728
15609426
280261048
262726931
3548934024
1433659428
890832711816019969
2335621327
321205795
23818288
2148926292
790453047050788864
287117165
895676569989005313
363552991
3835233976
3193221427
3059467721
3871196897
4034320091
4049811659
34440438
38854447
711680198622621696
28787669
812495037875429376
883813748
783025212308746240
883833492898955264
14773026
2905831693
1032396810
901100010242281473
832871270
830282992480235520
2832060986
859763454802092033
2483018282
502213845
229946728
78332533
761059846401568774
3235040300
206794681
1119708817
29439407
3004503069
618964175
1490851658
200181650
1710537350
2730871303
425580734
2881454627
18022644
768922726165647360
628098617
2850068636
18731548
1546164530
2163820330
860350797774700544
479393513
285693106
1442849514
824488171
128035503
3186406393
725193061756747776
564398186
2784812707
728373
896867631466020865
707044615220629505
4597402360
454897936
425254537
4638794287
4832020167
900755082869968897
4338452835
697522301642919936
321016549
899613179432587264
772380895
724219080677449728
220697049
2449657910
186465157
235648313
251372955
94049962
58818897
124084354
74096942
14528926
631476182
33878550
861619988708433920
1434952777
63034660
900685740971106304
384563610
900664679143485441
791949125419802624
59106170
464079523
898255596800966657
295542114
339835435
19536097
887326733006983168
1164084356
2305046276
3150557818
711122504991944704
471122451
225535781
4295872455
773621137918070784
767667039620194304
2479039275
840790108634787841
767864472471908352
744172863171735552
2242758462
177488853
48050898
2907834765
3448272921
864486441564479488
131103229
396607003
2392047660
37446624
47202256
749986410036334592
869341882643501057
2387662022
706779919787753472
845246310622134273
48785299
180058269
741942976742449152
448664279
867743341139701760
42717011
14701671
846773588229156864
2447434460
825741440793862144
91317454
18018958
62647841
469053683
874809128807477248
14715234
2391500311
43052117
291797854
2848544608
3482212760
3194710572
718513820050653184
2693847595
54640234
816153226022109184
710655477005287424
766144118267473921
89547150
793890666895912960
87629909
14345404
405871371
288071633
21407780
882574922639327233
362473294
844843464852307969
827459876435603457
123317895
107523830
883870651328671745
1136695645
111067644
858375048612257792
157954779
780343233775742976
61301205
1602854334
822120163067789314
2377154874
34564752
2803820920
826794871822360576
185216875
2670741456
413117868
231143327
774289562952531968
889242251259506689
480262366
725224425549787136
2424272372
751233921707339776
115181997
354038795
798733993994698752
14063628
40584483
327218437
230615361
359418477
2949914213
17131977
2541714732
861978653999087616
23610945
947222210
443069423
567409522
56811078
15718722
20482617
422388827
4843656790
553486194
39564698
2486176682
500110224
18694627
900008019198525440
430928691
54909573
17351749
743541146312450048
3229980963
846350248834486278
886000430932774914
833057305516240896
256968923
577426947
892632972188188672
892635966833213442
138430349
14797687
893119224553521152
2451775934
892640159925010432
233224306
779426484977098753
47442513
4680420595
2417316990
56619104
360645622
3378714135
247582122
554967872
36387920
781181550201147393
4877802617
28791977
845037806737129472
871892346648113153
701260275886862336
872152883290140673
1885544593
793231594114781184
877800655477501952
728087277763584000
82053858
2198146752
775711022422175744
223329689
867099754450300929
747173826488840193
113033208
8062702
892505551644393472
787952245530820608
16725202
20652436
1606047786
156513815
3745265960
788691691633082369
16695229
201826972
257132048
729419136636473346
3187409643
347978094
727803364268900353
454231768
889338312934146049
494840153
737926121723973632
133599210
86501269
28733664
42073938
846945115432255489
71556059
117725901
25488066
202961654
154460478
3147703740
393584122
1359996270
738301099434729472
514478098
460964871
51012727
829343735586623489
4173721888
341958454
103812799
338206032
318540470
768077944183029760
162340078
875568705509380097
34939466
804765396054077440
2685008443
114625323
15452118
2942698985
1371186956
790268981479342080
15696991
2728535172
870206305289613312
899332845143035907
836170803507052544
16598363
827299401592881155
2446325420
534736940
846718236318224384
700222745
414883533
620906920
14758004
22168349
41909487
481124876
1071626832
3938173949
201659522
1483294122
282004683
2906497439
17698300
362081874
68403785
2902722485
905145894
14678800
298109743
417879666
14158133
3421043657
789969122
702852891997048833
193394096
168817124
2234101452
3323277814
533716140
3249727658
2998429127
20499578
1450746859
898994762061041664
310527241
1416142957
98248025
505395097
2798120942
90640559
268693290
898960025573404676
888050464507523074
897204171065233408
27164642
701435901004546048
2302030459
501211431
14715458
99422316
29289526
2149428140
278425695
143759115
262037105
15438213
814723426149691393
897329815790903296
2781365035
862766078275047424
2343824210
14858128
31707841
732595350947700736
1183116462
871145083210416128
799412276533035008
479270779
3073853746
70991572
261202564
1090015976
622373460
326966254
358333297
198792498
717113143554547712
2781642025
593925145
180265428
68963603
128063711
898624504087359489
18134015
2947811
1094005963
240473635
701468660418752513
72478745
117160164
898574967889154049
171912782
103047245
981994399
3305228545
882688386
242916972
38041344
535895126
316065480
739089916978728960
2800598319
4025055983
441251850
821763507091808256
37432636
154556936
833993023763705857
746802312199405568
2363980490
317855063
73979778
230123226
438070054
224811364
745204868793532416
15915225
2163085798
824157696
16943509
33524543
810275515445571584
15273799
882000447774408712
774089965458354176
469777070
741003421503741952
22303109
316052728
2836029222
2816332820
752551051459371010
1311998617
112502901
871947092188696576
19930732
4187578774
898249638658150401
29550566
866415747995758593
4830943996
513293383
17480295
861132199
37301102
143967122
32360707
748402466778136576
36062550
753594094274740224
898182061802098688
750999599201083392
40971140
890849880091967490
1357334300
406563961
822505659098927105
33872578
161769014
889748059202232320
6236572
473385747
784435274340298753
293957033
751288910504873984
2917391011
2772393739
107103291
272074937
2898606468
23907677
831114929704927232
18424261
1394938158
3289517908
17092330
727875442129145856
771444119575130113
3075563286
873919885096693761
877441709256445953
859117730154377216
775247820785844224
62858595
716609144782913537
810847042230685697
881552610842509312
40530404
876960503268077568
897977896500731904
2902575502
2792821922
4515521476
778065307
13133002
2175274595
270636321
36180571
12033072
1241825748
230807322
897913182211248130
433624601
2835569081
4098348552
4586719452
897893154719977477
761555529114214400
467016100
3005048721
63766006
1344695744
619559371
135024835
4865187887
724611831785000960
341305905
3239700254
3496965317
808362561368363008
813893389238341632
727979502
108596090
870094459773517825
15259234
183034995
768610341982969856
794105791171166208
18738575
1374531290
246042477
106707357
39722842
78946225
92570825
277778724
278692758
391068475
98113703
94590193
761781992455233536
2748202872
129933461
318130607
773099712010391553
849154908989173761
779102069890351105
1609060712
391089954
66371915
65959096
781856997239099392
11432382
4150406103
2433470803
16028975
37465867
378088544
89802513
827540096131883008
4763601676
118163089
338849585
172846941
3335077954
749622858070888448
21515310
1409726425
85855414
545272872
29469985
14874751
806196400358903808
3306901413
489642232
5898362
43605349
1863591786
723618849749360640
3234064057
703763599496388608
146778404
250703819
712428595755364352
2813733744
14416000
2777046323
627712674
133368611
205411359
54327931
1213627526
41874288
225322257
2498802931
156761666
1077633912
4867857808
714063281720324096
1952250668
717534441955057665
2477218824
492370557
46190234
710936772243562497
780537789553057792
131646730
719448575139127296
897017235285319681
1412695566
131857724
710531405005135872
21813453
89978573
1287255373
215349768
2297456808
2876368115
869590167786598402
56102763
811130027790114816
599784532
56715082
892945325744242688
66362459
287125643
95807398
830632771
188731528
26211314
3187319477
100335373
880659539774853122
110604845
893722020269240320
449256008
832570113371074560
3073836955
331255717
388513548
21967062
2893935832
846014785246367745
73790378
11961942
389074560
888563204686794752
816381920166588417
870867780060368896
2803951135
247003627
43426241
896645727925022720
869926735
2506854157
821068987190513664
14890904
381839605
279870781
91970882
2925944584
4678058142
126476008
268757302
141304070
26931158
220203225
2241958706
201453078
1392275551
887321426436476930
890615751777898500
743023352831479808
896282077347368960
182960865
2789962342
4000464406
2815528512
20976932
865683406528684032
559580733
722994932722470914
167808788
584693359
63975002
896042846528053249
529283252
871615733184176128
4357338373
35769324
407437716
483196934
24796373
3283898875
2732953437
883199030695608320
785669609948975104
68661133
895274142655754241
745502855822344194
880526974766243841
166095416
987339505
891412923066626048
809689194
806995556639838208
1010810106
756502682366599170
825374969064480769
139051119
14465753
129218297
100632457
229243594
204635036
7549352
113870227
196951097
832434759624036352
3169969121
3400511531
2915451835
884452316966989825
196808070
890499172801159169
556806191
711046694675218432
833059481839923200
181396285
945047792
467719135
821077099683389446
34981400
2942698029
3376134519
3815059947
3022203538
715422540483665920
1138087705
3370199255
425489583
698016053079638018
777850443598794752
2766400516
841658544357281792
215654132
3423151091
505265048
16615594
886235966654091264
77995185
149630501
54634892
327306883
70720575
22746682
130689569
891356786149793792
388816321
87989450
482920873
77718724
264822675
165933836
815314299937820672
245105680
891754675967475712
344613855
823907580019757056
802822290157215748
338171758
818922825885040640
111320672
44817482
58524157
124045398
821716771
891483433104494592
17022873
235678222
864615514840190976
200106372
2906403017
72596591
51529520
1395697321
14490585
255832447
45562782
251711956
712162027167358976
887767907450724353
111412329
3013770013
324495765
890870511420416002
747136356
888182006412177408
4241221505
849500900
15232884
837880004251897856
138519562
378830758
853672050354921472
2482964466
564173073
887666363266891782
887590291837988864
2957457325
887367234183626752
873779265480806400
201554833
886612534408753152
886202552735477762
134967348
4163273116
704130163261382656
4559337677
798900356210167809
882701316715368448
863288926185902081
26712019
2300995362
4788086427
598591066
283071766
25688421
769504673971580928
605533651
881940949236142081
881696376811290625
877083760231157760
881397711437692929
138949361
926620831
1883976108
349060298
880334432875405312
3971187911
2237260482
878189899807154181
303815521
20351695
590802000
4749041936
772176151309590528
1323638612
866979983515934720
877970936359768065
1350998666
1369481
876905578106245121
1651622222
875372476292661250
876332876303704064
371207142
876426296905134080
875592510654955521
2253168559
28201307
579802128
775679541033533441
794593251256737792
3407151274
874636756754337794
2600982794
1586004590
874265810340020224
791584706517045248
2247244062
67475962
29716174
797035170071277568
872424341228503040
2950720845
3156428839
2559261367
2937298163
872850157234249730
364938826
829444960462082048
872489298016251904
93792313
214668363
871793902751272960
113336818
2859232273
718252707363078144
31918305
833579304
267731196
2335782702
870056815865868291
991532821
851160359348162560
2847344183
868673079915892736
281823512
868495264344023041
1715612552
524943443
7014542
3327865972
723339446746116096
1619785754
792407163708796929
96310973
866536740055592961
1231435268
701814692457504769
861891140030693377
116054045
56286440
3298161152
34686935
2784228956
865820482246934528
865802795261276160
860137956258000898
717668822740811776
19581299
864895819496828928
2717409031
1039074115
49777218
861679370506838017
2260693675
69752505
862963047001927681
787746025
826009948697997314
862418755632201730
852637551252918272
862205686654025729
263918540
777945492680343552
861620866920177665
832453470221316098
795383151673556992
469371540
2883184123
861132277610299395
706203278883868673
69467467
839120727374770176
733770338769723394
245586142
2221522081
2377487270
859084864213090304
833698602681790464
157718473
856199922097500161
2377625174
857300745376477184
3219221914
854801323232862208
857691631281217538
110432628
857464112992985089
486096893
809433946522062848
607075116
18656534
2364373098
17413602
856455984277049344
3073197254
855985241734791168
852024641254113280
819515680881917952
855801838167355392
2615839656
4576275016
767444328918712320
2647454185
101870109
308424027
97059998
53791901
214300549
4132913174
2893381426
1561687525
1389513714
1954527241
3957557609
854450983207804928
3380575907
879193452
851881006017781760
852811211913560066
852728603133566976
472219610
852462684381433856
852232207741714432
596494712
245317971
145303953
2793743414
35246407
851664975848284161
2739436398
445458334
851241727612637185
807374631569068032
850765283874676736
2749103157
431944390
850179016086753282
14321734
19397578
849994000539037696
766140918575558656
504306855
734800728
2195355208
900807175
808453219248586754
802699131827404800
2529282728
1674737485
119412703
845406240213733378
48481547
848485663188164609
1662983880
848204247451742212
844504225870561280
2597438132
847972472100204544
847950227483111424
14532885
241118031
80292616
847433895268274176
38833
725655890980835328
1898518970
4684820832
17813369
2784036642
106020950
839157936513564672
46873482
21438628
449001952
428586719
4920011412
846223184705785856
3042863905
200957772
845721571201372161
845743049997139968
17960885
722648622307917824
3277282092
845695566919221248
830264341320527876
845645509306011650
845588923044642816
1951745227
824191885006819330
93058297
67809631
29359672
4810593553
347266777
764263679407763457
289382165
2806321132
844534790242086914
1658967444
843549516867551234
156592013
808297442722476032
231198113
843069668734595072
840162818989015041
842856436854149120
1523807570
842767645686616066
713692018933940224
831200213897469956
809854791652212736
16150857
3110262457
778568340239507456
842054258497323010
841527363418574848
15521434
841654460569014273
250089366
749692855401283584
173800583
8567622
834064090943336449
800455231905505280
59816209
830043564285521920
1509994796
55122204
67541515
3279688506
810379083762831361
840806516693307393
185673624
3245186953
106019747
840337451184992256
1444164037
831738097213771777
751991836579954688
69296462
6742332
780351677832499200
3178302199
762003790409166848
78262854
34139961
237231416
239688700
839287178848948224
3886585092
3195711960
6132042
133648525
44084117
2168699828
256559269
982298874
839111314148478976
1400301194
838745353600045058
804189205274324992
40875002
161065883
2718575679
291334892
3710871
3791419995
14112704
222542686
222216074
68426855
390182105
15744377
3307019009
2184909055
3244736994
2288968663
195910929
3363062727
835424332318969872
831485993761067009
824462780661137408
1543492645
637302896
2609541695
14664760
2759185219
269525909
55479320
2586573871
445574211
2196914153
3037320565
16156230
83864665
59306938
3221101047
716715471148552193
1360895809
56477271
1917822554
45623259
165191045
389477064
74807573
2431934876
16499925
1638461700
1837627189
704980252272037888
836883056451543041
417174714
195462306
919321574
19336492
1258176151
18188455
1340878182
62344110
254491421
198320074
56939868
258648290
775077096754339840
316999095
117504965
341151148
18508159
191951266
59332820
2701773079
17740383
58070906
82438494
436117419
410501737
817100484523737089
195338292
1483
36198898
316875164
24524446
399981082
149503194
911379978
824930267643146240
526207517
2624121545
84233975
237817439
332823489
830694321682739201
236279970
821973081044287489
1446660139
35183179
836351940250505217
807920591189590016
2357211261
811283715435462656
2787990268
92297676
36640117
824354654670782464
46426671
811989077352480768
22476678
756358905366740992
555393065
835179398760443906
231711012
835066997658439680
809479399011708930
15666097
539649266
486191342
259329741
744306107158396928
270622395
215954585
18927890
15029970
5797452
1394645192
834393932788273152
789089200045862912
789078277201592320
160719607
834364411452260353
2797546022
491022727
3063715461
19058238
3226084107
2168102443
313322835
3039699694
19531809
833960912889470976
2250013365
24133245
75299331
833753750531665922
833695470652387333
94772676
757421313895956484
748838630395932672
265982247
139498174
121261104
832803070115352578
901560242
941601871
704765946905411584
113469027
528590347
832840672344473600
832739127044902913
2788696941
37700120
2656970341
2392341000
811546501910433793
15781408
298537980
807627803340525568
813962346028625920
3050916835
3407206779
830277338336227331
2350537106
832217325566885888
832205825124999169
3220120753
832090609435365376
4685199073
290420262
32191438
3732061163
828688517962276864
831942320325066763
831940625259962370
831939975251890176
2952695397
831905138499579904
17327596
30805324
494222163
290183125
803287132689362944
49462888
17313189
5557952
42755484
84957850
486970980
831653452166156288
42950013
93705382
23536128
831620670157099008
2180634408
789908905
831613536451301376
2180246923
831602095740424192
831562250095906816
826489060126556160
234268542
831450580556083200
490900538
129876809
234338584
1860141372
811786547129421825
1380711
972916897
831313849219424256
1696981920
500255866
831284387081809920
2315791674
130980874
831270107192184836
828173438737068037
40552976
99760989
1684452866
1077390931
1692999542
230303826
831231514486722560
25069039
2188747927
21266998
188808783
1273359138
370190544
2291761753
829749964628750336
173448152
2714579662
831130626434543617
1633457575
831127830306103298
398707672
41064648
350432665
2425334188
1645940064
831035311492706304
190959566
963674563
778621706
2978206095
82811797
830907155268116480
2855864495
168761016
830892717555216384
29544490
16542558
1499118162
830885278084644864
928596925
54720494
1461701124
744941381152550912
18869638
271603436
348981736
757846188
450195833
612863233
635310643
830806077641863168
718951518028869632
2659039885
2342732924
33194252
354736119
253207722
7435562
130686579
1924290259
830718970760015872
429334428
374089192
1046262254
30061267
830674626636345344
830663384429367296
746493721215008768
830653415067893760
3810589459
771682904825094144
1861357040
46006531
816563545357754368
564265927
834375325
2893386898
20740139
2852797280
2192642352
472587865
26753930
549485718
880319658
830578740245708800
312166476
2416522280
349639248
2322917387
155533036
790486378509402113
370259824
830466608418086912
776295454677925888
20222744
327485046
830355535585214464
830352133270728706
961476294
283253435
2796197673
830326857623015424
948941989
830263754596155393
830188722830372865
27227718
49005461
830157885875302400
830110733937602563
739176035581726721
702163824091205632
18393753
3023173829
759390792200978432
829979394072391680
829969395128623104
747141940483809280
829929067931586560
829871065094639616
35875996
829813334350376963
829787189156384768
2989347750
829736249703399425
19580650
829712661403164673
32552440
3307726352
163409644
829607307688415232
385410160
2892316270
818790845809762304
829593129762320384
241993704
829497671404515329
573683574
144592693
3389855313
105200096
829432545892786177
246179338
829373626101223428
829345934001766401
829282570516959232
829281910262214656
143748501
324647795
1893693085
829214340154851328
829207898261700609
59667957
19251527
829061987200094214
3932345596
80469239
116661871
387886218
828958831753338880
785719734121529344
24604708
796555314871042050
828752090969288704
621499838
828721499871772673
163340999
3298979539
2584218650
822665465424187392
828666339912982529
28331932
701044608713695233
828618147846582272
3371570241
3188683259
828587357809041408
96507031
389912233
828447783443058689
1883611650
52033
828386289204473856
2272961608
823200177636839424
3027684249
282769215
828314440604991490
828290529217572864
828258849186521089
246783059
74780115
828163715971350528
3898685379
3016337211
827930084933828609
827920031627563010
827921942036496384
827894830349025280
827892617362960385
108562681
48418896
702579704042233856
827808994584522752
447889226
445468082
17832959
12150742
83583832
827703604106653696
827660831320133633
827660446643712004
827654512886288384
827621242911985664
827597303267676165
827588199971033088
827560224450031620
827578768017543170
596669205
406496525
827482411407654912
827468914825236480
827428569122942977
1228243574
30954862
3152356470
820945976349298688
70659481
16238451
117505236
2784080934
79966494
46876074
3294798719
826548844078956545
826490609884069890
3156441009
819518438825660417
826379528280879104
826367697646530560
826352352949108736
821141598562086916
826135863289606144
17623103
826091110959288321
1234135316
826054126060584960
522252957
825927010870554624
825927430523199489
19511813
825848902339420162
825708175634657281
825777284858703872
2163519846
825749264496222208
825712320764538880
825669452599541761
825607290342432768
825592670378618880
825588839313969154
825586629565898753
219759600
815650983321726976
794795628752535556
16891711
4171687583
127364850
708317619741466624
825263044896841729
2489664751
729674958796947456
2516495486
193401402
825156427677302784
4248891263
825116506283450368
825089355261812736
825039326895566849
825035110261063683
824959455142014978
1427385890
824954459453321217
824860564799180800
146576331
824584913324220421
3066954241
3131432631
824337819602735105
824337911743217664
824311926595452934
3354329578
3032327928
418076490
727635484638248960
236572704
3253705459
719890273787056130
91076624
45102445
15348230
2712899456
14164842
819553812709044225
65676962
15262365
816193833461366784
477407161
18144782
87218691
133161412
132280379
3300412427
17885638
778550184
17195560
744270512386355200
3302686872
20198802
196563205
1264556450
2201773976
19594666
15161367
702600110950227969
64416868
101060670
2415740226
98227939
1324401415
73926837
2649139831
23008559
823556780651413504
823564032355565568
120818659
56999852
4693655024
739410611357011968
9751452
68550415
1862788542
65529255
346320303
823268199684861959
731539042416889856
3194202483
34868017
14125481
537370534
787345993419354112
125661385
135860379
540573291
701269192440320004
518857761
795368869
82475130
186467957
2891936799
2510099496
822850200066813953
822790639477784576
2358540265
868697712
822545211779874819
822303513841569793
822513833805828100
822400768070205441
822319063279931392
2311032514
3178609215
821762464169664513
821762345391288321
821754746004381696
821307048612757504
821502842246664192
95220338
821171652113248256
819025284280254465
21945566
78037670
208617876
35829234
820742343439646720
2737055629
3247185158
820586123189780480
416553159
244168792
820577086771515392
732818590362140672
24961055
1614832874
820397741314543617
83111794
820277477729824771
237614287
819265214491348997
1374225684
610409072
538410752
14555370
3237159373
1640929196
182011600
819641341399498755
819619670756065285
8771372
3054919804
131275199
819587500981309441
250267268
819561775918002177
819452845955182593
819421559446269954
1396333860
819407584201277443
819390705957117952
346491432
2875597887
17567251
810176902006771712
819173153888960513
819169246265495552
2940769809
47482480
819092067754254340
780269431
810595211713847297
1022250614
1935610482
1172524272
818924449831538688
54530416
818919238815641601
381762479
730068203704045570
535606454
141857575
353433777
359414908
764466196536229888
53197652
3320874439
116363792
818793257069146112
195593811
575658149
733221135580565504
42700051
149056959
818761880235835392
2381635627
17625857
3367146257
3058600180
727412924944408576
3315116365
174056356
2351528224
3184043512
811569175370022912
15742996
3088562171
818364728594563072
741903800726753280
818294494881861632
818276664387977217
2931790652
407337604
2987440066
818158783260164098
817748631382093824
7385462
627591769
101542844
185990995
1273576430
1917354420
19916157
817887765161381888
807959052122804224
4261409774
41613412
39001221
1671133790
25083630
18629425
817735816063647744
817680858798649344
2690499097
2160189685
724276198314909697
28108332
1104914340
48275915
1289385842
2940909615
2194938090
7724062
161110007
817398429382868992
41522865
426954551
17798031
408521540
47920424
73235034
37416661
14814133
1038147762
799326399362400256
157259593
19793538
1628112372
112541803
97683763
186087439
453787949
4402753036
816930558559326208
2848282539
40761688
716740991319941121
370544160
556220207
338039329
1770247836
1119339997
43354289
3365723841
16225510
816691795761496065
23949603
38616349
2579679201
1205424451
497210262
294119055
49261933
2328226596
754395255223365632
14274428
4728844779
289359879
1573798656
702875550239490048
13296972
3357471568
2891477268
630183918
2729957274
21287262
3252221339
244211012
804256558599307265
1132041060
99322115
2730684159
1433206836
80318402
14465607
17387544
353789977
606598227
299160057
119169398
108697764
3107676897
390392465
468736390
803707333943689216
384410612
22100892
296197591
982244611
2709546943
391568444
16928019
308266678
2823326241
106044424
2917016346
793816456760848384
815900570594738177
7512932
810285832217198592
832507752
162400484
809175419526250503
119877965
523613526
815593847300333569
815501566237085697
2822218232
38139057
275276082
789433757925122048
118236480
186393791
50200233
495275732
263078475
126477062
1610461770
84187726
124353996
72941859
15315873
2568592763
14253882
29647885
1357333854
814717988792389632
49317233
388516539
1439131
67151305
735549924
1288524805
860257435
2936689052
21906900
373018776
814320172320378882
570316538
2863067405
790209461453398017
405608932
814229279789740032
3324512244
813681368169320448
812672657246146560
19900159
154243574
102371635
1247658589
3723667947
743841482734448640
54042904
3295519105
2935702507
2457302703
726353509612937216
84777101
813742131344863232
813683882390421504
117855812
3090817057
813627561926266880
773576570137145348
47700271
774072398341701632
796266843308576768
48084978
21646881
123796402
197350354
808780386646032385
46072418
2412160371
3763072649
54310476
109110641
794516269
177484964
953230375
184937308
106147005
2325271597
2726806519
1054664820
2903935007
813294439795949568
1381371001
4883546963
3149025925
66779447
2731725341
695670959156633604
802959686190370816
87417967
590125511
2595332773
789614618
710310336604274688
2861949379
566790438
145582235
20510458
2274388309
783848266488090624
2269522754
4906047820
3529376656
101785373
1394214709
792388595088756738
811983056143847428
871782679
811973494128906240
52143315
811848218900332544
713258378
583698484
390925078
796289168544403456
811543640719900672
1147132458
3553791013
231043601
15994068
2434883094
23306065
612889857
26635483
95951198
811192858686423040
3298638625
884542592
794535782
1306034336
224925921
810119227696877569
375470002
810899828431552512
27046137
1426705027
393404569
87397677
634153499
810705688049565696
286888568
109690809
34233546
726366170
612553767
483567744
483705114
810546000364351489
3371376795
49266827
810400037574352897
18313600
810259922910789632
22605034
810028646056521728
306671330
28502037
2890157364
809818683249987585
809639573932437506
1150164660
809599548603727872
1493144203
730371691042443265
2261724742
127323083
17272354
3250931856
850902548
35622661
721344031
19525377
200825884
106582776
68027706
34340409
233451041
73626870
22775127
49025726
20254008
12181
395359261
808642297483108352
808608827478339584
461541900
808471846429589506
36361198
272438146
808325129717612544
787847560224468992
175316174
623664002
808198891824959488
18996907
3313850984
808016000558006272
177826890
807960673863008256
119830384
807931786881859584
807669974831599616
1427880290
2443198921
16901643
807614697868525568
2548262737
807595477172682752
1384191134
807577695303307265
183119876
807437606271275008
807313088177381377
275167309
106200494
176250843
807195670943825920
3400276632
317150447
807019554756927488
2943403678
54978059
2242369681
775811763971493888
95685712
2543736351
13201272
1244713736
806596783640104960
806595781138534405
73039079
191371639
736970620622274560
286276639
314757044
806465135329955841
806442711645450240
806378881045381120
806364971063984128
2432007015
806341002361454592
108252378
596921631
952301269
2967820813
62374282
55856905
336563984
2956295664
732438909595058176
28317751
800665666416033792
564880980
806061341278666752
806042135577427968
220789206
331069269
2165721816
251652655
16889121
723234222945767424
199551313
47213986
151504593
40669958
940770056
40626144
205824307
63107400
124643224
2157387439
30373036
2423361552
804353643499532288
343689230
329831564
149246495
2326278535
280581683
109920709
83410137
305449706
1101664128
511025546
163799748
579886102
151533184
2842384482
2889971131
275137946
369874769
738193638757388288
2881190882
14792111
1293246564
232651931
2492639450
351650788
593206159
804932206472859648
1132583654
3318228161
230521344
16089860
15385234
987973435
77794296
227957288
43448399
542380914
273693281
579615633
15034273
15106188
64650186
2635416433
712739036
2432385827
16635584
121432221
261384459
44983352
518483559
21869925
15363272
1316626128
147992230
789889134231977984
1052988006
14356360
2148600081
754659741947887620
3144403503
158121465
1269890821
602837106
1267850515
7073652
112949856
838169948
13959182
22840312
36119194
19506923
552868250
14223501
783934489
10368492
902921982
590670992
1553083404
156058402
120277013
895857055
188328580
942888001
360176563
193249971
1696
34183206
16884898
3303500245
4498582192
13839772
5978742
134347461
40526875
226264154
17886319
16487505
42141276
67055888
58707675
454396494
575617243
2903812140
2664761
14529292
105412769
2320505144
794705692540239872
12629792
36089117
9678422
244289428
18122941
804053608614547469
805035469788610560
804854920847511552
801998858775498752
1183390794
804277466944577537
738231471886897152
170899323
3394420797
804695212010442752
804685104941531136
1344865832
804626177927299072
804232274937987072
1530050863
3240870677
804584154339885056
803409411742060546
802944039276388352
803772197026271233
838252117
803958244787949568
178203295
118916960
796077358964875264
2264447724
461277978
106518416
2759431396
30184871
719355879967969280
804437188725407744
3192329717
804421973984034818
2478436797
804338066294972416
4846875599
16317080
1902279678
4454842999
797045781391884289
803955543559704576
132021364
2439955364
799311657147121664
5414282
399125922
789714154898595840
803267143307579393
147565928
704532360021184514
138636505
1106972132
15366303
134203487
391481124
796381197559533568
802011107590369280
515820670
257581957
738426320745598976
2265638461
801695560617037824
25685447
1692039402
279968897
801273641862303744
2277841680
719837748161613824
801130034790535168
2852147114
800894935310286848
705230982794731522
800798071349096452
340953987
396467894
138722125
800694307329933312
800685846923866112
3249971522
217453809
829927784
793476174882058240
739890227360079872
786974970207432705
800395471831252993
717874308
4792264239
181350939
217087542
799735869976428544
758800896906047489
799595029429944320
799529326295322624
2540553127
260272608
2565628206
771973044
781801909397155841
757500680
798894683866988544
798853926921453569
798793845152489472
778076147980595200
798623087914782721
798615925834608644
798577011304398848
43546571
3247148658
798426544226058240
798418199171698688
788140754707238912
1202443153
798185206121381892
798146858887548928
56647113
745920049093939204
410400598
797772184902979584
797669248902590469
3041513226
1577283061
31551369
310442835
834220075
796983714823581696
33499427
3100246725
3386126555
796498825749921792
780746748541054976
424492409
788277463604396032
594387530
796174406481563648
796027826512142336
17937811
795940539384430593
321080520
2372112068
3221966435
321622806
3791696247
4735121753
235542898
795194240829530113
836502739
317062274
104833072
773823665205043201
794814441405685760
794466123458682882
708318504122855425
794330399325491200
2685441614
778154314879688704
2951774580
215256897
2411568890
788646442730524672
783114794094256128
331526382
16096271
224819381
791387351574540289
3061730077
705841407177707521
4174782075
2345072514
3405580690
161235783
580042764
245651177
144559716
791655188528496640
721866542
35379860
781945515411968001
204346292
719796879463215104
12507242
45496039
2463365922
465119426
559703890
17170805
790495264532488194
2492065682
405424679
704217551534829568
790541119520120832
14375294
1101913766
781863872026337280
2583595297
1649946230
39036507
2882795194
755743331624316928
706833533285695490
436568543
722271205139460096
735025873850503168
19092972
17194090
2350111518
3311607237
269058519
23604785
781870269266669569
214692150
2498046205
48057281
2303579569
4764256936
129178313
88920449
1684937804
971043500
1729674996
198492070
717769976187191296
25397975
619321033
331156135
4520923277
17077894
124354625
740157510083092480
219397176
111679979
788006798527647744
989164957
2615633281
1117133244
564583653
270711124
91205589
785668132673171456
787765723204583424
560136421
571128096
1092287144
358801270
371927807
787566290558910464
708807893479362560
15128212
2598246212
595600840
213196912
3252315720
102427159
4820876653
14669794
181914188
724499342950830080
710889784575664128
786921861909184512
14070891
32528318
232743187
67066318
599966980
962311789
2787943965
18784204
1167119072
2754156834
786526148389777408
349772800
473091159
765250034535239681
1261178780
302788814
740580046465703936
4824093730
1599284948
786251676306935808
210635657
753461584538853376
3298472200
867391927
58482523
180300832
238096944
271080433
59600838
355488436
758323161146458112
2293252820
525456945
2686892396
1851469771
784356860480614400
444771751
332798565
976820658
14436372
19397795
720204051552550912
1180376864
170089758
85912626
708814032455729152
2250646416
785838570154196996
102089809
559188351
738099170020622340
720329131049627648
743885089898106885
405336315
775817643097923584
1942990032
186197243
2771975857
55189975
1291163330
12458
30634148
2161388874
3254103512
48025018
271342204
1539618818
519749556
293986872
157905419
490358867
74408192
708516897818591232
352446530
38153308
199057635
774340893985890306
785524736608636928
2978869750
15301179
35800900
2227143195
784644875320954880
535166689
2563200393
41264182
785306012865601536
215849328
41501988
627468858
709199600557527040
292328371
90481214
10576592
1957513722
20096126
248462402
2896442764
158540937
772547260542357504
68486270
781858002265632768
781940514790703104
779670608850345985
781971248012152832
2594945227
252123139
993223009
295128854
142304135
17373961
2974484592
781990869255659520
15211585
90303308
27063198
2769590864
338657292
128496563
734671403899723776
122593212
133348192
784074908280160256
2358509163
4098023717
2401933753
45628637
19111914
776305397107924993
488365105
258018284
355448179
2788529930
714253352893173761
775464937573457920
17883030
129286562
783761379106979840
15709133
783478525298900992
2750350831
22298487
79866684
155558014
898856389
327318448
269057643
4834593351
2990178672
3252014029
574287769
135842936
32880899
1178308009
37916396
242784253
274741475
776198805767106560
2760845157
2153921852
140565954
602361164
313098833
2536932217
216695058
196859390
783390382226825217
80299702
1091215446
3032830623
20908422
3021935936
74660943
63856649
170026440
26464319
111931836
156965083
384418907
301840498
2155260794
94649489
3908902533
32399360
16580932
4005034865
23468357
4011296541
74709341
920051202
1250727368
2595845780
14817513
396681439
85136569
94602573
3026808910
3400893388
14355425
354244350
70415459
5999452
24903076
45396158
198193473
122805498
240140468
749224782231638016
779630435529846784
774788845
4004969358
3304584831
21648094
178724083
456691556
738842743053553664
1494243667
50392973
2559855768
1452872743
183805539
270095431
574009033
759771288974008320
2414937276
2733123237
723534436491399169
4195941999
4092547581
4517104588
4729552238
1123332066
297476390
189124473
22465707
122667487
1880922720
298439755
715726651791781888
579646570
2467680986
762697164678107136
305571616
600315197
257110989
781931128668192768
3194845404
781739505845800960
3798439874
11158652
2155125889
93683002
68036460
74991835
2794664691
474463923
211988248
778835689240563713
1891345002
322645173
342240745
942290881
245010803
249770660
14734548
421421632
5514192
748741937725775873
27549971
708778975628124160
769257565276340224
575469001
98449172
1499419322
118713793
121198602
278206921
526450752
335564843
762942159335088129
76377133
19711691
265319105
3184544247
876752546
777927550508998656
3047863748
207018315
189747883
13773872
16941292
2978582699
714731088074174465
778087385494093824
2951049648
727860608855646208
372572406
707565115038572544
765644014196498432
443117857
813472477
320946636
47313547
844675650
249885391
777236290660171777
115858838
775451761150660609
1738524913
776866436220411904
3726531077
721418333623558144
585936148
949984268
296702128
303166936
100654340
547904132
703909207775559680
360933408
760359301634404353
182493733
733386688223956997
776483252513206272
10554402
2714762413
2396686260
81396330
2535034942
175481842
1177718582
966454316
407309820
2197547720
2991959211
516308534
3064654649
267899102
164600527
174953745
1248350874
146536061
776304985084563456
392736698
4764749616
726149156700565504
1539511020
216558300
2450565163
61300457
757117388366213121
17659982
771089361660239872
764176829041274880
3395637394
148282443
435142161
462901147
757999991851933696
732584754210562048
282098045
775735246708887553
376731196
180333746
16565151
16894486
2509965840
230544545
768455059302653952
739947600913141764
23959776
3301947914
167025549
552697196
52560557
770281034
1173943994
729743984927514624
773400817575624704
2397517897
45544343
399842471
85540772
3807057442
2789118342
29623735
2505220368
209625276
3358500851
11062352
1412049415
51852620
299823285
15962184
1466324593
2891974662
36949725
309051878
761946705969446912
735515795200086017
1618889515
2824915063
771724303427575809
40629211
2190817472
235084222
771460840964915200
1012454034
4333341673
315484925
745997186060685312
19252216
3128140781
554520888
4517453961
771013654292627456
3345344960
84718229
55712928
2657697877
89177866
146168830
4825287029
16672818
29701191
760485612348735489
81798714
219294652
724573976366854144
770436206656118784
259311231
2562613272
1560971378
41226653
1526658577
92027126
4797075207
950859402
19290107
3016620024
81891085
1590037975
17676090
2316775836
461320226
4642090514
15619045
3033829189
224606442
753237851794501633
564730876
860397649
3131198884
207042013
753166486210879489
3760820412
24317232
17004260
120530290
137610793
273145513
4264249456
14854767
718834633207455745
100439668
3116024574
706864130
755582754041892864
137004220
1303077746
161532559
768524732534624257
2790117673
2477228156
82371145
757678554834309120
748884938926075904
119802433
761908008364322821
22379066
280942797
617734710
749514179380441088
733408429440569345
283813288
509387465
205424283
765423841954918400
3046592477
730912282033655813
70481222
257524399
2365960765
258075868
2833662561
18857913
1586733960
403574175
39909207
3846857059
49080826
111142773
23170742
1049061396
56349332
91608548
34234990
51078061
15433622
4824201359
1633514028
758186105833263104
183331242
767224387791716352
767213829637959680
19497168
809896268
552275776
3179471878
766877788259233792
4156826357
281944445
8182832
2726077873
770848453
710176439430209538
10302922
18851348
175255682
757962949181005824
2387342042
747909038520811521
16322645
724765317663199233
554147074
4733219407
146634835
93087739
1452720702
420585565
154244771
317191592
67695721
613782239
7457322
763252769306320896
2378886367
4864643339
43192340
974171766
2398465159
4924802613
16247029
75249632
35734886
71853682
609159005
772707446
901529467
2475885734
23078437
865224338
764126950952624128
142954090
109272922
764085476911255553
2302878367
757861682794278913
136401228
759183872546398208
313119999
307828854
757932757599318016
251354415
30344426
109098339
4659422116
2247975535
7293902
1714948615
624446066
1121046781
762917096170872832
748528512147939329
708185997
137159973
31733235
16025380
421938080
25195591
20567743
753359461692039169
186647026
271577158
738307463393517568
701578820
28664772
171717638
810929
2881444323
492991594
16175706
729062130
2822515248
59852255
750863058726219776
4153726907
120941602
591001271
240867908
4032158783
760933804261289984
2459374458
20925925
19939596
298581371
294720557
82373452
124852615
2376360069
288652144
4556162363
726967093044776960
201405493
27920729
499587139
118783062
54748097
564021269
3435515854
755994519724621825
628584403
2154127088
738104587517894656
1644393902
149756966
12322762
198821450
744251204
1520343151
48472574
2916255125
406098991
795162
1098574376
2184254471
14620491
91860794
3356500029
2392822687
49136122
22201568
758406009798950912
14074274
361763891
356413402
1348299643
3145728307
2350451402
708994076344000512
3434089043
760394988664528896
22390043
42387692
760212681559252992
19287603
759133608
152174463
3594763280
23993329
42182163
3938372313
758918774636417024
24287541
1722431040
735064662073606144
246762775
175297774
16786966
367489515
30426287
2558897374
452471818
50759157
102320916
4787738636
3484885275
431983412
127069741
4001196913
57065070
3002314237
578992812
2797660261
2690261851
631980531
2427344059
192752938
1570199078
37355302
356417722
753659245602627584
2763575163
361044159
17111125
15244732
59840147
1689040580
2184943214
4625078963
136074593
1148897922
3091246977
33908800
185307561
206232416
328381734
215621879
758621808631291904
19605809
753670060573470720
711269680611205120
60877603
2820638401
30206938
15585230
23500215
78193434
2865427814
216091166
67580783
15157971
757697102243692544
335167648
2997313860
90304480
979932248
302799104
2506511533
65104940
250772218
551408225
53903008
1746505038
16529873
74013783
65374102
1957458986
755721070993440768
2367693487
40142780
25614937
2917339128
151420956
464862707
732879892531011584
72031338
133001400
725029102516883457
3119727894
813039
221054914
1086738932
115710615
14984404
1747262966
2574632838
373946506
2264894712
1476220495
715504630000656385
426127804
20913635
754495104937787392
753881227124477952
753876978495782913
750625018233516032
752867010690834432
29167387
753026188394762242
8673172
743590226698723328
2535059462
12576482
718967543
2737097365
18863844
18539194
71152053
751736176545980418
128596700
751701403848978432
610759226
2194747039
21897281
3131661081
16228257
386992389
20666339
563676248
318068854
1056176180
742733651448844288
911520972
4745702833
745436891210719233
1694683813
750642153148260352
750580740555993089
835043887
1267289136
2400792534
169022585
2795687705
187456433
723138692676644864
749914340426481665
161332399
3244131755
728916072
60690025
4113552017
748514816596283392
748514754658959360
4834398615
748363962429890561
13221042
148375627
748212761117745152
740216913834479616
737829278662819840
3763749496
44681392
4849854273
2917040642
14443412
713775622007336960
4375404323
2794322664
3883852395
745631498435436546
215990674
3044873120
741197408252637184
740165877857820672
400561564
744354889011179522
3311738046
743684932426305537
544615408
3426082396
4613437997
242755370
108578268
1878473497
4375395502
4017684395
77755590
28680774
360200524
2173452860
2297000378
3408883033
439364843
742071732618563584
207031770
230461313
406912860
733334664
14267980
2472191965
21740509
3258360944
3100589987
701629002939650048
741081944222502913
972036762
3131243261
64159235
741234151718834177
728574536900218881
734254240277757953
4202732123
4717164193
1048931
740588246355353600
740515531673862146
736319399527874560
3873598893
244925910
709367244250292224
601791612
737607048339161089
4744310058
709694177445941249
732873837411373057
4736472683
4744306274
737608794079825920
4744398199
4853458547
482591300
2445901969
730008400075968512
129823130
49677817
80206649
332939414
739189314186321920
14559909
2315160673
79746436
738877870949470208
18847371
777315763
249803753
1011755287
726870200356855808
49282937
4804742449
707938466382913536
738149125363884033
79604638
18000763
1960995296
737985730132082688
193449207
614510410
3296817926
4744167864
4722091092
483928137
712633694629064705
737548704282857472
737548131932344320
712712159403319296
4895457413
204736152
737270485432467456
965142457
2344179492
710085847773782016
11402482
38886848
103419412
629187919
717061566915551232
93654069
4053720820
3329371499
253380533
385045586
3435454873
736133572692697088
3001767247
891705272
574345025
4738500231
2478366402
408739333
75430073
28970126
18868400
4897820513
145969405
213273721
23737069
2430889214
2981019777
2716556409
4647172521
249871233
723055213658050561
732594424828579840
36091500
724680580042989569
719500868945645568
20676003
724965538821185537
2365906535
30479100
15790836
3248601027
317727453
256673893
708559276596453376
271954817
95273513
1964116644
730968517239955456
189854509
733695091190202369
134736674
20281705
4528803987
1308345384
144682483
9251682
2575444508
22011357
2926422877
23730945
2392942556
108784681
710846683559530497
1010404891
181382163
2485834153
4802912387
732909587464998912
717973797366697988
732844176212123651
1003342951
20424954
2935641079
120901038
3092050619
3102273547
1513434746
3007162188
69246183
164043252
267485701
105146533
718073725510221824
1121591
380487157
4827433177
292577324
2203755158
1961021263
3384018370
1924496816
44489174
823790216
1269200970
4767745256
1292116872
2227509974
2375585300
17453337
432029072
735633506
114574402
723755087617617920
536347417
275069737
46342967
2233256256
224801019
792869078
84489844
27810994
1241690875
128565636
301554059
874690052
1187794693
728428076116381696
3996774737
3983974997
730803025409794048
441591740
3047934000
726414640520024065
3311323178
724057270686863361
1386217801
730181728606760960
12072702
250844524
522379975
320693394
729906774430593025
712360088502013952
68081066
3469493833
2372977070
729319588505202689
43065413
329445583
869220529
728656930823090176
974571517
4236211
254620177
89551852
2317257660
222039288
14057832
725594050141769728
725680997321302017
257680432
727085094394036224
727408824785752064
722686995886182401
71184703
717501298459992064
2397529154
636868811
4706874450
3115886900
700413153398677504
68224091
25443588
531669272
339733481
19246683
26471554
144981113
68555842
23381636
480357080
4898303816
4874375871
3639835337
2531622068
405543484
724801308775964672
725016255854469120
2724420097
76636200
16528337
725293508836352001
11418752
723083411477291008
4904234789
961291344
4846551526
723498900485709828
15640162
711904845863776256
27206387
20436050
2440748324
20894567
4910502487
723081778898968576
158675898
724516393081692160
320602921
2267411124
2301973518
35222608
4866507839
55773725
79777444
414523506
627280991
2901943086
1024861592
1265463398
3615838583
723608835232010240
723601866047782912
47434415
710587119803224064
720836614532935682
6150202
4451397753
717926615179726849
45421270
722931171521347585
2436574953
2694617210
3195840560
1329993636
386696799
129077561
722333133547421697
1077723156
3012699500
165495043
236964488
159743999
29510241
113781137
4850065948
343484664
247839681
2263066291
3965341392
711685994488012801
376665053
80784806
14404434
424189478
17184930
284241195
53105686
64207290
214264816
1060889586
2837972788
526650302
2190723908
16521268
295887056
3401145454
714782991541788677
3052338627
323298339
541247619
4816370867
17752852
2310333240
4449242594
1662782354
1114379558
239624941
270212550
2892893483
3679388175
721807126864203776
3092183583
12834372
192475472
545162366
3310080263
80900244
59871513
113416805
715852867475808266
3232904432
709377687509475328
1534891226
206232082
4003665792
85470023
1578552680
160596928
3493560012
2478090558
130276212
444785304
134230288
102108884
1326684985
720812913712234496
53341268
3809696172
14265482
720294781218394112
148461618
40501528
720660528465469441
700714803476586497
75193157
18267263
4829104221
733531398
2220986255
3277010606
191130837
15143620
135340346
601691498
70104328
4626776075
101812405
414778163
128527609
212243597
713274051779813377
4332578656
2701408981
288145037
344301330
2994640121
21548566
42669663
407646998
728084760
1061160662
583518217
178843090
29255653
3226719735
722803544
1658700751
240645232
45681993
2602030434
285048473
421390907
19038416
2496494618
3072662914
25953249
505882250
24118489
92340593
3182929254
2987037027
2182163698
2975588380
2254917007
17914963
1159970893
4911556549
1861098199
286886657
4001681663
1298008934
433888526
51030166
455461385
3316846219
2358510692
113673418
18575498
148800323
2990185565
875408088
21216448
703563007507439616
298552988
711718933955530752
4759377016
14124542
619614611
1979492167
65809793
3117870591
148160316
88266536
3824780849
31100958
156473668
17291463
138047159
163610854
712736295563309057
257642867
1159577947
576877555
943314230
32646364
34933917
3228239164
44055011
2959515489
48236165
34251935
18807670
3301554175
2209521830
182940485
15806521
1870880994
181487306
974512370
3529407202
3162630079
708551103390986240
409144421
42372514
18785467
48500685
3018352425
2279591198
1288393760
45397323
51367114
249202384
3044872408
1470457172
2674921
387514495
718847140924166144
335685290
2183928226
67514751
4883569267
17429002
701037412659630081
92638139
4678610420
12564042
72288444
372087494
146965264
22053051
3255668526
311060000
242984239
229790606
4461035303
24711430
710437548603015168
436209138
237855741
462749836
706860451590762496
3704438355
34048323
4017683693
978663325
2878578639
127169628
60563417
152998435
718537032801366016
558374289
579674154
1034476627
58199261
556815223
232537201
15394753
25280569
1518610057
311476854
19019494
18042413
15066876
1053466464
3314321803
803283674
961039602
473588093
3497268500
3124088130
224668205
443768861
950467010
717272063304736768
17555015
717922233927086080
13821312
2640982922
2220416131
1130065783
75517968
710693090055610368
22725025
2533795992
709469711583420417
1509241
480633746
152522053
2909826022
2208435702
15089603
3140632096
17075185
476443251
2923351317
717624916179230720
20291192
65130553
1326596677
959428040
3152499949
143695063
1634584999
35601422
133769431
717553400414646272
47503235
3260159646
10314702
48699398
17077658
193169857
3259480890
72593140
108865069
3217754199
283078672
1099474928
133578176
316476860
76404659
3349917072
259348794
2896836572
1354729152
185553
229981000
711183574960119808
28746124
15673818
86925520
2943046925
699997571389853698
68744591
3372096677
26754969
20807190
1262748066
89265461
965647932
167040359
583551903
289513288
56380373
2151715965
76471168
16807573
18442305
238377930
93259348
18361078
4743113341
2874221903
16923409
2477054264
3334638731
540840297
10884782
87695401
3646468646
8554062
873561230
307829790
1734343807
474636575
4808869147
3098188170
712730905
762603296
145347713
48489954
1861094190
35227172
316759888
12781922
3023888532
402950175
716722328403447808
334930366
401793159
367981296
703891254971645952
136734371
366903492
114545606
3102328086
15438891
1706024486
298978560
243072901
2397147618
204730010
179749978
74856890
715656889032376320
346708931
790763084
523622062
714461129875988480
94604474
343306629
332702742
716518726082949120
3846175156
339063450
3173128648
4106900596
76614505
29758541
400641351
15188200
20437162
422410205
19606850
16285104
84428533
1922414958
88226798
18884627
2978491632
306227662
35353014
1623941820
2856829841
485171514
3001865764
716089400887615489
48903
40720843
4918277127
225387249
4842356859
703416210952724481
308223042
21035192
2953968128
715183173949218818
88366731
4760176140
705347959467208704
2240652491
4228336759
17565293
923034240
19987629
697447994132733953
1947926683
3068877460
545381220
1279256066
508977748
715789533774802945
305765471
724343576
15642618
147969478
4099678162
94866459
125490322
17763042
3003750312
14535018
23428163
2447341464
85200100
3296593011
4659671602
89186018
77170575
26509259
710110377636265984
353094085
707495925787320320
2906089011
3140069766
534252581
1495751292
18977415
449088719
1624045602
3950790987
15909197
1617974876
24802418
714970455627710464
2559897162
4880020847
3428340135
21952042
16464499
2840068071
122102020
465109774
2281292959
17346158
2758311487
327659945
222022317
4469927543
19033000
75402700
3594123433
4774696926
337542298
67022077
278571110
563084750
264785957
1285256220
19767448
50780773
21556083
121762593
2591170274
2389006518
14853767
10504682
2476998830
274295451
63527074
387176695
56974530
297873305
114008101
156926668
714361414329229313
8108072
3238292444
80183240
14805971
395438267
594291183
4700851355
1374663474
24146450
42003908
14826543
317009906
1137367399
17064708
267921340
14441702
4361783421
2352534211
3253029228
210074159
191037921
150589020
1044962558
2539660883
554282058
3271852338
14569295
3043137882
1322230477
714557135057629184
718683163
314867128
4274990902
1418473062
23743186
56090252
43294568
14888961
373573735
63194055
2766462918
23363201
2374559016
3009817578
341933124
57583333
19051213
28168497
2726200776
953346451
97316399
13673122
3224242123
1727038705
21175884
54994435
318988563
2426344674
16297216
30204652
603597972
2247036602
434381022
4917025002
18380768
1431341
203739230
14763734
24571629
255708408
922801956
4890719429
2846937716
1540648200
49784186
544445443
211419571
1346579581
297578255
698632452613533697
457588430
95670177
60657839
183300788
399025012
36676269
69306376
21074372
4889248018
4873590730
215782500
4201204582
92834514
105694001
709504141496872965
311699994
2874840381
1051523306
100930949
1433630456
698357640208867333
707591424200445952
206946694
596046097
42079656
2614786802
25536633
187524559
46603773
3268673270
12703072
706071522830479360
145095746
20349333
2914700938
113125752
3355521333
709079322233966592
34050533
339678192
3131003537
191204550
2960481
400280568
63081351
2888514983
389789390
21317099
502428254
4197811872
24767198
37573292
1588750386
22919451
120890792
864537295
575964689
14579144
43357456
3856764196
706359876734193664
2153974213
3168108102
4841341863
46493689
2791089393
4846416859
714146064304050176
13056112
118428263
711577470013603840
310315031
18440310
61198753
3650163552
33293623
4868914672
546973454
4306439301
700550494679216128
4794794790
59698636
131952295
144281364
329558084
191943613
587682977
108262849
78263745
13906222
56252103
4826646491
950586102
1337040968
220395108
713953019436470272
14969694
21364476
42694948
14432326
475568156
3843675914
1143678590
24407153
16988530
25059071
141765867
114609712
216116182
1249695446
1930080264
399050341
21787974
546898319
2898675098
431737873
25008625
3256209378
240377071
585521141
2332031
19068486
4911555699
2198458504
4620140002
3320466517
710619111106158593
3428500275
4904157333
4268813189
26989268
3173471627
3057023217
38873926
131786415
110433336
42469463
27495301
1913049703
2192695837
3044907810
43433353
2826375877
2393354456
15521167
3970823240
1369545768
89437990
3044943484
274158523
4537957697
200872185
37972104
49932212
18648537
277844719
2691646866
19189229
389586041
307004396
225120372
150561485
762553158
2183412258
5385262
1042314018
335655454
2680833955
3235735445
430173496
52027465
2834672488
4239622219
261460641
1918585963
99484927
19321222
700824081797668864
2812401848
148740927
86980973
94491281
14844086
1398358922
4416603023
2828756724
778578656
3309491228
4793151291
1475425111
1326330290
9704372
28780968
169169307
1416543906
2329420934
322125463
2605010475
84624846
195869753
41860650
173589635
3100617658
69350731
263092501
733047625
238775531
388501439
560694071
14778397
403697545
523479753
299297640
15231737
406504360
3241105487
711901416189784065
15875930
361853158
369262290
514024747
427767894
138442684
710245835439775749
701381527855374336
64799947
72866756
712138382567018497
109638518
24833156
199549001
261433674
22871735
628894863
3295389671
476774844
363616415
361745113
811027
355211351
2243467934
2909807976
3048151923
4361849776
3110273690
2220451124
586941998
607874799
238550991
458580460
260410588
1300299558
303689843
2985142929
270494870
73080402
594874694
582274579
607220819
611821209
706050427255652352
2890477097
272644552
70804241
548373739
704238202790518784
1251293210
3273903552
274400101
711173750234845184
14272884
325625178
3091032342
18138592
138929044
202486088
573825490
3393438658
331304828
2836461793
601600802
1979632663
701413439957311488
2929930087
3381438611
710885145050480640
2666871900
7788722
4256804343
4255273000
2694762337
1386777170
223998090
194710086
840063229
751548764
3219815198
214212222
3938670195
3029107621
148756464
22866620
17271358
2573832655
115635864
1127652506
3074624021
586414165
192092358
8511102
2191041
195759655
2712328333
259865386
272313053
704322063486558208
99922444
243480118
4721911208
80225222
135697386
235613642
183477012
15009098
742918770
392111934
1354148292
939011982
225782086
361092793
266464616
709970088003244032
2645928960
234280583
219221715
4448002766
28193519
1862569686
63819613
87937244
176814590
3369230007
2340978469
422850700
2875131159
124596999
2752367243
6079322
3540191232
4164047597
975758760
428525085
3437984626
11299932
209312180
196002218
4103791661
4738310007
4894071555
43265119
17806561
75629232
397426265
33067905
36098339
17592681
2780909892
14539215
1909697737
3212592303
220829426
190606010
605916362
707925217331580928
3261996989
259990117
9357842
709276870458548224
2820286468
366440331
345822153
1336859047
4640462942
3061134334
1312068378
2166896149
2722886833
455138746
67445830
1483718396
124577257
2685911185
2752659957
2816104456
4901048214
3299933779
3871430325
4536635656
2364887166
56694161
1044701750
248832280
4269408554
33808508
2335147694
2164314605
2779161917
568396952
280277871
569124043
22524953
4127683648
110969086
3727158503
252563238
21486376
634015776
1259235738
570245381
3360629141
92143472
3387125415
4851927717
2366935027
157201017
707336278971432960
133151349
4795437048
124299862
4828242695
4143882680
2464782648
54510506
1429551475
223679734
75121933
132114512
26322037
58895344
944626628
18989178
15389432
1175932646
219194804
4069955352
232937650
156452028
261593236
20574685
1567783742
108124119
35718163
89993181
47305516
79143095
245765902
865245258
4587261
2270301
152253590
115681686
783752058
369312255
272974412
247826096
707709063551909888
114603211
26003779
896020434
858599292
2472974371
93199177
127837693
83846957
2791501723
14727470
292440228
428138278
80089128
54607872
5938992
1886966384
2939510649
133004518
69288213
53192442
2239713997
2422566951
17022107
2945142525
2939903862
883105100
1372337958
243682790
2418979862
27063328
19538460
22021397
147699737
81378680
818478793
31436970
712939219
479245209
2328100908
707276828474408960
9527762
886413337
371248031
5309742
1108019989
339171152
3547498465
384916348
24145841
32837610
114558098
357022991
15900502
15962471
3308609130
433076965
17757272
36101038
200873105
9498952
251197205
2219602655
13059102
153819146
11489942
46999021
126280529
1922982428
370869182
87012144
2298123391
337481462
8291102
407789544
25870497
3741286642
47821033
297150344
635920360
27440779
1622450394
484116217
481542791
4861162454
39198220
1588068212
3641950332
576201604
2456690425
2984316327
1277066396
16286476
324617290
18027685
125245285
204641350
53152949
190852460
606161672
3180978036
83014466
1587218599
4911829154
271035649
20891290
7017692
52749893
331835036
800645785
20867342
56464451
44271541
48192162
14479083
37632653
129277070
52082404
13828962
143670563
37381180
259731069
14472099
400469588
352194137
365992287
82630211
147180142
238429077
14669296
3013981470
11416942
418070511
38021708
2584318105
35170299
2395258519
2949545313
177102226
17683035
252757840
458890492
45228315
99057296
18866957
379531128
3131111307
18171067
22154545
69371924
24586793
320919605
9383302
89538046
16572161
17123109
274252075
108495298
311870721
136438906
18346611
15741370
343688274
415247944
36145871
15854988
124875688
2574157186
591347007
173655422
2416281402
117790019
2182648856
337325182
732713060
4824265580
240824368
2613677570
38881918
3389829627
17943673
14794759
49643436
105912373
32513724
3325025921
3078897521
302809524
72583267
3433151223
4650125236
75678900
2345653232
240496614
191125132
1869273474
16037334
615552380
105724854
16874162
29413575
231095461
206615270
4702944436
749296070
3305405184
14580465
3190008403
2730672353
15807969
4794192824
4618360756
273095909
4684760683
118972598
75485152
2475915278
81362392
136226267
1470052502
58251690
3266811709
3047925973
368956563
1707248988
550244049
4876552383
474781096
1853501047
3194812492
125145140
1424631162
199946313
33357204
168272647
34629827
5981342
20688419
231546312
150423
1522460095
304586355
637233762
2162339672
19668518
32135024
1880105924
457758145
280340658
4583324600
162635187
869295769
4388388561
702575607641722880
57270505
359648633
1069089829
3112503272
281096792
4089456875
2429625187
200560659
380814711
2479500312
177945845
1953505111
170803700
3137728231
24894885
4397590636
147219843
111966379
219891218
175445113
453022593
2226594138
3227775293
19747132
3278655750
704625575990861824
4881377180
4873891221
366052677
3024041428
278691960
17024832
426307553
249584217
2494293151
27176865
445558265
703196083321593856
329700799
2697448087
563291636
841695169
181620591
344754757
93895129
330249052
27019150
16447695
46024434
4320824129
15185309
384884380
3652206981
1918127900
193679914
4082627653
352220646
364636986
1916592739
14178705
56795814
39268667
528665371
999330271
3246299793
4849056259
51052649
332360644
3251211016
478823676
63187924
703678809489465344
703616078836953088
73934235
1318890230
17721276
701805889867501568
3558068665
2839063473
146862054
523238320
273969688
125635524
2756108883
926511942
3460241
703234352122089472
15607427
3245986918
251585894
38478995
22404558
4123443492
20683945
3844676243
49551182
15167351
418214001
16239176
79888880
4777155695
702453196992733186
1255972314
160547782
176421832
135671354
3550301
18556724
573692265
103821832
1321157678
62642454
3279188035
710394025
67126188
244255244
16066721
120675100
2724467846
14078600
2296570424
4805530135
700459022898565120
553838215
329803352
524601604
702530786965086208
4917750527
1097159023
2370556934
533456181
59119446
3298608597
53533131
26714519
3647403493
314408213
3289323060
702262938867003393
1057646834
114363587
3273507296
2811197866
1726633429
63041849
702142989951492097
485561425
780383773
3301779187
1132377396
3597486493
1614834355
1131834690
1231378057
20532350
272122615
251973
16965828
3077652394
701418213498728448
2313446305
14942480
9481242
17508707
27402087
338634847
279143622
3307025032
2526461
210855281
485255385
3010112966
2353378285
2864136855
17881895
132619297
1406098056
222916327
229210653
4894388456
2658788201
23702962
3433445740
1703687870
237272061
150279435
22898439
463049147
441222989
701769187820179456
25756082
724194990
4920538687
191059138
14861049
95975284
15904572
15359044
2440822741
700590871750705152
192186847
203894210
1261524692
225858512
2976078214
122673253
54663791
626478291
12302602
26521072
1956474146
609518408
4132956969
391549521
16994876
582628160
1090881594
180689783
197753327
94851088
20721114
1460991
587616545
76922155
50512887
2491630328
1188951
20709185
586537140
155028259
43157742
545639726
966396938
3050317744
1904523138
195745327
363802570
11433
57948087
4813822584
253966387
125324601
1078103694
2838926055
168860510
1151585798
283124677
468604444
558074965
608120445
1078953703
23689569
323213810
1082543366
50832208
2290249658
2484755092
1424091109
1175531432
31530396
1530137430
4783867284
3331245919
2815034223
2803622203
2586372601
2982563685
1636253738
1451808590
3341900896
1602592411
4000787026
585640407
453542911
3379734261
2696243754
52834025
880860420
557874212
2852192645
4645791051
4804781509
84700516
3308421574
26627193
1171278848
1278701004
1268316872
59284795
38670441
701026789162881025
1861515002
121514446
400825361
2401086943
735865262
303748834
1228423622
273089741
793024560
572335601
4870922536
893931968
336331660
24970695
15373553
936377724
4650696199
2980530266
4718291314
463205390
564608433
4716339257
393428731
112172000
700429727530684416
4059235033
932334229
8355372
3302697775
1186370533
4579103722
77291548
3085578594
4872046426
111349810
388465395
1072899325
30678392
4852341121
14594816
4050617091
18267995
4690623848
2399927947
57069465
18425003
2296086122
2731242646
27869683
17251562
146222153
4926189896
3536795721
44365410
969795470
3293151015
378927054
4892536240
21051580
630276471
2472924734
16636942
4924879339
52414540
122166624
179676443
4909312268
15358364
3185891
79769344
13584132
2214261092
605315146
23350431
123612477
732813998
13714012
54720131
4919112251
47229218
123680134
4860864949
4843877536
62515907
3353859467
18376481
30433707
1142786125
1219440812
1136073162
3390434447
57990544
4201248492
4191232272
801670524
998272130
390217813
21750889
454072986
430520902
3728505614
14885398
433731645
1136376198
329897297
565841194
1586155362
4486307304
3528286877
25645183
406174040
459550974
152519082
59534395
14777520
167404741
3692205793
3898240006
34833224
1530603942
70136026
34232690
82704908
520889201
2884065190
137995407
980537149
25535815
46643311
66310440
369399312
1720103365
126053953
275155913
245299144
2689598612
70609229
15250344
26523
334537967
43626742
41321399
21877685
15207703
134237703
42169834
21817105
4442531653
2429316031
16799868
57503450
93939491
2274197779
3225412644
983746075
82830800
246033950
44340995
4869231292
29019050
708513
452403403
2287571605
14285873
1409473490
399776615
9487242
160331914
26619979
2290190784
3290921204
14452322
138476492
66064479
86635990
336682439
40927508
498288308
3554907617
18768040
59247745
372569155
472332812
48560792
824639958
3223016259
2834072829
3121694591
236120749
9977542
2684397283
37704788
1520049716
828964230
288981847
272908922
12140772
14232619
9136192
14888672
134884212
15430066
126502345
167610601
4897338023
140832689
14777504
956103769
285256777
3248400592
162036536
19788536
14535177
491380458
59675439
4083242353
1172549509
62677369
4522858823
1665807648
16257037
52317297
41471669
206825796
256607949
2570466438
92935179
419728487
241296270
161963762
52346179
4910113219
3196176878
694739545133293568
385621416
2313094470
19599904
3087509239
20466127
375708690
2259905565
3296028461
709635912
21440022
103025846
424357049
3134840099
180427631
415809128
3897881713
68273177
217167916
12298142
4688349373
2720661184
184392222
100677195
65202424
3358283722
4715916809
433901612
326810572
1544046870
304325496
15872670
3130978263
4891684356
7372612
1262422675
2372192396
42107910
2186123465
249239001
1712002860
4851954938
192135286
3195467395
361431805
16586626
427155953
1500442404
2215389512
1658766511
2563433317
2936042005
84569716
60105292
294537916
3397625238
17524139
37543573
696769034625400832
209902586
15928027
2903697543
1670611
4910401726
942188742
15075684
1878490778
4855529813
226482490
375935537
17727046
3558042563
51428114
1185870224
110290431
54757907
14305753
2454274405
115103928
25554266
4903480229
42696990
106967653
17853610
390006479
976972339
479228341
43670147
329029726
2695258633
269118577
42741261
333668946
1269388428
301218189
60848617
407927031
2350505946
3361516707
2916638995
225379065
1019407560
175819782
314419121
283447320
2218581547
80005289
34244519
101262902
557146222
21650450
4420979647
16209080
3668676315
342173739
843863647
17811321
6206532
33147287
149994851
41691674
197970367
4441604968
616370498
56153168
2798094083
2900271836
2910835965
3266043493
3155086441
788683
2559236948
4897931873
66998204
30211382
299052351
4067034555
4277939894
316829849
2813612226
1690738135
7951032
2881395850
1527961370
22134091
600902765
173880987
78448210
226244023
2598636408
1308239858
189495914
2401706264
443827514
1281971293
536839499
177804013
3352352195
175429004
2493470628
2593628462
3904053015
2703861136
453347031
2993162669
308998564
2855420578
47541590
16316394
2345625552
4895348123
21009193
2736583380
2914169049
37917802
14577701
450951052
4632671934
632489982
4296809293
4860379280
302807588
2297773917
4857682311
522292545
4386621807
4875072913
159311074
4897484643
151350172
229045266
60883202
2496830232
607052471
284624371
303714952
71610175
1064286241
38790294
210719582
64531348
116816359
3593033303
112638046
3900328576
4726816334
2411414450
860646312
2298620810
2458997503
1406561671
466628359
17228689
18578905
3302170846
40899595
121162213
2450165358
12650232
211946203
4698495733
49955635
2612551
2861120154
3201401137
2890894198
2331300858
34849989
4794723614
2896647809
2365854457
35355763
16376759
23483816
160580520
480947438
113974264
22868434
3514377918
61659533
369433521
436411543
3035874443
2537057130
1063580948
4755808033
23863298
696279114668314625
231615391
436325964
246197058
4807532417
2319572797
1206136070
110404608
1637021982
900369714
17841925
27313028
4428133517
269252353
1653047737
3277831
2730024055
4874245456
28891188
14432679
22799300
4646890454
484083375
299525592
125524036
2881827047
878104466
14789498
137286756
124289430
63615149
224811897
43707529
93460935
204146909
394915941
98082051
587590727
368370629
130834899
1889301
2289621716
1103257063
273803089
445338170
101710163
2291570383
19562837
43713055
26791273
483825997
865107138
2835027759
454164739
76295423
318034222
496553550
3134557709
808613348
2173154431
1452811716
2948794133
119646271
1540118688
3307703392
331175654
232912568
2957100118
26565732
4130057968
2834660943
2329658700
134513946
171502371
231462949
29944895
69389951
18942944
364297382
625695541
233500339
2287469286
370542121
138314734
154637135
227173814
696756511062781952
78961104
1400610848
408501650
14477458
4870747124
323897848
3146685524
3407488191
28275522
3243449509
2300317430
17728735
281046761
103397528
263152035
68089082
3466094715
308545968
2177251537
872054844
175451214
4122718595
252509775
1242270145
3139224583
119225183
2274282930
1253661
4794162615
19638292
98158750
102266930
12796592
2952557518
547143184
17366090
214813651
14516067
55758937
2153382565
2485262480
292398992
49869201
30955118
971765340
43571059
136998623
3087441763
4887835967
3194849812
23579436
3129525827
2360842735
855886999
40219072
190021480
153474919
16226069
1967486239
144416472
4001811493
19189179
263060869
2998040414
92500847
2318397751
4528452629
71906095
1360718155
3222776054
95636991
8276952
50233797
24686206
1474193972
17845482
1969521079
2306089717
204544515
66780722
210711546
13459402
29498169
1625426689
3238356748
22663793
20401165
32348790
29491444
485475104
3052634376
296049299
3362106731
1587345456
4785062060
3241980733
4771209199
26336319
286827711
560423238
4882509208
85367043
29358502
69526270
10252232
2548324032
46287760
1730556139
1120959068
3063456810
222451701
4734956182
14414484
1528845895
24645398
406471829
29532294
110956679
3221884908
2656230888
13342542
1315501
1585662259
115486341
2298428454
2904728278
14083628
373805701
4693756093
416007249
3088841945
752240846
4872247697
472260107
4867514705
1710851520
2449626116
3278888852
14717783
432059554
160060356
1480215145
3699567386
16746546
1596086317
2493199620
1005316544
342955406
140126508
22870443
2770255129
269097051
2922766401
24951822
2514565577
34983319
36763662
17515319
26756644
4880226190
453224021
133440374
405020606
3024180249
4364849475
24752071
53208664
2875641721
6769742
2770419801
199576549
20704836
525142093
3320605256
4603818460
424507088
4354480637
134708168
13482842
3110588491
185015831
1969346438
70631330
2799247604
97479046
2942497783
77575897
873836948
3380134366
595044047
3027487401
114462687
365938560
18922453
14665249
2832089274
52675345
24817386
18202183
87650586
284516390
62020861
3308712310
2961703868
1617455064
496633126
817742
303031451
451602777
186057377
1332307100
128437179
53502657
236710233
550869620
237994524
50828933
543628583
21726856
57193608
334255717
560711367
345511759
112891519
90670373
234259724
220668684
16793307
481494408
3300324556
1189960940
2154560281
448358832
4859652317
91504541
1081437342
321686043
2946758373
4845409879
47390592
2608955617
740329231
1427397266
450655068
15749451
436333431
319976498
1422858116
95744442
3407543806
4349323573
160195191
93649856
2821060109
19579983
1735288218
3861665892
2462997775
175706393
503484846
2581824805
208233921
1308189691
39173025
508961837
1611708830
4238038636
428151039
60536283
427657102
15001217
18596100
2415028044
186021481
2726442229
153226428
4151393141
1641358165
132552290
312450213
10315172
2577886615
111806824
22028833
622974542
2187220087
373095270
41161308
181096240
97193687
138392932
331939899
17980647
35526660
509907272
3845086094
15627183
81897794
3806572872
4172543463
3303457302
250504861
50024072
555749647
242437232
1654348483
1967531
379895737
606423095
2483141372
14533696
314846592
3270370116
253812984
1354222932
244214563
2243787523
300989530
4112471473
4726178892
390792129
2834111307
3273080635
135502488
1111207171
403179950
36105777
3404339223
85806857
43930795
2876345515
29261752
2153743237
1351920236
1231318004
137930404
4497587973
33232200
61360085
1669512804
955896944
2850369585
85903461
4788044173
4869907245
2968479527
3662157627
440120349
19143309
3946971689
14221693
3245894623
3384269950
61847800
110833303
252168843
1353536952
82978009
36320009
83238045
21685896
154130317
2714983898
234377213
57125433
2680459453
69158368
94857071
27277129
4364529137
192398774
164793477
3499491195
633338002
389920606
382982878
2314587912
18453099
2502706398
624717011
86605758
28980872
14162565
2970258455
316028413
3296841787
1081
2279784031
101012254
44194500
29855103
60866286
3329155378
164393025
28154004
14660541
406567788
1315353966
1940482177
339600495
83784088
4860878548
3106413147
16711026
3069624368
557106382
1467707474
2394109711
48713892
123119098
19634672
745937425
280058903
3389548923
542141202
26383705
15250467
308481239
948385604
2305554522
4779624880
1420627158
286259434
102771775
2461160965
2394595166
246985911
19708412
318696662
4090670052
4480785314
1459201
4027428798
127440519
4274983937
32748534
216545285
63252219
4310908822
1851923676
188031727
57037808
895199508
3333123749
4176715337
2978202267
626801271
25816258
1289057364
3186817095
239596502
573623090
17865905
2974952302
268639000
18319992
2911648871
2228325108
3962911457
3188653369
124333418
68697551
234064991
463028899
4376680041
3315653145
85590279
20195689
58601980
355319230
74649967
103757662
26698178
136621489
3940542629
18922887
112339659
338402888
2724530546
2786518308
181015949
111541773
761674867
247004765
2894830785
160830176
2562635659
4855588528
35744327
475609802
75631954
2883303455
26968702
1132637930
276668921
4845816569
2578933338
506163497
3789984982
568854661
4646531367
157293133
21626871
332748354
74170411
3312291652
35295981
755553822
2864750405
158627601
2543165288
2919881934
2754757002
1710323766
2645752430
112815477
4636067656
45619850
2207601321
4017398375
1570701073
269215809
14477013
2170801166
2322271627
72834552
123376452
2515034520
39223556
337261399
34568038
18098009
3000912125
4828337741
17168267
4730263002
35605370
3036889249
2685672248
992334290
558338791
14766728
587301392
13135342
490916652
15023803
2182544660
3903261469
453992830
193186217
3076799092
24235181
414396121
1456682540
1424012936
3159673882
119311172
2520802966
3289080948
4442332262
2444428398
54705917
1298971
388516475
1036306387
236864654
85172936
50672187
1162880935
1099558375
163852750
279946685
4575146353
3019223881
4699835598
419482739
1007825714
795679856
22390036
71293576
2247355933
2985916149
4407503542
22805201
269185666
133487462
184836230
404529788
1487282510
1572902389
105632980
65503906
968083621
2586761882
1444227289
3270491179
14071045
148417845
23945911
3620100795
217140906
1474772948
60887915
4835050498
1683513380
42419001
56566033
200063918
132827708
15598689
29395574
59058590
2281003261
76880002
14200360
37623585
491277864
360524281
2376529428
16502488
177667712
71927589
2935881376
15418239
2919404941
3144856616
103665880
396558947
3266851904
3282865879
254344680
93960358
4822494328
748985486
61725772
15123270
1365455960
1603301910
16979997
205912373
4278129856
41802343
3438740969
43506127
26624205
344625778
517949612
82353184
1461380587
2396307715
75041621
27291488
438048452
238959423
2802563359
97255426
14121456
45861267
2684628794
385738597
3822530849
15612251
463812743
772472678
314578437
817186320
364476368
832002355
2848599113
128146985
3044624536
23055196
27806747
407305042
2217961544
3410957638
325491676
1243664923
4786926015
257521481
35692057
1604038200
2208454384
15779952
4834301997
4709637508
110548839
4170805154
75391358
86657116
1935634484
65779386
12347372
64725864
398259300
1459875000
4840421146
41078131
287454141
178083274
1536619806
1426865454
3215774234
24626105
22907886
3070154176
442681443
371017223
339821109
81884353
9671262
281231752
2896226188
26559854
817275920
2567720526
19715251
19217522
2898696380
46178942
3224168702
599506444
308448484
586847900
81478724
644773
2730324583
407348100
2455119509
70680377
38756545
3351869344
4646087202
4548873627
27961584
570360062
38657514
3111246532
1538903630
184560259
25498062
981942618
455697133
20063930
367343618
171894859
287759982
400339435
3000601366
531647851
943560056
1686021493
2695737085
60327774
93401039
4637383654
189235748
1137877640
4711082114
4506530894
2929313936
394016579
2434375518
46802452
17964954
49817196
92988024
18158084
15538015
216181900
148395462
2561905727
84896934
2548432560
21598863
1108788001
15003228
5725012
621635427
50139985
32719162
126934252
87931518
1637385620
264678876
124731301
2512494217
85338499
3051362662
51249059
2910936725
2451544076
4362985576
8465622
4707173795
636754927
311993750
3941547923
56431851
78310765
461027581
2885469635
466560763
544791267
17591016
2996349616
636371852
463289468
221837723
116448602
607338818
2980857969
13516612
522034028
14894067
2992131753
4534735993
153218852
52084151
132784678
243188636
2458827456
836074602
1716335726
21445774
2884676337
701662592
965733356
102327234
249246319
2539401978
8449542
584147304
66260367
117630732
3173123817
9554942
154258124
21442315
38543331
41381940
16399751
1668888667
499014749
3188059750
2249273792
4580095214
2828239294
18417818
19415951
21781675
4578398539
156666863
1209633786
3064008301
2494089157
1074139603
22179370
419465461
127379796
322050411
118921641
352615777
110219010
1630330410
473045282
178327020
160643546
28703779
2369761879
1579889509
124447662
78828433
2758694512
50069686
22420947
3290857474
1976890536
43266236
15876961
2863872305
150198711
277497963
38658119
3779037436
23473235
112835000
391528682
1194258817
59784346
39558922
840723068
148361301
10823742
254450702
18333622
505694866
58418015
52752128
1112431
872554422
2968815778
79715083
16996400
3380484975
2792931258
231052151
57905812
2646572728
48438566
7619652
1396160526
1088776040
4780252772
14081234
297778163
279183237
567665280
18598585
75327299
705197647
3179952764
111098490
3283770734
23876003
2252484904
3884729112
14234077
85066222
2973525349
457454243
902219359
227453932
37522510
4172817117
242887980
15244821
2189284332
37302230
38595826
4814841743
135699509
2507212322
1304849046
2414077567
23764200
3212139111
124964282
39277935
352182122
51990546
328984718
263784036
28729138
3155416236
2396670608
3182120718
2885640655
4263557896
2547792943
911053897
2930630698
2477958636
3967506859
1647278306
55424847
946964809
86007932
67927650
4374940103
3281115164
19471962
124996437
2466698762
4186839793
23794104
3956926512
536087812
67605020
931209758
1292856452
224797403
14160792
300615384
109585259
61768027
1029428214
56745215
20148908
336489016
513780352
1383736885
325303168
14660015
572232917
3421340114
24428875
28587991
21040879
281738086
2536515216
3544111888
17399078
30769038
68230988
1203379418
51116254
287706935
142435685
2970917491
110756492
2497179618
912993967
68329262
9492382
2321914602
393380458
3236271693
16797684
297637365
18720140
24571345
4720033812
2938881096
547319769
312818215
890656112
316439235
4047120526
2834883587
4794511948
19904067
426508776
2727403808
373544495
561678609
2499949403
2362869566
496542938
1109454030
3477522972
397455632
1449022302
14403730
4340259135
68673902
3200017979
354637516
182391833
352977088
3321302284
1558660795
830947530
370280057
4113886579
363328099
167760471
141237218
23382520
3521772852
386083909
18220809
807186013
3358527947
212891684
1239751939
1694939840
2801675511
573159714
4716229593
3318726281
20721177
476149277
2708918016
23455259
76657534
4568072119
1434252091
2796334270
952599344
21357287
2703474698
83687024
373416701
861406453
337017099
1633058688
10530602
240694705
3248689263
17104208
3015044008
16385451
1543220509
208778751
224310038
43619502
3258839030
757306045
274735484
3132242477
3090897645
46790726
581921853
46061864
84567829
452274147
2807626661
927759642
4709070321
21992513
21714970
3100195187
149140357
2920230966
112066327
19059358
117012843
18265944
66350411
390031481
61359492
100109338
363502786
4534862792
2727810595
371907651
6629892
223285978
25152588
17683292
109387632
1460288238
87621897
4737174627
1152320946
318416179
182345452
4567221197
904196652
3150631
4480825525
1685920032
14210626
2729737471
2841935453
4644594673
23498902
106084486
13359172
1464795668
245831013
4722058136
1903643599
19641178
246975853
84540992
2998662848
180400077
19963948
3030327977
551545790
800636904
2368776817
56779262
281672026
1284205116
359815115
3257947142
538865389
87310622
1836033541
377669986
14548994
258416224
77380028
18065823
40441888
6936682
193137522
1149468307
251794083
31703012
113296029
39056196
15291778
351988271
2327893866
2211026786
3869271919
38236285
2955475810
2507547980
3026242899
27668067
2152537651
4574703494
15363689
28527548
845668484
38673696
15928703
17868628
50075678
310669359
39334658
116627873
50023846
19669170
239168881
440077936
25216751
15357926
864371989
539923599
17378080
2221351512
11723032
56871833
2294747402
77897410
376955450
36733850
23061032
329845934
347388372
38548599
26229076
15906604
183126267
18901370
2437079335
14403047
320450227
444719297
93554475
602000681
359515879
14129789
14881509
50712650
15604422
15095435
18188365
141494428
4023999209
16831304
440230499
15455696
16192261
2813595584
280255353
4703631869
65184534
299196677
26141105
159768150
111246471
76935242
267494625
13100312
172036908
3116400626
1217296850
3392942289
374428089
54664802
25950171
234548952
1281195656
263720152
539145917
297592590
48782361
249357133
2264045246
776242142
220454996
10312322
138883409
17748260
15748780
24962079
455927877
17310984
193097781
1397001672
2613202892
2875832948
7990152
1219359986
4523844075
29030168
22812497
2249330276
494759414
3051761
4491970521
6462982
1038800461
3774630494
12249332
785346816
17972520
432901792
2917989884
50026674
2389717004
2854915397
3247801735
23234810
3023580793
581899581
63776749
1720636778
25098213
4357382243
15582157
3230637267
247378303
2993271623
1055927612
279544013
958782325
107086297
2996578273
160634779
24467082
17324048
1688014843
2708947332
382753684
4352159426
241457780
42717015
51462606
2854587984
3713592623
2239982867
4351987757
2868209637
3514001963
1851952753
4186592183
50166457
97525080
14048073
2829791367
2679991088
194619305
2527079689
115266489
81714813
38554001
78001994
1580580542
125322205
1151244667
294207022
447226188
131653373
16294339
28702428
3262767600
87191724
17000944
17171142
1601313511
20864290
21382315
474129493
3052899195
235102332
15145579
148042944
358037930
387766569
260493946
2514249890
42812927
93572021
25197389
1271338237
1120560870
1717809529
206705968
277733566
119775003
318295767
601830949
277522032
44888703
19170595
100860445
2941035967
22151621
41109496
149819888
221048950
17069537
30650214
44294054
154232680
4286677588
2693278592
598854771
1280678582
385209858
14511991
21693744
544277012
1931881291
3731897535
235128200
2386365972
225677067
3311092194
17095872
172758164
101149136
5885472
247134267
231304959
356692321
301144628
34304008
1383619753
62977024
355326768
3353679059
138883315
3403139205
174392236
12031592
1646831690
3570631097
2676558931
251423102
27580713
314844538
429580982
630584167
2699431099
187228472
55465659
225209448
47301020
113413278
300170715
4636689382
151903568
7347012
30498328
1072660489
198034541
184517281
2796604470
40402785
17593700
923212814
4550601149
397552220
1407908462
348836842
138473986
2372730972
29500709
1305931862
14351377
4599148780
273406258
4514375356
2748944678
92224237
3312710512
99302889
1374876098
3210944009
588977829
297447292
24259655
23850065
1518188101
631816995
4495716078
130019588
124786881
390206957
175778161
630792543
3056850071
122499928
242047475
2967974540
2601454297
2990242171
23454093
531071768
191610257
1120878912
2172863674
2214284473
3259315412
3008810868
254714599
93478042
913617769
21591726
69539547
80519886
35609417
370381460
735683820
297400906
340212738
1083629070
3252340153
20249612
130507718
2557068542
26789088
1318978860
263182687
1686200137
1477840254
1133326087
499155772
21176937
382508590
61633679
161197793
1551466922
531061716
2181694040
3999461839
37888859
4596430647
4643461333
95718878
15741261
35174889
3619736839
3710631
2588926297
15624715
355001374
1031780299
37987371
122470058
31256191
612582639
2358055304
818392459
3105451933
2923093132
374756027
1537831597
31050829
211292585
34993841
36256614
49071001
4656393986
2178784034
3098137308
3941351055
17083396
336559233
2498009660
2890683506
2423796073
213379779
3092096992
279963454
59847378
2188711850
2280389036
10351462
11894962
1143254132
41988603
1333450093
142816803
2284323195
793999634
3460611618
4017729677
289391824
225631901
145757405
15013087
872068304
2882890181
42818205
210823231
25544675
1867424311
4586332096
16580053
390593298
132989465
68347680
4527791594
4535876195
58274150
164811233
318475212
3333138020
461274370
2466473570
4635436242
633960868
30281760
1419529129
34081111
1334641704
153154143
579410926
2766229200
3237609156
355044835
145865447
56366858
2586580315
4567188432
21603021
389042458
4400245499
21285604
1114716782
2238579824
18938704
1675314811
24493485
336790952
766342146
4010622327
3231245571
2333037185
95217142
3028722898
2983242411
849934045
114403364
4583713694
1587534475
173631389
2505716482
1289369408
110672423
229601393
200777682
461386746
14493179
117196963
364738438
21379853
4519733713
3303049351
156646490
52616703
221858613
3718037532
2903602481
579175256
25612482
22046753
113658111
4279081403
84367808
123767543
62108366
140635836
488386891
576351618
167687472
3799548445
31144866
115646001
980270245
16444840
4474184835
21004953
20809953
2902394661
17119487
3120728460
3043745956
1278723324
267829489
180844917
436870149
2510918438
3875438278
2873651963
114493315
1975356590
510208575
183071021
2765305910
365107694
30395714
30778626
526020620
42662716
4571989768
608783423
9175912
374588335
248316317
2749304691
1887869653
4516943057
13348
2897009338
49702228
2960585254
151370286
18854635
3245398179
19978041
271187089
390417992
182273573
4626596784
52972078
112272245
39365631
35071769
19384438
3109954699
407159966
109060301
29149715
633669446
4358109315
18191991
23121787
263807286
20351094
1268778571
806905398
90306518
63346778
31483470
482865517
288969591
17959429
50775647
499059925
3238698409
240868923
434576050
451562803
253533972
16343608
169333907
258280288
124233927
111636400
4377486552
2194729735
4511846657
46998371
3185571794
19642069
224004273
983467615
472707520
3036740306
43111757
191598808
135940694
3602811375
3167543085
356677855
2822060485
12987612
580712306
34079088
4309353313
38402943
96444134
2865646032
146028565
29379179
75249758
49303660
228339018
3068007413
40608011
3373497009
3028292259
3302936611
3306310658
270207906
18296037
3003496786
263249889
2951126596
384225059
24357627
2799739845
31620465
89409468
252842039
60078353
716482519
14128528
17423994
582680152
46805148
99382284
342138494
2324619379
1604205546
135155476
15147630
19018639
1387630333
3072167873
101040161
15817736
25171521
123963496
38436516
2204987942
132303110
231821665
1064137494
28300534
410309375
18887796
3398805789
2242951903
563238972
1921473512
147651114
405677235
348127618
33358675
112840863
380759803
254085913
26261828
3383915847
172292894
2602907059
329184408
15344017
401438588
23242773
470228264
587518213
14621191
224161598
2413503000
42888581
68569603
348609669
83518253
191815030
4274486352
4488065963
3363669262
21341687
3368824703
19604213
453263047
1860927313
2953385233
2892967472
1488804786
2306095028
346807834
38487826
2985526557
2744091598
72611647
637174463
122981076
182520672
371116268
6446772
2933239210
132497337
17201657
3758259555
4343158713
85733270
1340512212
200417181
2202910740
80075840
715852568
4178610220
625357795
365101425
347820773
2244246086
24681478
3161724840
2875937971
2253927542
998264107
270344886
51787944
378129564
568143078
3003570179
342076372
174934987
239519898
66460099
4066949774
172395973
2900638693
17055162
3023174012
2242800860
157749914
2872393719
40250606
991164714
1343085360
1860381812
167560077
2261431183
505257099
620187636
16825903
144941994
26491028
16534759
73622560
3222709009
3356135507
3304018493
81305054
2834497078
3581627420
328745884
199721895
4497458967
2356753082
3803261
61992164
85144671
75911818
25842919
116832158
2728413808
952171274
114863834
142331814
50639835
227530614
71294422
20665924
221105045
14882943
263268740
4439259076
18247087
10032112
3413947469
4232477307
4482127642
941031637
14955583
2555232091
554378917
191349533
20177797
30235998
2940569172
3300379417
29838161
4300151300
1544463528
3377356425
3674991612
381504847
11148202
67203194
2523035353
69404063
9930912
4490464093
3377553525
1884741524
3042642907
15706235
21659631
341672120
20826699
34570038
17004026
334465608
31005278
3398408261
223603467
104056647
71040545
142350327
21227318
18966061
62469924
58264531
80268810
4501612353
229142817
80130557
188092633
16416640
193819186
61894406
3032577337
3728922075
4484639728
3936310300
2389369152
63952201
848890663
4488817581
37114611
17552103
4459535712
3828586393
601270110
16260347
1059031664
431607491
2649295608
66739464
42173492
4515591
34789270
34909329
962701556
2644362546
2292485710
3251252886
200252905
813893238
385063439
4455563772
987471721
4493287935
35274824
15250808
88762664
872125404
17794313
861740504
117469717
35425095
21325030
164637736
2334193298
22003593
2445485070
4452892519
28438665
272833536
953263176
3366246233
3092170590
42359019
3125087825
124117874
8095292
3089348339
3325724261
340861893
544871278
17270570
73081987
257618318
451535174
14673782
19808595
3249634939
522188340
106907689
2421213836
2358302612
3030904449
23026998
15234461
553114746
1398406388
2852342252
501010881
368696655
372254028
748211767
63964057
164456299
2808149393
316334523
2794269986
44362897
248919902
209439268
18642314
1289251928
17105629
1966147231
2805039324
1049894730
2269621765
3208677664
4113284661
54491749
3153718235
351500954
14534959
3014168374
20466935
376463988
21233990
2974771528
318383192
188301014
35036118
4459336594
2329740272
338307225
19190537
1287928639
40009007
103897409
3386333403
19774102
4549043966
10100772
3290464756
2271343302
240339049
488839542
22684014
3123647013
4336554028
370119031
2654333960
777154537
22039270
412763841
47017660
14391490
34415831
21651074
2980311131
7209262
36178462
3630346519
703107143
302077603
129343561
480389147
658133
2292531990
4550091733
423263324
262858846
143198324
3180303416
9543092
2684276732
1342685480
423584607
27485335
82330132
143136451
83699646
26173125
405976914
888272563
2953583434
2606794428
20558673
27547061
483964459
189949296
10496982
316195310
242283430
2891942755
562312029
579947405
462086049
624933747
18926035
3332347018
3301105656
3882327674
23567039
92567328
360452552
282834747
2534585173
703727837
7102592
4175060963
152600314
289933169
15557424
47989063
26573545
60477982
618143282
3966564618
1164848419
279323768
2350289484
1652729317
154321380
15240491
153266090
2218769562
7698982
772712208
157611857
478788845
2794441749
15616072
120939918
190084768
1084537196
4127655742
16226484
960527528
28366978
1229988115
402081646
3290414289
2729368482
272442196
2745265624
366453298
4000429287
57564271
21440189
29997206
2907353280
12423822
2527828914
15052810
3258921
1603776690
7963542
83971999
85083523
2452956794
24948013
975773184
14275931
84217658
406300008
16794271
39630473
3377158342
4457914215
1527434052
1593026432
41922500
209383326
2872478508
98737601
117955028
84365021
1098774102
385925115
7548302
1258255669
3985362492
128370270
71569249
3416199257
631809931
297260955
490790008
3194285583
735153817
183360905
498083879
595479894
2960567151
15937643
3870458236
242892729
2687243863
4313682373
2511745231
2460112627
263673315
272024668
3356498177
3483558438
600831889
316071983
1323379315
53112612
424255902
2766302075
3167247132
2849983366
4412146655
4452873974
21727456
22959390
4077315748
244314579
60737683
291917907
11492222
348939799
80559638
91913026
432125598
82721258
270735193
474807176
141436841
422928177
39599450
4248875183
292983104
2453019822
993933350
2425974974
143018454
2708046882
2931418048
17218070
3904883241
3184506858
563937093
349704256
4436448496
54337748
3374074929
4156818861
4419617068
2738610022
16925827
3230037654
3056220623
3247283614
3665193563
603092694
1149134282
85624857
3824441177
365935132
75873992
1226524939
1106332884
20970338
435300413
2908704764
1730542104
2862320146
4480560433
71802186
101368752
27724986
2325929232
15853925
2250938569
2759339317
278714289
2228764388
2905751261
2612887771
20831715
233897505
603028356
18057450
2895063292
114299518
3501322523
941895584
156355765
261772908
3192090569
2398359708
14134180
228258302
4497167114
91855158
4430321174
1336171447
9478172
408155749
4497547813
3314658409
1287243025
14190150
97289556
4382321776
402367989
39179240
3777978913
2938605947
4214620463
4211817496
90478485
1054233829
337090230
2235768434
4199242513
149369663
482395880
163936080
14547107
3219237728
226365433
3493117586
4493697552
489543486
17620713
147601558
2885072188
17059420
17993
19405933
711125507
16807285
1635495410
2441917068
18460854
15238168
21875180
1598997302
330979892
41031524
2173478716
96215959
49152198
240527238
366310287
1880605026
3240302076
96180619
122272658
205687589
820591831
544313373
845490349
253780952
551133415
17737501
40403099
66000639
4142802499
266696998
392151043
2232054102
56329863
81714979
1685057654
23047213
764357893
14570487
1860572094
3558427992
14817416
3319105395
74378649
1939065583
3300526697
252504967
12983292
3031681064
2790935251
358916492
147189159
2759081185
17896049
21437626
3275823109
2884387694
20831439
64114933
367422865
3715359134
387168760
96684068
3194074180
18687393
105331049
4232545877
2178920484
2975443662
2552008939
4160751514
37531731
2363763883
3230056830
1551641492
90289067
112202905
613322827
15806951
1956099410
3389780968
3434036236
16235511
52445432
3665160201
38898845
529558524
35728314
2865832152
60852100
3315488439
18466471
2842687355
23074651
813874435
301602560
544445066
4046418311
274457718
3080430259
17293493
1598571691
59833562
96206569
134768466
1452034232
4152847077
3158024325
2492974551
2376517663
326119227
3074309281
3385887023
15487001
3329438266
83815822
31167477
20528789
397347623
2863660409
2202084955
44103681
25887466
2364448484
14921529
33191379
326307853
2572731710
86294875
16915121
1168345387
119665070
1136598588
2350618435
2577315127
89446736
307386087
19353866
3048024870
13241522
2998373858
1479033902
13297112
1405600146
807589513
138019564
17001481
38143886
2908811867
3662766497
18006752
2383918604
161894615
2389728948
223521601
107200643
373995388
1897516992
1071901771
3666651333
4210798444
3187137442
384448813
2369212688
17218105
3302890200
212173466
10070832
487843025
76345247
2498916260
2892714418
105179618
3329807788
14221435
316676106
385192941
12262062
4269514756
95265687
16788197
33098821
4302861748
3906851
201071139
3461776293
4177836381
296699116
4434912878
3928864933
3257546674
3065996068
21012335
444644842
3250623839
557695076
3908749701
4210180877
20418727
1329024559
16846753
1488304094
100176298
2184180038
14854407
19761654
80523
3793101023
20254407
761062687
75248956
3317669487
4257937756
2859823444
387729363
318487803
14592079
434112497
2904202325
46845868
39300267
1536148147
4352632097
3190388565
4066984283
22695157
2993619796
2190979754
3608208437
2851043882
4238634809
13597232
703343528
73179300
15708056
874749901
4225122372
123843071
2462140560
2687593428
381590286
186745885
2477098986
108922382
3072162169
1265154386
281105249
105456686
383870415
235092091
257366771
864611700
20283282
252291589
4426085418
18948706
18350887
6767112
69682411
153998882
2480095710
17130266
3091999535
139881836
325033822
207323988
34282709
618134181
2232916381
28993362
16495353
2496620960
2387300448
1161389766
23806937
383987330
14077987
2823723215
3311152882
20924564
34967682
15086810
3775492212
3145791739
1534118731
421009521
125457958
280035308
2689699855
196158880
2714852352
151688952
211966508
302723984
452445070
3055290779
290339454
3069374368
14192558
366375454
31732300
1688461530
292800435
183096466
1903491594
302679293
2346687594
145479560
2993157516
3165009256
493036829
340496549
2939662002
557994420
880800066
432809496
19311403
1099260463
90379747
632797331
5844172
17982905
132301166
203047071
3205810511
111699642
17101840
2493692059
1198334227
2564035200
2740222241
4285970893
2976965171
3005628437
2976822263
38048892
146482540
209054410
89688876
373577149
2638950678
18229080
50538109
3253492863
14408850
3710001022
2565540320
92252202
16622656
19745931
3889017891
432039996
14914938
577777402
13742022
3249031584
3263261868
2805930907
25055049
3092986571
2485612531
900095719
97520750
2744631368
14703748
2476760928
82914993
3348432946
3970845260
1216409971
284770524
19877608
28419864
2227820730
14608555
50237892
19181549
1152148741
318094772
2774062997
545093429
3086804368
1683299671
853350110
40295027
14584037
86773118
80370426
3900651875
28816576
5024721
2945427250
4312274739
601551966
102927215
1194836258
93926581
1246523150
562580409
3431278661
202270780
628590711
248015689
56639526
40094317
2347119438
24104292
987359311
1490777384
2858766976
43499376
3356374539
878172186
50577344
165488758
23360923
405890226
23959413
15467499
3119514154
15446225
3307393872
8200352
3004200040
2545050195
947551560
51676730
578412819
86744816
3408858430
4171311538
337096663
3326881803
2476876034
700365513
1063757358
2379170818
87772971
23181999
3040081832
2458364964
3239548662
3392430503
232722610
121881387
15697562
14886553
159129192
169083205
2563472726
4166219745
372497412
2955936560
3900156616
255528437
125218969
2815501129
3293436906
125770001
76619348
16986565
4274572455
2826695573
18667304
26737530
17697983
56341262
892081902
16677018
2955201573
291587088
11389092
4017270733
2884588283
3472113326
2497141021
608379751
2911724494
3062127810
18700659
234245570
2883207407
3972501543
182803171
15052005
834341208
513364459
864301266
375358940
36441081
2890144549
331053692
2956383599
3290972756
3611350815
2834362226
15082919
201599930
3085430041
3178846418
3091826001
3312082356
33344949
1377326713
3255718138
1908199112
2389072844
2541167156
248626671
20582624
3033070437
3092024219
4346110938
4033931539
2478571296
295096707
16672252
1000886101
2223714900
4288796033
483644693
14552510
32296305
2329598671
4055290817
31596965
2975164901
66666740
2296773182
2912712545
353607215
19764664
2162903036
45960810
30241345
47503085
135922295
4139909177
1942602356
1092089610
3100154947
965009928
115075038
3104798174
21541715
1397957780
2580528011
273076403
1277839994
119167052
334523821
2430010441
35393775
11967802
411845007
244966820
19912099
609450194
2250496242
4276931842
392369660
3346571303
3381016444
3008452249
496533384
16612859
975850759
87457059
3019718151
79343232
3420335631
49483364
54240972
113022733
3063518762
972320850
4377231
297495046
7682732
3025015287
20593022
2360633671
54066216
14603257
114744695
62771808
17833714
588677664
3303546409
17614965
1371771720
14788521
30150841
395392225
1006578818
22324550
33853031
1306421856
32880916
2382853022
48829726
2915422142
19158873
175173698
2516411
4002512181
3389292688
114454607
619230830
4266272061
182107043
397420911
589059046
2355121538
2710855916
16201819
172251560
67682704
19286692
214481585
95463872
15863055
3854105123
3093539559
919332373
1105028833
2473781526
1410050066
31310594
3757913057
246310223
2213625602
299507350
50106200
36477922
113593801
2397051
4105499776
546915756
26421875
235725320
68612274
15098780
2747783100
2835537186
124523575
49885109
34563430
552094012
95011064
2380939218
3184064357
211399314
280501352
176026330
2199746384
3395135895
266852516
2533947620
606145435
216136728
4107861382
2981571369
2893466710
81744373
357689527
72044537
969779503
257262998
453545415
3018247336
14432287
36986456
3064266184
190700045
4172087009
31066479
222533891
3218837148
3346433056
389492887
73814642
1871726144
3823830195
2858784273
74829206
231663221
15609508
48138708
36469019
100491843
3438250311
187204812
156766500
287295889
2508102218
120301294
16107530
3022975736
17243913
304259639
46538767
91852035
3148093653
4240162673
935364230
7512
18619647
373585286
29521136
14773632
554867743
2405442102
3300499816
4108343495
249634320
6323412
1556280006
2686198814
3876278113
2222044092
232579938
2456009694
292817585
18235928
1657566524
97293920
3307418953
86592717
1215919712
17536486
887202210
4041127907
145313224
43874512
765250111
1686904346
24159216
3273528815
20898989
3368847431
2929003502
15732953
3866120294
223833082
22441421
2996614735
14562685
856037461
3420890733
144214679
4041342401
2680128806
1184624024
430761297
17463291
1327415252
3586923313
49647323
1013217102
4285818379
56830620
272880887
61161882
1827907981
411460504
2783486083
2604353948
16702987
22087064
175861342
42495288
30282520
3105471661
15751750
18915286
938335874
293094033
305401549
26494028
394968275
2202360891
61009401
143977199
2327936714
1958710430
348667570
57106936
232998886
3793244897
3315252511
390457251
1186548805
485835126
4184489529
3289448836
2971358400
90795703
2243161
4226203263
91263160
789805332
103241102
145045845
478843973
36937396
3394987618
1079561251
300580006
3073255208
3312998940
1218859896
17490510
4193764997
507432318
2487882576
18056602
74715811
117408145
1231325480
3189024384
3237229994
1571869188
381628791
4222659101
22027111
175433916
155908569
15014747
771668400
188403822
168393498
3806582299
2552674447
119011652
3038244421
191914406
478149782
44849373
2552774610
315105292
105187070
2448259963
921609360
875254520
476731128
205274572
2786085506
82391040
2165341368
2713401384
184055284
2704855789
4226500653
3063401946
3302152606
349134063
38245373
86655070
1449933086
3215394317
4082278295
1548134941
72531955
551662064
37903274
2724700593
1386582200
2380038870
25319438
2570567083
3024469669
569960469
23153991
360484543
89728787
3013512075
422134762
248364443
193030139
415394417
57218055
17130566
1355073548
482221448
20974043
67216469
540247246
299190644
3198199292
408842450
20346512
2871597841
263367369
37321213
59285586
108739270
386230610
377652581
308177639
249560043
34493952
334616829
47464300
848834024
2361405564
13821902
43911956
257777268
26681244
3011991904
1454402720
569359226
2497336783
28479136
2207499042
244682029
844631
1216553618
2341344842
2478740720
252907524
14502632
2903827469
161718680
2675106601
946498020
3547412657
23761484
1188253200
1920537168
3144304863
45153967
3190935444
32451329
2291889978
500801661
1073313384
3130903137
3421547945
138902361
76862633
16248520
4085096523
14716890
4140378556
1094425722
17657301
3618468314
3910596868
2820164764
3947734217
3300636321
2425487850
3141919385
461876864
2874015152
1616442464
247707787
1190530476
325743233
3415605057
21164266
26729587
51690623
3438131158
1004960875
2940782531
147518293
1558002517
2466956790
311944675
3245942665
211232914
3070315745
16031595
586588125
288376816
3145710282
600627915
19905124
118366588
60630907
2458992049
2458976682
408260554
97403875
2884496633
4241452232
3290806001
1045854992
300323225
516623960
1691018384
4201266579
1090188828
3258031678
2840764072
42671211
1540904623
3727152321
274225751
33998786
26526677
4163846422
3238778019
39770849
389122549
23239656
97353743
1545283813
459662512
128073024
540217054
17070707
834250716
2166985021
4075211549
3835854494
3312842801
132514239
12300472
4040534234
6034992
34878201
34354722
319939901
128020227
108467313
133226044
35114020
2181881737
15063486
28850071
3084400787
434685559
374146740
606904673
52604899
17080037
93972605
85293919
2405104164
317370343
19197117
2872870185
1946723772
14832903
430099416
513128718
42566224
314764239
1390638685
2653586448
42092647
2840846385
4193258188
1541846779
116931791
223145087
3107627341
13126722
87541902
4189040835
3029411654
829993296
2982251581
17276792
4091039026
188662146
27105906
3314542538
14453711
3239091505
11667542
47722061
2176358690
1306508185
21170191
135456764
2445606120
1665487231
51557597
2977558316
3534497472
467807028
2399717452
4074848326
2585797700
2275465694
1934428261
2509093970
474314063
309997967
93477853
3641477297
1628031595
3478797493
2357280020
2822649532
3240647735
356183126
382024982
2163418261
199618708
433287204
975561972
452441092
2280334273
57260327
1396508934
3372703693
3221170590
45048508
17455384
50433717
2907551047
3316005339
8880932
55947413
2829107923
523199603
190450243
346033962
18293952
2174895866
559398769
994271869
624918105
52214417
1095462055
3828427334
2651716056
2151719227
1069876447
50056033
389551993
34858521
2159590053
371902119
91039220
3841067114
915314664
4167519569
4008416963
214977397
20524237
327936885
3854712855
1438472683
78014820
20842557
1898355206
4057945480
2356405906
513715595
15357141
17638015
3165760617
2518082252
1533242173
18317222
64331621
220933890
4077721821
449325815
4169373508
124312779
2169896028
326979560
236614300
20627083
3352670693
16427004
3309626888
838493330
511188111
164398059
2298403772
23829268
4137339914
18114882
3107099542
864971269
2171920025
4132947297
18525143
250686301
23218742
797583686
17972193
1857320455
106807799
429112432
890675971
2376738714
45374440
15566503
102947405
280587159
3418055105
3898290734
95571923
2388986522
46444989
4009304782
389946569
949997083
252777601
616454050
164230707
112110550
1358507497
29959495
15313476
2474820182
19330076
816636666
2992424178
2859819989
278239174
221454558
2255433241
1945168638
623488340
3355889093
1416500532
15343458
70839592
289366240
3058917622
2985259830
113052260
4191404834
237418375
1355685355
358840662
192496048
173404099
14514289
125732638
8695392
3943759996
29961541
3252758300
2813223643
37893586
3622891877
2159501904
31386921
168114973
24973319
3726422657
2968164783
602968045
310706595
4102486392
2294237630
498524909
2252638299
2298036668
2651651450
9610782
3008523833
88948058
93781753
3301443703
278337672
3231120212
2991647087
1382444376
3315654064
3352499026
16878165
3988603278
2982029017
3030856263
2586653215
2959572593
90598880
2586003739
2812286534
14400160
2223954964
612937808
17325009
99519349
1495991444
3261946174
2271084384
1906905048
4183207692
586887461
245855482
85697886
153973750
14909931
54938044
3032365103
232683299
3373051393
2786278220
3016721910
837514105
15444160
1400556716
1115123052
1356530628
2610081858
3314377656
39198015
96392207
153162719
3262714393
102365764
45371510
2785939783
3392011295
1444172383
103742936
898382538
1722270049
749295937
236509496
3447582501
2769376430
876159428
226931837
404201866
1003659794
804388
252300935
9344772
434925026
1865005212
2417675062
29346403
20530141
3245339241
55641253
252972587
3040645270
287845105
2607099188
3679612875
333276686
1705051814
99878575
557440595
3111496845
442787706
276542287
2878738660
428114764
2257889272
281937830
183739052
172413707
867113114
373865827
2416536936
246010139
37153105
2423637911
1834576148
329867759
3031192491
32396881
3313823769
11345912
1466830381
351860076
573843078
3023519918
250362250
399163987
3179112729
18805467
13559772
2297053591
2998435804
19705250
1330964576
4048575754
1029845102
18408384
16232997
1095085909
275377546
108398607
4128566832
16879496
636859940
59800960
2837290711
861765444
1004115949
3419503605
3165718302
17781830
844389278
1489444692
54940622
952242212
188070727
447508721
1677656462
17074244
380815419
203951741
477356399
42886353
59224146
1369252586
3321741524
2971235485
136127107
128292231
4121533515
520085549
17528527
839637595
3298453415
3310371353
24928296
3119036167
2725305810
19160502
55825564
3830934132
232698219
2709849428
2985066926
116694293
3873588374
4129161020
16264803
26697372
23798611
1270654034
2816689776
63857055
218763665
30295612
4098590535
36741186
3731619623
17476056
232918353
19539314
1545334122
26035290
862454294
46151484
2788083120
1067351514
4093780461
3306829211
2845189413
139185285
3180280015
1544327005
2215836319
495769129
186639725
4059220393
46645291
23876361
9019272
3242937847
2723415396
18725925
27369370
15362639
3430174737
414818587
32696488
102800830
560509154
126389280
2888942986
329597846
30000927
2786775092
369319801
462754174
1061679608
61560792
2493728833
22993560
7712452
323031698
17981275
4050457546
22494356
486039978
1924528525
19383954
3384201927
51461659
51435706
52490622
3816665602
33471123
3192571310
569932508
3108369027
3433409413
6534322
2453562690
183488582
4109851827
3389859873
4012316339
2816330005
3957324854
1009594412
380630818
221311996
1366191697
57110095
19803656
3832399516
718127834
2795963903
1513961743
19851429
64942189
3420012435
156919789
42487875
190365190
27686549
330509397
18313732
24628838
1547464519
2292410690
2294070522
20771732
213936621
2587986109
2749434022
2166274363
2242711280
36137946
2309294342
4098311118
2770298219
155692556
25159242
725147936
29271892
3510654853
1934444845
187000697
2491912765
4096185672
4099273162
11856042
1200819426
16600770
193699557
91884097
19517625
264261717
88765309
249001177
2743340278
700975728
849009469
4036756574
14673498
310536282
1463153148
15249154
34671794
2917850519
2680350607
20052156
3598974556
33347590
102454587
3468912951
2869001952
44894078
3221683586
2510302532
4053338655
378643729
2294239836
16491888
3386902813
2709242035
968954413
3410141362
1098118962
4109436613
3580419736
40388381
176502196
1529321880
3604798578
51588108
3252743741
2870312857
123040985
307490445
4075481533
30055269
217791533
33769838
4064883504
2913058284
489855788
2824874224
39844095
2774767052
42034114
2961574276
3763382060
816005827
68956545
2885209558
133469060
3422759541
3778995381
2743279563
14377967
533644155
251057871
70031115
405046828
34046676
554185998
151318234
79607415
34613650
62898482
14253412
1468044979
33065974
2798819495
75554186
1292463336
1122634170
2222097204
304999091
3428240735
17591391
3260461698
1663877108
16422305
3025827185
208568172
3416997166
54353031
16296264
576748344
134550240
3289535499
122476783
100338893
95165819
2744665069
3167941782
2679381079
1228278002
19179543
1171517802
420275724
53355218
2477250799
714307909
849143508
1304055830
4103154975
3314776324
633709214
3955972097
124160965
54877719
213222099
289124324
2926542426
2653731380
2368464956
363543006
45263135
3363095074
55428811
48308532
2986632010
472829432
2204673175
192399496
3244681660
253807310
2899022680
3006275550
2886122584
28824136
308778581
17205632
401537184
1603271329
201413291
1931962086
15985661
1966319184
15358109
2848340942
3875092341
97728804
27481725
24498209
8523822
3547242687
1864174380
565600293
3312772830
3158043492
3152162411
2303771754
16705952
27037934
3439636402
46996676
1550814752
4034883019
6354572
2351437846
14990393
2552090677
2342763606
2811277578
425046755
1268814596
62554155
393463327
27337338
2930624413
87475277
3550404437
2608836077
3072374349
2828131771
3845963593
323281282
3320582573
96791042
2584595419
76018680
2192857932
2742947221
197657553
3608951535
68996739
3726351317
36477529
3299311831
14274717
2461039243
3893886194
612643589
59019882
1386338574
2209299949
765340
3635537609
2263235551
3015981636
3526366901
3410998885
3882428720
33826931
495169549
92037419
186959254
119480392
3082018533
1489703012
3115791480
2566024088
801331
2524486552
2663791783
2349820694
2241486025
236742170
119709983
111998965
3130023875
19688728
16616737
1084650420
1019146357
3733315452
42131359
460912855
147278149
164037051
2330737879
85789565
152548005
4087884198
538793170
3891722477
32382727
19074822
3181092193
1634544032
2986185936
1573873243
456061913
60964525
406471262
236543753
191648580
27935118
2784387195
28416537
3250921679
1350390697
10544092
4049680934
422829532
819275988
18767480
16185081
3339389805
54776795
10370302
3950419047
1088745859
138170712
1279696446
403649381
29651794
17375271
298043299
4074167542
978384540
19023939
25349131
3295185845
3035838837
1350746466
22898586
1443148500
16030897
3626138007
292606540
289338877
4076827339
394579991
2391815167
15586551
352289827
2664111350
235014162
297875306
1400861136
867962701
2519931614
15515943
3072606045
879161563
312051744
3317722525
2148283928
262343673
94326962
263319850
147662339
791670
47714847
3063248732
18406335
56693118
577282452
29244919
106375062
299685250
320140189
193928004
143143757
2975157867
85734225
1433427858
3284049211
207301850
32561419
3997419681
127062517
222429809
3542053034
3068252050
3383536445
1441561524
3319041606
2881564432
558252030
35825462
18746811
2728404687
298445351
1084301546
40302302
3318313118
78045423
613653
2988711209
3948121819
3953897038
1220653532
974310126
300985934
267113991
2416307101
115104550
411614232
2589397946
4044030975
103881024
3330953351
28732530
743425195
613749683
1912441448
1694222562
29917270
3981955153
3448036517
14468929
1933042237
86106088
1265223246
2393107628
105869281
2550927050
14098762
18151673
2389316726
3661651034
947372622
24716475
1241987934
3700286236
2361707564
997232365
3353150901
42300159
2840065283
3298951071
3408941919
597772534
1201876490
1704772676
35183784
2968256134
2890241509
19637347
17744500
37530359
67316778
1046414882
3434549961
185043925
22091828
3690848661
2761651285
75885864
14646702
38827803
919717296
1237109474
2973019456
1430903382
42839960
3233806596
3816887620
13225162
3517794853
2572712341
138597987
322098733
3307227342
36756014
338418669
142031780
1667533718
14345948
2977739695
75639425
625387724
620501864
24267691
1855804627
186518044
634625208
300503569
95139797
3353223891
3100083030
411186710
7167682
3994397092
3519134541
3426471705
402898302
186394312
3212870427
723955802
85509895
3857066532
33165731
23728821
537259363
1625562108
1477965025
118462039
253335871
17536294
3958472955
66879806
505652301
897018036
27313635
566859182
1518785761
162780857
488152532
18638264
1862896188
360157046
3323174614
140285620
148470856
3291065628
1923017490
45833204
3300160004
120725388
1635629952
264962685
1539856062
2383237099
2434237440
725710124
615929711
3242478362
1642596972
201269579
3309930138
608638604
3172946056
16847602
65968436
204750852
212330963
281848943
2521030569
1666507562
114486324
3172025382
223868478
148979396
2224814407
2602002446
3884027399
3376939527
24764474
1139777384
508829007
3375462221
2224089876
1351355239
351117596
2305792104
314867627
368589162
9379772
4010346852
95237896
137136609
3973679236
2889389923
1072225812
30226890
1021727994
62548795
208622356
1310704368
721221434
86351784
1038077978
3140730555
30597262
361216096
308178539
11014912
3292537569
4039314449
4039048575
205057226
21823607
2458702890
249712302
3003965377
847893096
20083542
2444522904
845665676
2217179035
1084422602
1280327874
21932901
3999651012
173893754
149162807
101431978
728936576
240423441
330593599
134245108
27205177
24567155
116768076
1084734284
16046786
2290298516
17879144
2560185632
400646160
29180891
374391222
392931376
14915769
17785796
128263630
791387264
3091544963
1428590718
3249058616
423805445
985562372
197972234
2168142372
340364935
738642547
760125176
25167011
2549577372
1320125328
4000855634
62600792
3979490661
44409456
51785547
400456501
3585690854
933572617
1107942319
2200513530
32549410
2834759461
1465449000
135363099
1666962024
15427447
3927912077
224360370
3308241717
367119568
13066242
2790276490
402943114
3066052803
139774537
392515122
234310063
2856121255
2326520929
1934827622
3260693269
99353474
14976542
1535921808
98862961
23857123
88679425
278214197
1013181337
15064632
3399353223
3212210242
112176808
76455162
790792927
67860744
233886177
101817796
62349984
1436002800
218831867
3220718059
467482719
426495587
19694376
3303005760
15261654
43296233
3407148507
217411958
2988098648
3078571248
2287972855
2962354199
486214325
876065910
2562806323
14905019
6177462
3318030584
3018061911
16223360
19474957
15744281
154656051
46960175
112196068
44269435
1036143098
10744682
3253849170
433172256
863031
2207619619
59771693
1935716222
809804250
15403317
710153106
41429272
8406952
116802083
403970670
363819410
174733655
93702254
1246610724
393425241
3977009356
216731170
260840740
16339851
3504550336
2970345362
148577275
18925187
49313899
2289730088
40082786
889041782
3098939758
60623678
2163022854
376123022
3420054958
3044852884
16668557
148571259
1662485388
133395540
1339734283
455148625
35342568
549587666
46686796
1359201932
357549987
128480563
1407152268
258700856
14455025
108108824
806650375
730549963
15584414
61757331
21383096
3215241623
3969445994
2333298307
75222479
17846500
3300470351
564003710
21836409
135046052
3646567093
3684388764
2818072130
1887904790
3905273419
575686689
312708923
23251100
15818192
107778444
487103501
465650107
36715738
17910820
2611569302
3331601777
544070850
2533022738
17583828
2493907346
179528102
352052000
118584529
425294761
3972912623
251274267
3218081
3958107374
27841516
108796231
152350229
262286758
1472235164
19556945
20045629
1688521572
897519410
3123824687
54742726
229216948
462596952
2491026564
3298031861
18514142
919224253
2430569816
70365806
154249227
13238982
3358721998
2874803581
39185614
546313843
3243648855
19047089
278718784
1196702316
249838399
14973035
17952739
2492533687
1262804191
9528642
36894495
14410479
3221314867
509430566
13093882
318640909
39816414
88973080
226543868
3307023834
2756895843
205362526
499202288
3047751019
19125090
488519273
203488848
106002709
125023371
15475461
24428509
15707539
137727876
14628960
3114422673
236871924
2368171399
95779946
3711283756
17088183
162033248
2178741153
90147096
4850261
23650401
25986245
2793295682
4000089219
83087340
180898368
3187037706
456011245
39764016
387199017
196915521
311795739
1027775436
263310004
626092814
3270948535
3379965132
273595724
59613076
1542965624
98650991
40842905
2806518560
3222549962
3922336281
17195902
3188941237
3883152133
2338927909
2216101016
3817150936
289593179
1670474090
222872365
212340948
2337990169
22471775
2947664161
273946504
74446486
14923485
28405213
83649618
246302520
23077168
20796478
16468097
3158160799
741637770
39810281
2333457564
2865081626
22111831
234037111
600697293
44887679
1949496523
3240981439
26947221
141694261
3297349086
932646043
2350015015
1354162879
16522303
3157507137
3327399081
338480805
381430478
51245521
1697430242
18977402
2252241674
2399776482
2280220237
3312758078
389462437
2831281830
3854112501
1972006597
15108801
3331672683
3021958339
2384326501
73421945
2932112376
1033217443
541257023
29301963
56412485
3963847101
112885820
2845462895
3285383033
2928878047
12512312
409675751
2757485411
362559633
70862896
124080649
96704053
52441344
19443326
3929357991
982225746
301481396
2451264151
29811390
317244810
2842339199
1005999660
15944443
126104240
3779004134
2982172648
1236163110
3331740892
239529181
81277412
21279340
323128918
177960501
932922624
28902085
35846463
1122502634
3978499575
3978431595
627456572
116650489
908904612
3121345754
346919442
40510519
3974842336
15290567
101321544
3280979995
17940504
27769716
3955094001
53018982
70979689
377976890
1036578944
1901493907
774777169
2809305756
360751666
479758700
3071466048
967369051
75258016
2166616483
3382561570
2845060916
2909224811
2449543501
1101087414
3015210604
110556913
58881472
3783971413
19663388
2404840614
3041232857
132297553
14578519
19853390
10048772
373447444
237737876
109688109
163953595
3394813841
3017688144
224553092
113410319
14654999
22644286
211381018
41390008
3149973561
1548899748
2963149396
1885367618
94572535
25665666
85225317
3582311172
2278819154
2479204729
888471289
44582999
8941952
15678167
17506774
184754790
18197800
22986573
295234692
27359224
558225686
3527735956
561728347
470124167
2535455623
3149366831
28830480
840049189
57742502
224059796
1341462944
2439408840
7959682
624036203
1688425327
37396748
2294049537
2819611444
2436003696
2434643466
28511335
5681692
132638474
3938976922
1632855667
21320757
885031699
3378868779
3883327632
2149967342
3406395628
276613188
3336020532
3326644912
96779709
3351725236
3000372784
3416401272
3238976441
279233797
3193073724
218224914
748625558
3167401950
165429225
3037685113
265439909
21951350
3402538955
3299789101
917308346
3852800835
595045074
3071009390
17632558
14781333
3000520921
1566723570
2886080854
192171500
3044848660
42856058
25503051
3221409332
29512523
2517810986
2298150138
324967809
22043931
19720110
131189124
3015652600
3195155861
487238096
116461582
2603666365
2926761457
14825303
3362286839
22658970
16016318
567231881
1441785312
28031609
27644740
3383235023
15400055
3003686526
74946728
1965348956
231582712
1199278140
3252674607
2679918566
158499613
17051560
1344476419
1546153346
570940685
209438373
490334484
3027431134
1400335483
1933991155
194274255
2596947432
2916246091
40747858
2402201132
259395702
599414960
3596042658
299720462
102665471
2826835662
44493305
17461469
312753882
2789904284
1246968564
208008242
113672911
333662068
66588279
37088884
132275131
18863694
143529215
17552472
2823730616
2421133596
379485725
236487888
3859914733
16900850
1978888866
3070025839
34270059
1482786620
29135913
3020237321
2887044870
21377716
477082728
2610351414
365779677
545628954
3934906834
602700831
3358720972
196091656
3221325143
2994357479
3276323316
2264328750
40526819
738369480
120404414
2328196453
599365854
1965011929
2929799369
3099697258
3320692610
3340114907
52676173
2362162477
14207981
3220114441
2898820330
2227491955
37321863
438241605
3382437539
55825423
9748572
94042741
2700678739
2749364971
3538356852
876371215
245816337
179791072
3383582523
146482367
105491314
25297191
2984160987
2412580496
18818627
2686714304
1447023979
311188349
82986441
20697730
3291214863
104178874
1241348886
24048368
1954293848
379561947
3140684175
266118698
2905588209
18373300
2414609995
22421817
2983982208
606632299
3312861212
252013741
308374898
3719728283
3221729677
37060055
67923234
5812922
243904832
3119425245
3130906425
3264810931
44364619
64781526
266042053
34716728
219133377
3118761073
20679956
254998228
17984489
18998480
2788962315
2243838393
388345834
3165542805
2804118414
3921438617
389357766
574793335
437512477
15735797
12069152
13116062
346615771
2995164038
2394891914
250505839
312658843
2937534765
2847971041
2883163606
2458769658
370314644
957141012
43471549
3305554235
108394178
845116070
3185488352
3612023474
2452992871
2365954740
3573690792
2764382230
111689516
257215644
21542465
2327579196
54292056
14080905
14198170
3374980361
384939128
3189096823
135945569
40092076
197222147
12221542
23236025
492741234
19895837
2840559765
50763889
2734419859
14193619
59300201
3828289872
18234672
3152609959
252182302
2958296033
104751201
3062939842
2544610068
176869187
175326192
40404150
75925454
1011754902
219328467
350802962
68419396
17303277
255796190
57995000
30457059
40267414
86573208
224383563
590788952
55932311
42028934
1343734783
176489385
1192646244
1458747120
123763808
60388902
15039436
248387053
3151144560
3505709895
3072501010
815951162
1489965960
2888507784
15013580
816388
2812469135
23313549
63166549
326424648
21714938
14262772
971727542
21110060
103737956
1207667768
139665268
2761190452
538471168
60049728
394480640
2842117505
3244976710
1332797402
1929377150
14167488
55801465
2987043321
17862853
396445047
1700869604
1674244704
14526565
176299018
36520014
23185924
604840570
128971011
3121625552
461370327
152026539
1277980782
368220333
34620350
3080532999
121808771
3333368728
1228995708
1319460450
888709201
192427420
1077
3210746499
3188371547
3392756063
2335506524
237786643
1121743712
323828583
1148468588
331631952
636551433
360071927
2724419645
11123152
20859603
199496002
2825881717
25343598
107159228
3569644754
95515756
633287684
36031722
2732540457
3288747763
13438732
1073818010
548289544
3569203461
2370162936
172475275
161307651
2316980689
1374161844
283799011
17798223
3275233465
104492859
76858995
2948955371
144798844
3600309194
452336962
285320418
1109648851
2876735254
2239121443
712085406
20209411
2474532349
47865477
16816193
116926997
46002458
15987393
26253881
27193844
30818857
3028174781
647043
3428503901
15227000
28622733
3461302757
108296764
2801598336
14162782
417697277
74414258
3342781467
775004180
2491819189
2865878339
1443680444
2350567654
790095841
3201764127
160527484
2289354644
70964050
111471781
142415963
3364798510
3351965650
2416966164
435712899
2364562272
3890308642
106804211
717981264
92990106
373572769
179237428
25273882
1202148176
374776894
34565940
620090058
1455832038
2936423687
3036872494
3341956413
2750980108
1426631756
9158962
2553468265
106546420
454310560
15624618
3805922953
79993544
3302504669
3793913118
7040692
392338947
3291300477
3805437865
14456429
2341139364
1483204369
528113074
3753782000
2651465136
719885124
50650913
825370843
399313157
299674182
15440836
336455442
2572844671
3270417480
15280716
3687411736
210684204
14442882
17731073
14790645
18261163
440978471
1164561944
2496633000
173520886
279705384
202292172
2883789715
19142691
151951272
391479811
22838617
80512142
50143871
127936182
1545372552
233491567
2545367444
2885651399
2235762170
1713944696
96343813
2927245389
9613362
15024873
281585654
2884006791
2792480833
278208730
40847455
1240355022
71775004
273383
1279357490
18686463
294468159
10786122
14327878
3467932693
205675351
3409038683
16943688
14165240
18794180
1098464611
41090635
136690988
2187364709
2168146596
32618940
115068072
11546352
15899236
197922146
884280516
70410097
479869733
14065217
2900439489
187990590
364180558
210269467
3860458277
459606630
3060539594
3317643414
355243825
35307545
2303344784
611862241
360828932
3162988484
49876550
376211514
98007810
463257833
2215713913
89631469
174721795
2362923008
3247929356
3005847270
268970389
333231062
470207320
3805648756
128290636
366902825
18450530
3000092890
11992092
1976317832
15064461
37863767
1314107029
3017263971
193931137
290395312
75403678
29733577
1361737512
195040056
3314284633
15221598
111743
3040870893
221250067
819074610
117955980
366781752
3025870761
2803707541
377774048
3460751
2651536566
1949571554
1452224767
1633632828
1043347442
203656418
559645467
271069429
3481063939
3257104104
104457604
306705939
1115140063
1426388498
818237828
2843786155
501361279
3312926479
26213291
2860289139
322858096
227090683
178200075
2322820645
2903869067
27684167
8820652
1431153979
2392562743
573952371
173244056
2467214520
13813962
20955533
1603927854
3571142474
36231371
45672225
1547074368
191773298
2691106351
23841163
61730163
2801546377
20455155
3526336593
1719498912
3671264597
618172850
18435068
19017255
856450920
3006208432
468290519
3381266386
44171091
3300666637
113370630
2709441722
33025520
2485574457
864313800
473548058
1365120415
7702262
157060031
296291978
64627074
2981416481
3368843223
156113195
14051156
277120302
1472630587
750817764
3734211557
1176401
729793656
172946850
384864322
3317071989
3457881
3694258883
1106075215
24269672
2800131685
3288275572
3179053051
3063246702
710984797
15221719
3258861908
3119794018
1622790582
579751192
35010621
57275398
2239385280
15354310
85823225
3094540755
156961213
2648145426
19569136
1070242490
59705943
15077906
370563458
1520285611
33519061
3192987447
3219106116
117610601
3400807594
2646362509
16813249
3343070651
488605055
14563023
555307309
82923378
547232187
9880322
324421084
323051647
11673662
14439075
246417233
110773526
43106540
1695010238
123568642
23011352
2677940407
162279801
1858603380
514224011
2162697578
1192629493
86851137
3284171328
17462337
117905814
2831243034
3222142715
147470258
135257449
1157591702
252230017
2399936364
11099652
1378797913
1570918244
14926165
1541529385
112011205
2872443545
2348216820
80530081
3087607881
3270317689
1469939162
23600276
908930785
294638481
2358581372
565061440
39724278
104427378
151424861
378859462
3151567475
2757482466
232282275
14646840
2234501989
2613588408
78237632
1011391975
2991079026
297315219
380541929
557996780
246836992
90895234
220446802
1961091234
103521190
1312121269
2302468187
346908191
18149467
312302273
1040958458
3322650327
1120299122
51161632
263885810
53409654
435150335
21861727
2301518658
321537306
34743353
1140234342
14855279
3746991923
1311162936
69250260
631186634
509345118
14297098
2175002503
2467520784
2230455128
2987359185
2971909071
201412682
1945085910
24046313
2413022749
312129169
134870262
2981081101
35911813
385740612
3781804456
57334102
30650843
196237542
576500275
1701844382
309216771
483771071
5391902
177487557
149652449
1873260786
9695792
192900152
14086866
1923637494
1024618400
3247570660
2892228652
98645919
40885665
380879472
2237170628
3697626736
2227813789
1092479468
1853509957
1918819380
3256901449
3131108062
3131593425
1627677426
25207508
420078732
219963788
3718152683
15297345
69469543
3044572529
13339272
3023573672
37519398
3311462010
3646932511
179173769
19356110
709404201
46691793
47202894
524286247
3707706192
140557330
3230388598
133686392
1184096065
3379002563
889270039
2815294256
292929271
2395123376
2219233555
2650946497
2425417938
873194467
85605116
24214463
13740992
305156182
1434834684
169115069
101298982
3005938624
3315871729
2837684879
3296195456
577572681
3222813805
3408001901
237682259
2148926575
150094067
117992261
2557119372
43906009
113342694
415023121
1712273372
2293248432
75320373
3248703728
117499963
2253863555
2416460214
23832360
19924489
3612516675
61011524
435951628
535546519
288263636
14846470
362471511
18137828
2155219346
156599297
3425016862
239445130
145153948
2985591897
1198738070
2286920017
2538476593
3052899904
2217597356
406013931
3454234940
17736063
111092144
138310025
16248345
44165283
3008299105
3601488917
1897153693
43452450
1403359417
2987955574
1397354186
3095206450
1196351934
241081812
3431124093
2435584472
30449115
2492039959
16182628
888986803
113108098
978735865
70461418
2377570901
16783728
73369950
495032753
2936445343
2797749424
15303630
148265638
160717738
729841404
2558133955
3248235795
55442731
2645518561
1907076355
62738687
479546275
250328358
290921340
74769014
615825079
634868288
2541913297
113609653
43162626
219031924
65458306
1953379280
2596599632
122014550
2358554612
437674175
109174667
512193898
3653253073
1065928513
37040897
135833838
2807286999
2474250338
213793315
75006040
3265685868
52090515
426269454
3004061963
2809510001
2825823722
18418080
22142824
313297573
30327848
2981494378
2869103268
949336879
300511943
1571342084
1872674299
3064563015
7886782
3611573422
629558842
15989022
2855916984
131575586
336894173
20241114
3261576049
17953435
1686179899
495439448
55165860
1033626252
1444067226
18189149
1728097759
1719781873
171607002
191449523
3418646976
712370244
38529570
280586643
775177915
126087729
3603133227
3243704296
555351508
40137359
233507101
361032828
318644578
573515119
611295355
932957318
25753768
2473573699
436611833
2408888221
2881182347
271537626
523971759
3369874873
3017196845
3285714750
116557347
64975978
126312307
2876333066
3553323080
15632350
628661472
2615490127
246145420
1574065873
14968527
1621091173
2425917793
105234548
16536804
1526061026
1478478967
1109638910
244035744
603724114
335079091
2325767473
20944292
178708210
2894744309
550632815
18458747
208139326
221456143
2391164419
3107964997
1002133868
222467872
3439692435
23507468
2841481948
424657192
2277632947
3638037194
2800428764
132456693
1397458430
2804459072
305024851
2933747201
3417541533
2961078124
2479516946
121246513
3322001000
172345858
211512548
2413792766
3219422522
2589295104
55623038
2868750902
41776692
3165946324
21990172
300822233
242694813
14987172
986781888
30627024
2158981464
315282264
2651131370
2335519226
43156555
427958206
1525696230
2856913936
1880716164
3296249149
3499279453
20710292
77525513
635009607
26633226
21772531
1682177671
2890501217
38500649
15228449
5687272
235652866
2776542967
286233279
844811516
2998447743
2290216609
3426986992
59617171
2278047084
1553856169
544639042
2460154507
1379830590
41366404
3359874192
79306607
213405505
34237399
18843840
968856324
3500368814
3096590594
1882306320
100727865
87799880
169875402
513077355
187476053
341569182
2935241181
14801984
3295064648
95025717
940736467
15680097
370329077
79128254
2238730818
331272906
49570729
568923488
156093411
2414012077
3236707304
213119979
3130830526
2525262385
3382528787
17519611
14399552
213089808
2796827730
2783992357
156579524
18331127
3268407937
793891590
1135299488
54408703
2416309410
3589385476
424807781
106771994
2966803771
21431324
3294832765
77447401
65573803
2783248858
959688355
86806495
1465596830
3319167856
2377303741
2340584042
19097519
1957226478
86161407
104472441
174281519
3158451439
3357823389
373972312
3032829759
2728732748
1408137253
9427962
473901712
2837637671
295326066
26953029
23399204
3142069295
14816579
1918997802
2276760961
913740637
149772434
2994862110
2261885623
538147752
100277835
2580994608
325907632
3194632802
398789167
22162666
340018305
2378055060
830470375
1041556056
85622212
260968332
1403330635
408864365
3129248519
15711951
1542946087
20103589
1359968023
266851301
95948501
2244203258
3599739316
108301398
1130798108
430414407
3667690221
2545655084
420156855
40764388
3578878585
27988818
3253756706
2911840384
2900213127
1711421197
3272391686
3070231033
2202688975
96204813
172699937
35731120
13677632
2810557465
115571071
250598300
369627599
1530513469
226539829
2696567756
1465065524
2783810095
3527008396
257749682
16795104
3187048251
2788486628
62241451
33721957
13525362
1004248644
3008905452
2313786127
3284740410
3016756833
187271889
17084958
1527754159
2231822382
275155940
1808851
2176039356
2583884485
432800621
22228286
499418612
237100848
161740961
3300205080
37852719
1651833200
41271644
15595903
470438993
752162378
3619045515
3596740161
3384519400
17905508
14433572
2838531233
3312365828
58560915
24669428
32198841
2577727369
2242188218
27878891
14291673
369583633
10801172
3249974724
3348527247
17564954
776636684
44679444
1341557828
14519349
73891680
3287919141
32299532
2451195702
1342464920
132211562
317936494
9070372
93810994
2917003436
60349138
487762901
600959521
796504652
30245510
20826753
2459187270
3021297897
236946013
2862947009
54514059
56070628
17823198
440169023
919743937
3208166061
2155342483
3407443054
92123507
3248496840
477962564
389636325
150852908
2849075205
543928898
270325260
2528908448
2295217322
1475383028
1686144043
3077882795
1069351
2328406791
3072782280
389602055
3074675437
19906932
36629392
565074307
3395399572
203931578
19411505
450802238
3389694106
40268126
3134143892
1228215930
42337411
334944657
1591361107
16044407
451855076
1092120835
8521762
554757120
2932701865
3267223932
3550494495
221077719
2873555710
2880397532
3316363670
47270985
286185263
19160819
45747471
271870078
2381933521
2848614079
21672825
77919208
21376588
2466339073
2875600925
2928086177
191498091
19976871
1329619934
3293079775
348414859
375697099
119228939
959492120
162437804
3592705455
61916190
2870911366
3483963022
31416666
1001628985
433147899
1953892484
18159783
3302846847
2600173543
184824226
539430383
22274653
3482028027
233853593
992348502
148687303
3235339552
923331074
3175513689
56125431
2515329308
2369126468
786223237
30615927
163582516
2678554854
302049915
3481183333
3102831805
150458565
297850712
2505360090
15393226
3378303167
19045859
2384440559
1576689973
493083938
3442868773
26458434
69611624
3313700838
3169916217
7019512
1357976521
17333183
406975565
487011092
237824796
3513234677
409580346
46053965
124023833
903074324
123085589
487162457
3166019412
121434453
16557497
517495068
285118383
900241945
49643444
318507165
247211567
513660968
103831753
2580636774
140477924
3121119976
2353056272
2797980684
240013122
506596477
94446379
842642004
2379791
2168904518
2902335980
1005912596
1132205024
3382425434
3042739362
3288446133
3438331332
2807600952
49901937
934459903
171818091
2903023016
3280374638
82345091
15799959
946507549
116909103
492890318
192533689
2303538841
2494225975
18987123
3276685639
17467196
48829629
483862860
243997987
1435730690
34590538
2370562669
3482411495
522827657
11146322
121920035
460830455
107069240
1153995726
773238775
156716455
339341760
136709880
5940642
289812596
2707436346
1391467070
1667073452
2433035562
2340605852
327549326
55477622
65353801
1966372123
338297895
2168145180
2887586003
562855718
31404094
2728434075
2436923282
44685670
32746730
88399832
155202983
2158336085
3407295005
27090356
558934972
325722993
47528565
1489518512
2835610800
22707820
3432666610
14256615
447536508
46740603
314211387
3326607820
16234004
3254908092
1534830200
2204478351
36895136
2912817584
142296497
175256722
14645490
1723048436
2262298772
1061623230
238664986
3355833378
47202037
738139099
107413274
17484046
1526276143
16582932
2477946732
421852120
3323118428
2851673316
2468691060
260353653
267500833
2944241870
24292277
1861147704
2902884724
250805173
81849067
41613051
466888584
2608727736
25308851
875083231
341664664
2652372895
3246323595
2473963118
3254927419
2868398797
2567231701
704474491
17014498
27515462
2431060873
258957276
449026354
126797981
14352195
946471628
266634532
1383186056
2350808685
165899886
3322573200
19159504
1260549048
939613218
175743717
2203775736
576154617
352632733
3429621171
2317221996
273987936
2598721676
41668035
146476357
38454900
3436873467
1943338261
2195485505
107523645
21299246
23411720
3252162228
108848641
3171500599
41453909
1499026446
20435347
3016713518
340474121
279081461
82941870
15861981
488713596
21116664
2510064471
86766927
2554169870
2745374954
45261013
47866630
719773604
32499690
633726823
92798598
35208567
2857452438
1347854892
3164966581
1319310247
3092412831
2460216512
23591140
42651013
3422954602
1617603914
712495862
747047516
2352903282
512242310
2831595396
84765545
2400274933
254984613
944031
1252191
3185778067
481503819
172846897
15875119
2697859279
29281762
14604049
2282706721
48514926
2273084101
1621263949
3128855143
69414196
107396887
3342408969
15391280
123383059
752874133
1683472572
3229589879
3010471567
14259167
2831588528
2307107947
1538718654
131749962
3138220676
1279790160
166857011
3431865724
309641864
45653882
399910718
2395975728
3251267893
765548905
2228759396
3311143130
29061728
906205117
3285850974
3097650699
3318693073
28547302
1374799134
2994185267
384677659
396873624
3423507329
3280307258
3092114945
249694585
54010785
16520708
979402656
21213658
2831335907
3313141456
90136852
3105583844
283080534
81074936
1397077014
3229932246
73432856
635329903
2576661460
95450043
400939901
80681427
2913026973
807724400
3315435600
3315942290
322159371
585828679
3424182177
3315954889
3315757627
2676697789
3233366417
2777106183
38229929
2895706557
18648225
102697154
3160251995
37245962
3297768168
60921062
107165311
14600151
3014507804
3315222168
1146644354
432357250
396837978
355802712
208693559
54500185
3299206001
19724041
420362575
2829956570
1674881040
2251499280
2304346701
611203680
278163869
2931154869
221210313
3071700085
54384777
116812226
10653602
181182416
1639136786
33057154
1449744306
151193855
284326589
3038517061
796971
3207843383
1328170368
3384749639
227423290
166382029
2925160535
39204563
402920992
54717933
53611969
879790891
2683915872
601642054
3414623679
1470018516
3314204803
3292630503
910694557
82343076
234685222
29724534
42093759
1342217718
23776997
2963669695
49797191
14137033
29648122
46689347
18548136
36452486
300193472
2724745646
481905835
76966092
489578976
3234054924
397798640
577698746
221441326
198193514
2496014137
307405397
803918455
863556277
171018747
2253528900
188934630
1738822142
724221672
2445171812
30037177
3227727644
2225235524
18964783
570664609
327184784
2767303416
16688102
783078606
474075196
2786185395
156303065
887225066
30061372
2939488174
7282232
2767843313
2594394726
3148485324
252599458
251934935
2343555259
1158981506
1732624986
1951056752
3024654585
3251115747
298704683
618840573
759826807
154002144
335364907
79929160
2340709405
376540316
3092380407
1426697155
18415825
2844314051
19927676
3024034564
402944504
2730350299
27580569
1684763856
1528819806
75049621
2872605324
448445992
116856931
364065813
16883326
3407967899
236219191
2573949973
873592850
23367786
2164850889
30369173
3151849616
276576139
2235156894
3391629657
3166514130
1454159912
2186667937
117037094
232644888
1850484768
3077388101
323998361
3371396626
402596222
2445198115
61129799
18462961
713740910
52221847
1532357965
2205151879
14476550
72507328
14201559
3021314001
3257941644
3223617440
801376502
15703122
3304407001
17962270
18104730
2493094016
2152942698
3092742851
392696986
3307013060
243264557
1887486780
1306929954
3310021764
554665485
2958792779
1345476306
3189230557
98427656
71485153
2591741106
3221325240
138025615
50013926
3224594526
3090084821
96863903
3259917235
2724563966
19485870
362035439
3289744231
3229263121
2651517961
482944485
2540534136
25009140
2834086999
3350622809
322565898
291283577
37077144
21392684
2733229934
348031110
3202282299
3323526915
3235256730
3302631026
323265196
3296010704
383399899
3292824165
2985317041
3220116774
135365574
3296864902
1062177913
718756777
1083516734
1266895316
1246157036
3184535677
14499048
42609957
43079465
1960673214
2374416325
16976447
95931173
39570785
3394182461
3077247304
2862519153
1952076517
209792558
137410750
394335195
3395929479
2836936615
139493986
996952435
2290139234
3307771050
2488405086
139706745
76619358
981931820
80002483
2181982195
3319153379
15018422
2917797668
1567871052
3287225246
2821124254
2831881450
2896052759
3106850920
258003493
44387382
3174757378
138526255
450002126
1078226190
913658046
19691332
2387461947
111207319
464859826
479352902
160664621
8339942
339425126
197529558
280574256
336699210
529012028
14162740
36099478
433559813
14616778
131983221
3300158923
322044490
27844693
40278053
37233478
1965847669
392640280
2783558430
1363573388
28409795
2934078309
511223459
885733974
1961835793
2658569068
576095233
110217937
3349148831
2415505866
1191755930
2353813255
2413235786
321512830
1714558692
2922058187
2575486273
14486811
1890842214
23701497
3316498659
1600858730
14516679
25145737
487256024
22315431
100572547
557261308
1954217863
28311242
3271606572
3308420319
2564172839
75983963
211218234
80964276
2386379966
3123413072
2929179196
49624762
3343056023
48331264
898981976
27093960
3305640860
34684126
2523388484
2856127725
1890992798
2727917184
1317763788
2258341844
2161496167
388547610
29566832
3377594811
3377163358
2700730813
1183559792
2753751338
418110975
454312032
47291507
3287770334
45237150
28322593
224312795
106297732
292244020
2493153577
177989708
291815624
2467903831
2790795553
1703246636
2157417348
3400075618
933143924
60653539
173509720
274025383
234876597
60531157
90852674
780722634
188784693
3238361180
917411364
1442024714
131472597
3291192658
3385008082
16217035
46509768
3253714729
393421408
2353540664
57705515
1332586657
1595436770
383750692
90394398
353766222
1145369852
2509672735
226085885
22272296
15804664
3220919414
1625296296
2332346413
2190146204
3308473913
340218019
3124154953
572157338
2856077508
3119108940
2588109960
63613393
14986598
326665662
484843860
341305870
20680809
3277733876
3186468955
2776891332
2841393586
218024954
322116425
1335002192
217199982
3387871373
21690812
18645658
2489473195
24537191
1486159278
2393063119
20946980
386848583
83632808
2834500233
3123131857
3397240822
559161081
388388380
974070222
3011135918
2189564845
3288478716
299209182
3155080709
40587059
2598267734
15446520
3068066516
2400940238
9525952
3255432271
2393149859
128218482
79025322
1370265020
16654025
52659564
1223010289
2806255638
2744976774
119792450
1026350821
2590726476
108752802
297078708
833070439
161128380
139357267
2455382858
113422725
95237672
417222908
2530724647
19427242
2851029789
2834931089
2902168621
253719198
2311357256
554475807
231505530
314065655
11702772
14379514
1177175629
891199597
63326325
2842672325
2253477378
17490402
17486092
326357389
2888647905
3283387044
10039022
237212201
75996133
2256965582
95263650
14550893
197464628
459492917
499095115
2578998578
2781666948
773619012
144657491
2582151336
36647234
2450179968
236103149
3294457060
17393362
170672110
2258735522
69032059
3375288010
23555746
17352782
2790693637
113036231
2922015099
1235833945
2274921
18185124
15791655
39651447
456582197
3058483209
15063429
2315258520
2473562271
2803551290
18446605
136184888
2917394612
2889627101
19713521
2736511277
2580790656
204385630
517346119
43668054
1673121024
2550199736
260116297
944050200
16617061
3002670163
3371107978
14492347
2315770448
3288203678
118766205
626409243
3010489474
3019978625
959564347
2834597675
175392918
216095591
269926686
123536646
20649501
1957619118
738561462
825369847
732010909
41642457
18758318
2664667260
87327779
1033028106
307128983
14274372
14763855
2207491537
58569413
3392184339
3305036153
14440117
3322948319
240943344
15244628
17563531
544068464
17536679
542107405
3252766650
786668760
19922496
585573270
2260690748
14336585
3042237100
131466968
1851359713
3284194122
26094126
575653352
31270821
373326355
2452006230
582583835
3149593591
394279338
441582031
195830320
38712999
444240428
3031804453
466657619
3072307880
3275006401
8252602
29939467
2240590166
27381885
1613586074
629119415
59451569
296879022
3111659948
15231287
244712325
582037702
3286706611
610337941
461897882
34971242
1281010592
400962072
92365832
3151799921
725625818
124874544
325860286
324120350
2506418161
273661708
3060944283
2943402326
117944765
351732275
2547347199
3003123571
3237571000
589423381
118001996
53434947
317125530
3198439335
1667102390
19864150
2249884134
2872365302
350117387
634042498
2497644805
1558118652
62932557
3291771846
1017451476
277706998
3372441113
57251326
157257876
24269951
14134851
16828265
53898323
3226680689
3159248533
2174091655
2440041410
2979949425
519360122
2949980805
2572244346
3027816061
2846580298
14148308
3183885532
101756565
207067943
136412579
55021400
103257336
94991225
3314047642
475639825
46046503
2856920883
2814132798
20628702
538911632
458920828
16694698
1858278324
148591151
263425576
9573592
3178677536
92579975
18174991
15377115
102130798
3287712828
2989338740
3068192021
40012474
833547914
42729326
1920091782
238223567
9818032
185919321
3241301863
403947786
3210877971
3306146529
3109883463
3289252604
441960065
1670321934
308014962
1502567329
1346646384
1386276872
3383736207
53889610
3302024751
3022974200
2797602696
353875935
2911238715
1471044564
2575113361
293577814
42671569
280826651
339949661
212095812
3274319023
1097659375
103119389
3283166059
3281169738
3365482150
40351345
115111956
68237684
1691099317
65580211
1590565345
1688664710
2513341416
3281858653
52540603
1096006928
2439244411
2786417676
2462079870
475473300
300076375
87391189
17429238
465450519
264105633
412964089
203424680
3114088023
2885617666
3293121447
382584903
5352542
340405264
41406777
98493430
39787689
729463381
1051878806
3282346458
2218580041
97756889
317667782
19848777
191920757
2773017662
1650021804
1673013572
480308756
2872661847
2339834330
2339832854
1450627562
943839720
40842944
58388736
2159649743
92957975
1634825258
819181700
1337341842
3050079314
121234981
14979315
1673035759
73986605
2802831384
112998934
3011156911
368469727
1097899015
2887288601
2417595128
318565504
10870512
37391190
271079476
3005422162
1670355056
127181267
3098822445
733118202
3382570109
2836528966
2780267459
3192488074
24411256
2441856824
319721647
29963041
37660948
2372692411
2324385440
1931811601
76572162
71150938
8071902
2166348872
35805070
25684226
1615008583
2837805051
2892864408
45374708
3351799102
3308565569
223712827
560967760
2740147945
1562716898
1073388390
37063596
17365144
2987605712
1963995792
791758063
279585613
3262087058
633156440
9078772
1966430233
3243037826
529794801
2763955280
296320946
2699238715
22773313
2565303138
25324378
416949345
2989323842
42363766
336890449
1925700409
571073055
151805556
15210060
2213931162
1633839500
2445162480
22493195
2955450147
407103524
3106966240
1670317824
2870752193
2935435659
3281466630
58726374
3249954978
19654799
858431798
16020412
1064932981
338266703
2300391498
48287169
342660627
2740563252
29130296
311554184
2385538538
1304765785
556649719
779436421
2750276617
97378390
882131
333565721
3298902809
1153538011
2315903988
17201158
68971853
78895525
168156012
2210366030
2239800114
3187679997
1609253480
480740230
16818897
1216125972
1896166172
200165158
611147774
147757354
423396956
2646734352
250397837
94392939
101602358
16040887
2984595436
16938744
3091428232
119014795
2402144976
2429621444
432660738
1577632891
288859635
2872159845
16450602
1670707770
161527599
46121518
3016704371
18882079
3064594997
615855679
3111139607
489173086
592647367
43113344
3306785879
155602705
34258311
583383887
166925953
608795362
19608771
152944874
2410798578
3350625009
3006500511
489131866
15842588
3056312982
149293701
91135990
3376271561
53763766
1452762344
3081345050
977632286
956395021
346084664
405961717
115132643
142342983
130757089
3053126874
49311606
16047616
3106148338
2295491696
3222080443
17462121
7661422
280273787
3082325184
555619139
3423521
45984138
2608245109
30747766
1117383192
1487249858
970078196
2900465603
34484622
15721278
99147325
1924116656
2931937996
258840610
626629546
42646236
15203873
339893997
2259141228
14297050
2766073483
49620984
2994551949
3244669612
396631317
432432520
214002647
14941706
15158654
2896511547
3109829547
217538774
108985609
31522218
107721194
31815657
789622728
2374787460
477557874
3186593521
14666277
3226507833
3149379939
3192683506
3372811955
3351957743
1970038374
3341512271
1024837878
410198184
327931795
3227389735
397173733
3045508942
55207986
635957337
74766163
251239244
3053703029
2220476149
19426806
312142109
3052715055
732645804
1692211585
83910168
1492123178
19364849
234470696
478157338
3115094398
26971462
90272103
3237252124
1351575710
591008504
1145825354
299342126
79737790
3224999591
1273562346
458380068
2392862702
123371410
3101949927
3093123446
78706788
2846061576
62178427
2807848340
365669727
1315240788
2902189351
131577129
312927309
66988786
2295209874
260472941
3002561195
3118860841
18522848
3266032465
7909542
2257206785
107087487
1638855829
3313461562
3115488491
2897881165
816175952
130822947
3164001
3271964660
367926511
276022509
2301899748
57158676
2401335536
2559948445
18840892
370138838
449959348
112970794
1866243193
3158732868
3131102986
3368845799
1867648562
2805034963
2727833233
1279618789
2848312080
761672456
134234167
581529053
18867847
52000010
567839716
3237116341
2284066573
16428935
15369949
3345920403
143132045
352526493
3179800200
369705071
61608747
2906862160
2559607064
3147423772
2458477400
16856404
365983113
2371401
2851635909
2722015274
1347462090
399255492
15199103
938898656
3162887281
58572674
2934841552
2937952835
31272094
362997842
14810783
259605825
391843044
386974910
373244816
235000433
20674137
391841309
386984653
386982135
263561282
391895017
374418115
387540934
17010913
2292179365
564887075
2986622362
358905141
253448218
219993349
373206076
256895069
253402630
385300898
390078852
371655167
385310907
374413055
371662737
388751998
385305897
374420899
388733279
373218616
373216088
374351661
533800563
387084835
259600762
373236704
201844748
372190721
253456607
253400265
260118316
253397593
390001131
2463171847
387081366
374356999
373238880
2994225446
38848092
13301812
346705172
2183234774
11388432
3212996542
2983817817
317128520
1688693335
31716155
1319406326
802315068
16874598
3054903650
371238397
9980782
3130567797
2216387119
22906175
3163984174
2983402295
1040373240
2729389253
3254573874
485722389
1565273664
3266829812
2544628208
50677180
1535434712
176636351
793961694
3107412809
205879657
3364935502
305036494
3365332126
2201680657
165808050
3266855288
2330340402
3165968983
2800091112
361862111
53028064
1613957024
53006008
3070213319
42208855
26859475
26775859
116369099
16261638
2838914400
308033833
2939863535
2992041357
3039086303
190804002
1598722416
833983921
119695537
870652734
2363136859
24001338
1713583140
403942389
3236333414
2951106493
53234546
757365218
2203798553
2919824144
9147682
1869027252
30317113
249613529
272674112
1632220008
2768854125
2479444358
2538807746
134818435
601093406
2786821499
569229676
19368241
2889241946
1535045923
323864582
17700988
2161784425
16500556
2565607694
24167818
115827236
2648549317
46783856
1635828884
1870417183
16035846
550500722
113147859
2806378419
24371047
20964319
265488048
3250060374
3341099830
797816052
907192968
3351433059
3065871448
57497901
1430572368
2822423647
3246190991
2168920129
109648691
511043145
3071597650
2489841308
1923709316
860045623
317378810
17909176
3266002690
2784330777
528055712
3152329430
2976540321
3269970374
294924825
2612429682
1541083321
1600268089
567327907
18008330
3010593099
3352065653
531162864
386047805
1684248258
22882552
93643238
3294779224
2569326841
2752581299
2916386836
166203501
19199743
3312382811
12460762
2353970503
149176270
17838792
2823033751
3340252623
3341133491
46415654
2395996238
174007803
2548407828
381032464
17836135
1705286461
212044853
2244931813
3249975732
720567793
23396106
2274791052
312550665
3312089771
3173205078
2667834210
292778552
2228476873
26527783
3359810159
1470705733
15155910
3332259363
2207972657
498462088
361726712
113311172
141209349
2995021588
215309395
1604252203
31497295
2805090506
21624573
15695513
3686081
150546196
3268590493
13608142
366877481
2900951571
20320066
19968933
173787102
32751312
1415798540
380245624
285229333
921733909
260800287
1122895302
3321118019
75286784
444727642
3158104453
472476382
2514451069
17463660
2939874825
24745651
2292163718
2326375554
293338829
3233851638
80909699
108196946
149819916
16695575
397993662
317419222
3267875335
14297863
3350990783
336053144
114085960
40575452
40607969
1553777455
188970040
17986973
31160337
192190443
1925488975
2284042892
30054059
3165523041
215633041
17600826
48893830
2522529224
3139912429
3226315997
2693651845
2205581646
208665126
630398973
39952775
3100186674
29767978
2950085505
2475300714
396489715
419734592
126873871
328885060
422906292
2541870626
3303617217
1498643821
83185208
191802914
18906101
2885096288
243371409
2820218494
1890557202
3166841615
2777736876
228942497
2954083592
2837967381
2920003470
3246515683
18040878
2372162220
14206093
25500313
23648764
543086454
3337633121
745950049
16392208
2205347496
1255365642
18942306
1299771734
3308185109
191029020
2718263383
17495376
28262754
1007689958
19375950
3352000995
18183592
2489222034
895504572
16419476
3092673376
273603872
230760685
396320889
1447181714
1148935339
14847675
312783905
3164953124
594722705
3226014124
44325173
348410007
901136634
3107383222
2435905878
2578165280
3081763893
171923859
16904934
47631298
17250561
2267213155
51527922
3245708409
468742756
2281125793
166505377
15067623
18878415
3102832214
825991525
19949173
426860600
2180220617
17368513
204366811
3262815349
86383412
21389328
18006839
2473859444
1403248484
2961953411
9272612
349983523
32428493
141578177
444542807
17922912
2237160805
16030937
2787910568
2755134351
14242942
3194842794
22334574
3239737873
1332531464
14055312
15287589
215581580
2223737724
2583600613
2831697120
16296664
1254978090
195956090
189700598
3260637222
54481399
1569842137
2808262836
22056895
174202615
258086459
1163835134
30386355
64937313
39580859
2365377655
2190943688
2824047174
441462419
3254507717
1612813927
2560597072
625999265
463129666
495195803
19841754
82047247
195815858
3219491224
3143040632
97678226
33597955
2802972853
2581179260
25165065
2873139462
1010094835
493609953
84057363
15081182
19143891
121555276
792338988
527334899
78029386
480805219
32969755
161075365
423413632
2951144265
1507242116
178088717
292511030
25478066
3246529312
1669147039
1670321922
245710272
3294026955
3120930189
16296326
1238556817
3068387200
3252442825
23095882
3069634662
3106270132
1372209122
483514360
21638088
338142466
1056772195
34398748
1597582880
15627107
52819606
253663760
3238751910
445200866
277803855
3245274129
1065588529
2812347568
377032968
164775233
1335484993
2949608369
3241599682
14970071
34181122
113359452
2882688844
296090920
178600857
2604062126
589445056
1658317374
350766681
129627917
1859165473
39930469
3231069715
1673011244
14711197
138150238
2811564636
1674904705
40551290
715317523
16941968
1924008932
2414709972
20711407
2929360625
1301997679
3346049668
1965279847
2849273041
172359524
24366116
128676094
318117812
12874852
3296408169
23960551
124282606
3255844202
37098500
29658846
37215608
79878441
309907767
128406314
19083212
996164942
2953882639
2503615952
2485151124
500929942
33229929
2796554942
270440825
1374501985
539182254
148576093
365905239
2491216016
3196115290
2606832023
588465294
1419037717
3086297902
2658914946
85614136
54924529
2351975592
2459478132
21716789
532374319
2491711158
15783666
2865681305
17372409
14218961
381749333
590403799
1172557789
14111013
110989773
3300750579
1961201833
298768006
569915255
774683335
2872766429
18794485
3239406024
28320528
744840216
3297352720
86347722
317642206
2687891508
631214216
103673680
409256035
26576388
30494847
3021494812
2923718618
31360226
256921454
14432446
11035782
22871495
31503314
3333287926
14353242
2889202758
338088518
3082216558
44444038
3187359674
3249267829
241397314
381923790
2400989810
14431400
1878327829
18910068
3042625857
2772076953
988071074
1260312326
45879513
1897941284
3153842614
26965287
276770554
350757083
3114610490
1338622628
498345501
2440019922
2901960251
50194961
3253207314
3187821492
1478204994
85021241
44464678
3001569055
2899845169
2347292334
3337189797
492537066
2910685183
49081015
129886742
2164557895
513752992
3038322519
2322794999
2235781596
40970261
3237988164
3249501805
614993122
3248570046
3065976813
70104645
3004314908
359472668
464360959
2584044030
1460496601
855465590
2390126424
2244135571
3005125645
897458767
965977867
15484753
525005120
565103969
3330030280
420913977
316561297
994206757
528083110
1576931762
318898025
322949031
23461759
397702430
33731493
25678651
2258993298
390905408
555031989
209219793
449273927
35103215
24051331
27453762
3337160813
23049758
1181233099
754556
443016500
3150235633
19365378
2825012323
3311828213
271493742
65178314
458218347
23639144
289502013
3264253966
448513009
1717681363
708178010
1630399429
17293930
2903842941
2586295676
3176685164
106317487
130974356
2985795585
49413866
3204612287
89526469
3314092144
41160991
91342874
21632543
20713197
382008044
531788784
92415827
611074036
215850600
276067298
518753324
433137670
1684075976
342864030
106374504
1446324528
1894033003
261680103
326056593
13944372
505903512
280373675
18458170
949911516
343763479
375412036
395249282
24809804
3070143324
122366186
2842844908
30463691
39828423
390376405
3063639554
90424166
52998511
317781535
14996908
2388085244
257526453
3007403301
15006817
2933088834
170404126
3239484835
221650526
3242472493
96796920
75225695
10748252
1024244078
360231532
33178160
34169185
66064952
15689760
39748948
110897594
2312652361
2548749337
42186383
594885552
133232715
2337086216
2451019128
316604903
432759971
354582942
864964650
141189815
130079738
3328687403
3005887937
310272790
52032103
1977666888
561634788
2865576850
1597964856
794303460
2804588240
2821557884
527317092
3242011260
2479528579
2218488435
339769044
35797450
455824904
1095275665
299761925
25458378
322802999
21364005
2596157862
42209938
268886174
2781802409
3326217891
182104983
3161381109
234955082
398101505
2618899069
16437390
965254819
491112050
72862379
407066998
105207569
26391721
35830434
87989672
1611640464
3239465238
3222291459
15177871
17033708
1598461214
1169760512
28610770
1256204010
2492389062
299264437
746645017
396924086
1530221353
2801140221
2832071580
2648967667
99561903
866169901
91300887
446038377
2225455051
442850307
2344205665
613438027
3240287871
2578240705
21772417
8884642
2781237043
2953553970
199276124
182446919
808919696
2395435762
3192550567
2416183267
2711212681
3118964804
19584021
1549067154
18834851
552088544
3173273204
21535166
2881871558
182875708
309626642
69549003
1067113560
14505871
2305862587
140427824
3230955421
950292169
38111000
19676754
2551055478
1744621
2593610952
2723171460
3226506735
140874664
3181537072
250416435
2828430902
481693067
2160828625
3169039354
69254265
3164326791
2799454969
2752717018
2719662764
19541556
36988910
3096107305
2208580462
2345627701
2715229788
40291998
316380454
1339843488
35461437
3066054628
246885577
3092794386
8197562
2651067600
3305872941
2593563955
2265134097
533561110
11308892
3027194598
23483073
805718
311852242
1306504764
241260517
75918073
15259359
2932938625
30236364
378292328
2206105240
3088439139
447632814
2610391793
2981431
3173025770
189615826
3139011428
313477214
240325072
3019531816
287465957
3033380261
51533728
1454012143
462067007
312468366
2806431797
1382336750
23008116
19658996
48935222
1865238788
3141675102
1280271728
2203983936
70790868
96308224
534563976
3146559798
2769621686
24494951
16564580
1968960780
25360085
54406648
20320675
63703473
2827582710
2740547934
3240618042
1190498018
2646794066
334635978
2880915516
3223721666
3296487837
1277495167
2331386611
2980267385
2349780050
3241692111
3306156274
2976719389
2864811152
3065714404
1384146031
176452458
402157118
200415607
335629397
18822017
2970642238
148317227
3240252903
2481679652
7022662
240999634
765824580
229519303
2905113111
3195598175
3023874061
558861261
21075260
23786612
18944153
1894735813
405022806
2780215928
473204944
728309054
39278368
247609906
3233323548
2874145254
3022858799
2833087549
255593786
1547722903
2786070313
2727759229
49740960
1146072182
555957575
2600596452
536291417
37332714
443747913
743089045
517189968
432463424
35203319
2886872072
2988477953
22269368
2255893897
311364149
337725028
310337022
338183635
1514590722
14834889
1320573313
20183549
546929494
259387703
1243967316
3003346917
134242072
2982035879
115785554
16147963
1266906692
1157784678
317653440
2696620212
19519536
1138759182
45774895
69327888
19166675
14445775
3233744060
255251107
85443769
402140274
182490313
229719490
252694478
2422551644
3219177517
994293373
78904154
2873274939
22354526
2488716792
98670453
207392880
234870299
163628467
10206812
72304181
21830548
3201148913
38976017
546983450
133433350
2411456959
606742709
21021415
563123497
912070104
1166395016
1194863629
31953761
14977137
1186225681
20897273
3235324324
388708051
22516489
3077997167
76266300
45428507
1283475234
561263290
45181145
2264879042
2896813519
23899876
2226982290
1119821072
2956438778
24895587
262749118
14385074
5660312
17289494
2970280557
1856523530
2307675307
3147525096
16975700
8020002
2802227612
2767108013
56141542
705755959
2610186314
387181116
814092198
16920563
3091190753
106817676
14121628
152922907
26398470
194321816
3067939059
85741515
17832628
372956376
2426413352
204006421
315832917
292418292
12338142
20414217
2992414321
2407269474
1308261672
2444578699
985186471
363655877
2897517281
1117482889
18986537
2394085628
1343302134
395773875
3060042483
414977064
358007738
2934074394
85008170
31350724
38678182
30344534
17520718
260340277
578321883
2984454659
541771341
40383726
568503849
16195060
77622581
350335365
2651807617
16419153
1372936742
150243808
3153219608
18963870
69054941
1458685543
426767942
914758777
446102346
110891704
2367679728
1035684055
2966527019
173749267
281292130
18035688
20515090
2434034546
398150583
14227833
3187292558
11104682
44150150
7902612
1521125209
3003855975
3216913731
32276295
2513811746
24748289
2407232898
2692602726
214372723
2519134542
31900793
32789366
3240372202
3240268815
2492171767
25253084
62866941
15882393
2486034890
994281056
211794236
103683047
38804737
263631777
317079008
555136170
595687514
740954192
575555115
3048391896
2209606452
3240091269
19053307
3157618159
197775273
116572493
25409000
2395268660
57341314
18087450
16248319
22833469
872423437
80759906
92508828
763929312
361468994
814968864
35767916
7825052
2998935451
32187100
563338771
2809133564
1960789190
622437626
891933594
194819088
15032069
14934200
3054289645
1944177338
93862757
1862439649
20591919
105686056
2185779884
2813667919
70028131
961565498
65563900
2532360042
2894129039
18313551
391889506
374423056
390677382
16000711
3008518808
36832842
316577550
2218413296
1449872192
23913832
53729206
89258415
169364387
2278857636
3187461022
459528841
32856634
25274060
2567219784
1700426708
16194080
945540668
3219020048
2300251347
3098695357
3097914650
19480892
20638331
752284656
21983972
2306376410
2710062228
887025247
30543704
2949608866
2758681690
99695339
1417681
85286129
18217200
25924482
2742662299
1487313769
12425472
14451307
114597845
228273442
2815408383
3224938524
267254947
24357823
3067131032
348331965
20839087
377481181
56006076
2929135816
40580641
3167688151
29015085
79594872
1695662876
606349117
2539676676
2911254941
2902162645
2902062601
2902046294
2902030526
19430780
262751028
18936284
2851763643
6398152
17070787
15274836
25537232
173167923
53210455
6978502
570266167
3064889405
245943348
184477052
11786662
1515065155
621533819
169927614
2408685091
214975484
309198637
130801963
561674923
1635769368
95465307
2785121515
142956394
2918312640
19736062
3050729593
38691332
47030292
2461136300
1560396596
3291208491
2378973386
2249656021
2726816310
2235082016
219496700
1143500834
2591574133
17864454
254247433
263696156
135348838
984800828
3021164927
1582502888
2902156208
2433114481
409903029
3009691820
3289555817
2245780159
3119956613
5399142
3167796430
3119753313
2362790708
226662318
16273972
3254757561
1339266025
3046711577
2930447100
1887582926
2916156230
352185760
327570336
388708167
1209558716
3192774256
43771093
247436406
2371305157
275678439
3260136231
2436787993
1702148870
3253137940
12875932
193462243
141748686
17189394
64737751
81126713
2902106028
26113992
73725383
120186213
451955384
39099783
394932913
17414143
1392365353
1534785408
3044633938
1150235504
1637356478
456739091
3215137222
2996194524
383513910
3039754689
3149437092
3052104758
190845927
603614562
3184881130
14238917
2393533334
95338283
2272257337
317486547
1201699068
2341035265
3192023496
1954883179
2188779432
292447074
1297100576
25007589
305277457
2502142927
1887590629
1456140842
2447773698
2502911436
2471614340
541193226
2902135220
2916201505
137455381
2902123382
567442879
2431583503
2902004616
2502200664
2902154269
2902150645
3117992765
532732077
187156742
444940567
3010598418
3130502352
19887850
316215115
3129219250
35871249
3185908346
829409581
856527548
60924007
617419034
521863265
1226302873
381919729
61282790
1639244546
420221530
2976795070
2532656648
2916205321
19512908
2916148626
741788137
2433086970
239262710
3124483413
37531802
16624401
130919246
3192500358
2437662536
67140324
280204690
3165984841
31582110
3165904266
20778120
16548435
267925827
3179553796
2955502823
68119671
380752689
3184931706
781319274
3129286411
2424020059
2347919978
2490179029
520033038
1895001812
374477303
24365181
3023265783
2897693669
19623685
143115107
168235867
14127481
2789525857
1511927562
917352356
3244889967
17907265
2686108927
2900374467
589445768
2883394528
3101685591
15608555
2412406063
557254053
21731130
223114623
607188140
3008788633
3010398018
820205892
584267617
26688109
3235720756
85043521
10427102
174488537
28207516
112488478
1486896229
311407992
20376532
23665495
2645588154
2883674075
23755643
2478365632
420541470
57440214
253021980
2935517399
2648009899
18848159
542237726
1278975325
180954109
134700704
844105304
38478598
64020286
2726523398
2831571933
16050296
159203775
146714531
3197085599
344692459
2471396856
2292972535
125531247
23936823
3044845078
1229568980
77937642
827284896
2693737772
2432789186
3073664993
9834692
3219380183
2956266765
198587249
999090588
21753328
63663696
412701523
2726055762
3032217053
1162797876
858581856
757495938
153966123
46096376
76689333
1498388114
875242890
2951197996
3044741855
368314360
397416864
22209201
3063873574
2720213794
2557257614
58174695
1921255687
2578934701
1305940272
1463657360
14645160
23001804
91942071
2924268426
2254894808
1280198112
2946752914
26030951
1626842281
2986088189
2977546227
2197677374
3134111897
2400287090
2777998270
390137928
2667431252
294784306
2847700422
1671539149
198857619
3131043610
49658852
38458345
3124494857
2994714693
81544911
1023084498
2446234291
2976597040
2813541090
2427235543
2964752831
8308562
3072630633
58525147
394776692
88444336
269907937
328673299
1622898439
91877695
28484970
2839621957
2968276228
2177130499
2354203064
369570311
13037072
285502596
719472337
3039072244
92808495
3056185302
2704425474
84273114
2562963808
2976365717
39473018
44724582
2935725033
203071766
79235322
2269407732
177270705
2218267860
2863997398
3020346082
2890863140
1543437272
443327730
2885582418
35120520
232669481
2989389680
49085235
2939883458
38843285
807184921
1152404652
14750348
934341318
24783486
14199104
168708565
2213089987
35067659
2242462346
417404717
81249071
454323743
2317184569
24123011
22965779
809428867
423645639
2962938346
788158068
2895387089
2868949397
1221306422
310180509
464460128
9767702
2927627166
2390965225
2192758383
559128269
257926245
2944108340
2853836873
32135630
776483251
129402913
2425055288
2935438083
1003249579
2931952239
1020334238
2813162311
2306228096
2908323806
48669612
3382
1118102820
2232049396
2736701755
2262411428
24720683
2853685108
438541459
97487983
1074554173
2896007271
2364221209
2422389487
2882307208
133000354
387776714
2837934039
2826844669
2841429941
2647198598
2811504224
1296842574
2857312597
577255709
2856988530
714054595
335358150
18539631
117517053
84260342
2806031170
2748519114
526831756
1431947964
2598492098
2770224502
2767902429
1386226068
265660727
1928276359
2719044467
2659102333
2684113299
242292089
2589818658
2369712563
272974516
1533732888
335273248
16150296
2370404509
17765083
2397637383
414533218
2379479758
2374138151
245344619
208258364
1726542890
1359249373
1523188010
61217401
122683688
1174128895
526673648
128098245
590095357
253441313
519894806
485562208
437320585
209471815
227023972
