1239065523272314880
1135231519809777664
1238067185211203584
943637648522072065
1241071423520727040
1059007968522485760
22839233
3099372110
3578364735
1235299697935278080
1238876341153476609
1234785884127416320
1203003078
1140159287169208320
763056974946824193
18627572
994143569651879936
262164735
1220545663701639168
3285909050
181417925
812239250
1232066196138119168
725033251400732672
1099158049179271168
3013757012
890972648955678720
33418122
7774822
2175158354
170059087
902674484540436480
1173314504525938688
1410364123
97802432
31238298
940344068386811904
1229608044843196416
4912458136
1236015332806004736
1103416952972894209
1724847073
2272292952
27176304
72622768
7375622
1232348108308090880
1233833787294830592
23611168
32744639
889616735099396096
1184096866402590720
121896094
14761426
3250322952
2686674301
1223905787191279616
1233137031976562695
14579982
1177246141144096769
1203315074
2294753461
147464456
1515127734
194533175
700587741
119460467
368226037
2849628275
2920776704
8932272
2562692567
838545246401269760
3619945883
48741725
134765219
838760821303848961
739567934784339968
2321122829
1075013217938796546
953978469049913344
17997731
266017792
66334293
872688368739532800
1230961949824831489
948444246494740480
1230888381456044032
1348873854
1092086648211296256
1084165844446388224
2810584316
2642524948
1225770304905109506
2556118802
2392176762
1208992890006978560
190391838
1229683667615801344
130888959
19910927
1226766935431364608
1125030946305081344
14871388
52615828
1484601091
1082009693197721600
21767394
1176224754547744769
294228063
1101211328319025157
1219636083903868929
1225042179791425537
18072150
790875266864209921
521201614
556599294
367043342
3167778757
585767785
1039102219516305413
1192012057970909184
390974334
35669970
898625964246130690
1083005129505361921
53889571
916242387747270657
111947241
321407327
1218589027684835329
1131970455471046657
66642602
900548798
3097680891
1215710685386035201
1191340601196699648
14370171
40189989
1103266472451887104
2868249464
1223816327514808320
371974097
1224425218896097281
1224302012759715840
1224247129561944064
886530291405402112
908770244
984520430814990337
634339569
760179484381306881
191951266
3147458090
55206008
3539075775
3310768017
1853293284
79245157
314860080
1608939205
1086558837321203713
80049256
7516232
112479027
1217077743654801408
10784182
3241754023
36104435
1116939878
725861678932459520
1222977542489092096
771245341723070464
1055553823
2549449062
1112886804078841856
801318008912232449
1497
1118884943206207493
1010255127356162048
1657850701
94798271
40527383
2212361
31318233
14222507
2628310885
1185537866400591875
10812122
24768718
6742522
3116625990
27732746
902473503374360577
3361298391
14305530
23907385
19847709
17789751
2209742392
110739746
623579575
21706418
14787758
1726362499
73623
55662470
2401608757
17099278
12337
14928185
20472478
1209693765041917954
823818984935960579
56686418
1207169726280941568
1197874989367779328
1104088161620295680
175752914
19401637
745875017263681536
1111636551228948482
1131140337827753984
46295991
58882193
311704978
21919285
1208742089716109312
80996288
2158171155
3095674575
839241365720559616
69577776
4640129081
778373707
2526902966
758466685
974647717111660544
943606200003735552
3095980162
1226139282
1202641812277514240
301538334
1186048411600150529
49994214
1017494868082520065
846592641055678464
823188306
3320318445
376059991
1081830295
805118354772082688
177641876
2431563150
709866194149335040
45767372
1114592274749386753
1192626269948526592
1407385428
2274948446
836969102795243523
192381885
259758235
3002826622
1128838925697605632
221254451
1214181771949948929
90281175
3788871434
1180569301994164224
1212252717621448704
1202095082029166594
1209558335504158720
174565067
1123912744112140291
840726961282519041
960028666800386050
1037972716660305920
1212798173367767040
1179939027346026496
214489382
328715420
2176043088
946664546
51295131
1201630973722382337
2810688646
15198793
1934099412
348388285
1211640937488633856
1211593596677181440
954118898403692544
2319861145
2882750314
504406801
1149172425243820032
923691412666880000
12403932
2525420228
1152235477187084288
1163816909130911744
64768603
1209232959410073600
3961317555
1188509648913088512
1602044802
289403
1200310434806423552
1201897667468681216
1166879132
914122563822944256
68591997
3261867576
15662021
37920583
855235458
1130877373954576384
495202861
2226126690
1065814051
930535963150954498
823740494781911040
702020127429013504
1023683319337299968
1203286440110637056
733767777387974657
20126211
971114888935325696
875304500
804081072044724230
965009689
115516110
2214566114
1062703349156347904
26846261
120562313
9475072
4704913774
834542012
17776672
1070606894677528576
1862137760
3281341034
2810140122
3312261867
821227826351247361
981859358521737216
959103422279626752
86587309
1205849469314576384
1953297788
44964817
2845850552
1028626608939184128
129315638
1088701008983711746
1968716382
250492538
968294068559097856
956786506202574848
3146383828
3026019059
115275365
636456897
808859
1204483687426985992
50375549
2169391976
759331334
730722632
228437344
806505403
1193174267959140352
326706254
34593313
1536813146
1203535935859617794
1607595800
968523961
1068511823920549890
1596301758
326666046
1028185370
261862735
3329756505
809906172
16218493
87969746
1137897840
1381480536
2241387640
827650106216165378
953308901075832834
1021532763370020865
275667476
195763523
18018137
230829719
142247325
603997932
827190839914930176
1138191892145942538
1164533269821571072
1186330112897105920
1726506648
14298292
965072442954690560
21048708
219916710
3141651971
1183481798875144193
1198594750309289984
3517517712
16483060
2895886803
1905276134
2984467110
118133101
1141022124875890690
4581469818
1197380152558153729
700716255
1197093634815873024
381326641
48821708
125769153
4773067157
832874369928019969
1361893040
925479121127227392
1101744732974256128
40476869
2987122085
1057264622934253568
332967706
545062551
4746228287
2859625422
1094863161419653125
23622967
821037528
3297127400
18947701
214209500
120337379
870008687896559617
26875347
1160187321238429698
1078757552165408768
2294055858
243711959
328833542
2834777952
969198815533256704
1111226518271746049
1192152861733457922
392109631
1191016719445352450
211113062
1079889008
1323535278
1052244549005975553
1325152201
988108494707421184
48944724
595785475
3433899562
1192178435998781449
930535545918324736
2213891180
1554121448
14790318
402001481
39073086
703843771419484160
604351130
3242091341
127893075
184607558
49921739
14703163
1053711135105564674
1080607502226636800
1054158356
1181697559796080640
846447492
1171126383914946561
17746799
997765764097589249
17023202
1190335986049441793
1106091508451762176
249665093
1177459836167933952
583753389
801646298998784000
2520394928
775206317208186880
1125062814689779713
3527536410
2339400998
103391743
1152072557631168514
110246234
928697835268304902
135761630
258857496
771326863
1701758108
114188461
1447161
1129658093564915712
331838416
27310592
1176922338748579840
17923946
1548825290
2159118706
1116654629729656833
1186639238751649792
1184042060082487297
1015680894663909377
28479459
2597095527
26975255
1138491744079753216
1184530407037001730
2244769946
201580328
27815554
989754438
131217939
1182580888330067968
1170440067564916736
921244636777205760
1965460620
990109473199996928
137423397
1004823415935549440
832104719669723136
1134719610308218880
2907277769
1026299100038410240
826733749903699969
1016002932934959104
3277895826
2348588358
943646381020991488
1125465365218095105
1700447018
822938053048143877
3265120386
75572286
2859066473
1181970166495596544
16271366
1027254182200463360
75958753
1153770106176049153
881311363053875201
1072793196638470144
129171898
2148592929
69994206
63865070
1096041541066477568
276082083
16152178
777135516
855252184526708737
1135153827223678976
817775986729242624
2167201254
1676072911
25728895
2435638800
65863799
79475114
1177666721626427393
622308439
332650130
31341632
882706004
35309696
1008849028405256193
886902161405341696
1179447535087190017
1100080640995672064
954486936785342465
217496096
792791743
866303312647344128
2990224557
2782310810
724958507020201984
1176553590774816771
891000157042561025
1176809100803497984
1176995011511980032
1112690153170960384
340107041
584842022
1178308334648213507
110128312
1653642607
786052278893457408
714292698014986240
66460572
1135629135395545088
2577793556
533655635
2434091648
1176304450501300224
1013612347343060992
949286537488936961
2193258349
310714574
32336519
595883057
278553853
2868647590
717851097201643521
87385002
1175835911382286336
1158208368776843264
1148980152019275776
931599957726916608
1480191648
129965089
2208540854
108899342
3034992353
2247044257
1133801754632556544
54482107
46721704
2897976637
325647546
775413550323990528
2285891185
1602887186
1715478247
1176333597978087424
768472131957039104
153454552
1175445160055857152
257138676
2396816234
1175547332840046592
938069731411505152
2723952739
1153617690789122050
1076111665219977218
1050436037632245761
887346672925364226
291300997
1038258344417546240
796382672721473536
3320792903
108105347
172019745
1004684575359029248
955540580955840512
25241916
275597880
3179996962
951960446
107434007
1330044338
1224639384
1151105891837587456
421637677
1043587681
2305865521
1736039484
1255174381
69195566
123905060
948060386661605376
799536840927825920
878038796
717263660419313664
284205655
3309312769
581709038
71261293
2489469232
577456611
773592691699490816
41730497
614626515
1174477762205122560
2996291294
55134200
31017151
903985255459246081
35816580
992376376345989120
1631049793
941886614
1174442013523136513
1015524399217192960
3063754796
7890642
112886485
17526424
703737350447374336
2902364503
2738875572
1914904513
701701486741319680
4675593912
708360074016608256
1173345015373934593
983488554767736832
735934048678318084
261989892
125325214
916744085884588033
1063641853
31367101
486619325
801923317
321292866
3900399077
893411358
2303694109
25114815
383466257
3080761
1123291994661560320
2891809712
386886144
742171692
2832937736
820709531080622085
14253663
1164039431365382145
34882750
40224378
246959051
857788324706226176
764883356236574720
1161356522510790656
38140504
2934019706
1150746374947975170
1169631261968732160
52852601
1015736841474052096
1152990643872026625
1169264178630135808
742584653731794944
1169057249987321856
1107020544422105088
1162443969932009472
6186392
1168984041862893571
4541637316
1138658919423725569
196145892
18678644
2968875724
91969441
199127482
907916421287608321
105728736
579896196
955215347455586305
1049390438308880384
21594615
188594695
844092413530447872
327021812
1166964214679969792
341353681
1116710210469548032
2211444461
303806235
2402513952
7985982
7535422
1895828053
224538982
1079478430545166337
443750671
2724541101
1122543788617097222
883412510531039232
1163285980616560642
2159060003
2793222073
2641933569
925454461555957761
1161711653752377345
595435782
1101003878739267584
101401061
836102877365989376
1949101381
1164136343347302406
1287710383
1024788590
229465341
1557461126
6107392
1076382725118906369
226890700
99965797
401746704
951224387470053376
2222328271
894435284997120000
132051186
449764175
14164327
14668027
273374190
927722235674136577
62185076
2559498690
14188281
1143729756963086336
84653850
1084732873670828032
16611962
1963907371
126689562
1015802897185927169
20417273
2475490934
307012324
264458612
275364170
1167122150
239618187
846771560014852097
414146990
404376453
1146185412014202881
722832546707320835
14517215
911682767922122753
122250056
867306328967991298
136799521
872166111533424640
17558870
1158025866703589376
2997438884
35412634
811081735
3183879374
1034437274308567040
852506646660165632
623524440
1055213441856819202
2359077338
1146094493596131328
172708408
2431776367
1073081033321603072
927634795152191491
455565250
481049737
4849080167
1140228509509586944
36431184
875924594468802561
1158361540543811584
1155095220914200576
203133233
300487065
3817046616
45179765
873413023
2158226314
836204155098144768
3232264296
2678693868
17690102
944316434099863552
346069550
21382739
3036442778
1318615369
81752722
97547014
166205453
39125230
2978125883
4030364151
3306992047
1090645654102331393
1291473606
1153914060003405826
82574094
1073388199
2986547803
2993113435
17235447
272518199
1146172259486359554
856562479429812226
719771287585955840
588469349
627103892
135065698
809868532515270656
720214362552537088
45565875
1614507745
1111920541
182938769
15941626
764149201349386240
116367024
2204636042
768548416343474176
287358053
1533017898
993924039986044928
16891823
1104763488105320448
997537012344279040
781966773604069376
1131928417652359168
1154080169457573890
3125950776
1148936080189775875
44423
237573884
1143295341741125632
240760525
1353463706
939632310
753320784135852033
1113241318489153536
1145676477960089600
14066472
715988237949472768
916509538043482112
1150784101873401857
1143927426877206534
1152047351831441408
360328435
437051939
379338259
1044018973652611072
53656027
30546429
169754362
1002659384386826240
3173460448
1151222327264391168
1221377785
252204344
14596483
420073581
2474937468
2819948848
1146311528464781312
15906604
559837256
369946609
66680000
342743938
223529798
20626083
366173107
40851035
437636351
23609848
1255534315
6205402
134072288
4714384167
62515016
1176
1134088911783960577
97907261
700161847
1716121
1149954571
999293378
1148354485753982976
701119892242694146
1417566294
613491958
17604915
292016515
94601392
237279906
463267597
847186156642906112
886963550
2999090037
3666541595
928474448
590006445
968722512
4163527517
4820804277
69251739
413482395
930376408383270912
132612537
32990114
1244241967
48626994
14870565
1618123446
1012538390003105792
3307430155
941341314272190464
820842758273384448
2247685557
265494348
1147537359019421697
234639036
958930378634481664
1614460549
975786175830155265
707484470392332288
21013798
862831980177575936
762851821
1055694295250989057
1055805291617546241
979346414852591616
1083864750117707776
973388689802964994
1134597017475440640
3291569410
871369119358222336
948503544327319552
845620084181741568
44583927
1074516064212525061
20525840
1144885009318404096
2746704440
1078953939255611392
137752007
978087804168269824
3842212823
2199659064
852414182116835328
3587239761
371128987
2583949746
1143586058396942337
311722513
1136041548213186560
1851629898
1026435055261032449
186333430
19148995
1002895424645021696
39957618
2803512006
1049033272754409472
1142893361939939328
1010327166209413120
162005183
1092064126287921152
56776873
1135984129365794816
624362587
1138440584685903874
245760799
2768883504
15676949
3226093307
1106172520208580608
982184318733770753
893216274
104427626
1141242714035544064
276307786
43716775
18326200
1139615259176636416
223158810
18136256
1139217967554498560
1685169582
323257968
1016529664175570944
3153870090
3393947992
2478954626
476948564
786584886345814017
1099852657487822848
2154012704
1101078520866967552
83757199
766200832140468224
255133757
970246375
1052610775720681472
277695869
1079881669
1079372517020745735
14533425
4519490416
2835888966
710121457272164352
836606041240502276
199226838
3008517696
2167877905
1400785219
1136759538034577409
935409206
1118931345533698051
788431834791104513
1137074821488095233
459239142
2344875622
892080607
1014783453131239424
1136393117886795776
3012239060
2225488212
380155223
941587124486332416
3852694092
899022172986814464
3082960271
429029040
381531076
1019530905633935360
82364810
2346435522
38796604
724002468087009281
843998384549593088
251367234
792747192079544320
864922788
2770737113
1094159851826106369
33570435
1134825640266350592
1122314163383095297
227715562
968458284050124800
14257835
796430891652415496
1132772586532810752
951148459146571776
603045114
906972568376274944
182698119
538403772
2622270042
103991470
1644615181
988608263305474049
3016051375
68770707
2496252829
65182815
1732361
35043821
1129677696013705216
21197393
996759815518150656
982845016925089794
1133997255394938880
43263253
3094171315
982678236500029440
234980130
241807596
58506262
48746626
3431740013
738718981809418240
485533011
636714226
22792511
1095343135444611072
1368449659
800568422350237700
1398876810
815961325310386176
115320126
756320484786999296
736925784879845377
1132052384732057600
29916355
538116501
401048959
2197175532
1131348151913332738
851684598
1130943081086218240
1073223471512084480
1042729382
902725713975013378
73896424
1130872281264058368
1244494117
2215502163
41439281
1082858239505494016
1135838917
55097669
4582978831
1121247655
893363452659544064
280272963
839443645568802817
442954205
582273332
1127903194040823808
2876657352
14169325
1112504326059147266
1070081554179870720
904049665569640449
1120359247336878080
1127966168915030018
15180386
489224000
3353910879
975607270951325697
57487575
1050774954
2604660480
186058003
331961006
972571429110800389
522041094
1122833727296380928
833787443140820992
835323448675164162
260699284
606193743
792267552
3175254704
2737357942
1082543675174014978
817133222484176896
2866643973
15822309
2789279406
276293210
4707372193
2569962636
434091746
885033314175918080
405939976
1110354071033126912
257295700
52148077
74857715
849795012
148312844
72012862
256000382
1125872643721367554
92221473
53896839
717869315861524480
498476788
967907694731460608
2635101344
1103589562486538240
102148898
104946079
882916511370723328
4145616982
70298986
1036268764436811777
794168474138353664
78202058
295837706
879251838305959936
177319515
115806053
4596299115
254016958
537106973
1124605710879285250
2382238262
1491123014
170337359
369835284
1056542919832809472
1111531291105648640
73853841
26951228
2964940099
3198254187
52697739
126841404
2983850687
19192192
956625602
996045521373552640
351678501
396406505
1068716815969280000
1123406438
2333917390
919879822532317184
1121586644937781253
384771000
1031902310052425731
923509670991540224
961748421437722624
3526169362
178984554
1122123508031508480
748241041019527169
466311484
793517
1020212136985972736
47785634
884253117251858432
109463738
17371618
3068406641
1038098888966717440
1072384156234076165
1340971196
855782252353126402
543686278
1120259613553823745
607939256
37471071
1119311555395502083
1029008466109583360
820244216903323649
1119629986242207746
4439056756
24697856
948867833433329664
19321804
945146809109774337
376283191
926762824826621952
1104845784653029376
997814136321945600
19548906
4775016207
54826931
287722511
786961377625776128
62082072
1117980408833085441
1093304542928797698
756475681626783744
1116329495345152000
2610120866
1117645460284506112
1038650632335515648
224161598
14999738
40133501
1291879802
141851470
50993731
788105434536214528
1068390524
3341524574
1090042102992515072
345609141
1053656419
901448666807926784
1107997022081024000
203042931
985581018
846857597714030592
1115714121398280193
52165058
1115297455543861248
433865737
51827021
219944185
3833053513
1115043853646491648
206952204
1114432920121376768
377402778
2626047054
18025308
2418101
913287854
854676040521838593
931790367199969281
2588259080
567487988
1114033949880147968
1106806322337640448
20260000
3843555615
1113794431780556800
1109055402690252800
1075334839186931713
2300495568
1473150445
1113126887038029824
861057819709231105
1017925982618046464
145321547
132841631
10558372
41318366
344408715
1080528946729545728
1617603914
414633930
266804596
1108749888559505408
3588480792
1108829049655300096
1051878643302129664
920346472771616774
2821320484
1031973876962664450
965062224820699136
2710995504
179507476
109278112
392623479
20962505
805513613687586816
1107906586629062656
3101880740
4884348029
358360105
3021794866
278902084
1082622643344420864
1956302198
406131318
1106049446691856385
19377166
120314431
295646911
49403104
54488416
745277132247425024
1167797689
765128390
882822892546924549
4300093283
53223809
838620675971645440
123147308
821749229022564357
732736101039804417
794176885282447360
703918167437914112
1094033799468408832
936777187281141760
145506082
951252541152534528
871920132641173504
3321390634
443303008
708292212241489920
559374225
83911554
241289655
4152176379
19516690
331877221
101463274
2474106733
1057287333748371459
4718730542
553412903
976895745176502272
2248976972
1010542274428719108
4536536113
1067873941488918530
223558906
190368199
1025149986193977344
939183456055066625
818828723340378112
1058554245513797632
218071466
1004462574338035713
1066164163
381130313
282222575
1385077406
60988256
1100865811986681858
37391190
92121290
271339050
2587935013
179175287
235711308
4060029479
3162940532
928020054494601216
2617540074
1099679893682556929
906225547
1087399747424583680
726113783001673728
1099419126873968642
755077970457493504
914157101408296961
2912778734
976233377564012545
1093575502558834688
2796674822
1098890217107251200
216155198
950917655829143554
2409930950
1048711683462651904
92986418
1098380562480295936
988524323164962816
740766954609315840
776834692171563008
1098324665783717889
1091360815259795457
125973890
1059700993502466048
818098476
599482460
1045196157306068992
3087074926
1097438280231149569
302893561
1395512245
408391321
257984076
998232907033411586
712122731697823744
932935584577761285
137238438
1085883440220831744
17997259
941764540747927553
1093969946198134784
781619251668979712
80130427
1095072564307623936
171534321
1034429382444703744
845379128828334080
108975656
1446423692
392694661
974310672988295171
1073125598732668928
19409943
718576060246437890
2292720782
366448620
1088364033915334656
156812122
1094906558872473600
174511219
1094393138456612865
398614591
1548283405
1348976430
52196661
213423026
56893721
1092516522013143040
1035508992
1250154102
2556649380
1093799594629177344
494736444
570063621
17667241
60508082
953091182132899841
2231927636
1093486320301817857
47044727
805213012726521856
140757340
425983458
872581928095895552
1248655314
3532519214
1092452150934814725
3408252472
942967742
811728020662878208
973444277962338304
15864598
3600375615
582713394
4228514002
1087291964272361472
63929745
716401406
865302513536430080
35870660
14839109
2813514115
777931982676295681
2779997602
16891811
599790242
722286010264989696
1089892446417313793
1034500409551933440
271098761
584981075
1278259278
140783624
957136189068255232
24575862
12502722
281190650
34164147
322
901651
1097028008
1074392925801308160
19257491
7884802
232391471
46525394
1226559308
57446930
1874221
165082604
709855299369246720
793972679552495616
1085703048486420480
1009701325553225728
2693565218
954001
142528657
320514342
3027605028
2924790128
1029058762643066881
996170598056263683
51529520
100938967
14654798
2781050449
298722914
765548
1052933185116483584
810854024769576960
797218427970711552
989564982881742849
880492010301423618
43781447
3004510880
964750970939850752
275635063
1087139118574780416
870349067884351493
1023536932981231617
77427770
98350389
954342897868066817
2487003684
899690604
121804311
17236142
4695361004
951169512925097984
273282272
90781173
1087048367107129344
959939552667320320
942179206024359936
902195486316253185
3100050206
91852037
1114332763
160531720
1069093705737355264
51322155
339514025
938806454257111042
73701384
877607959165108224
2919819041
29900257
2893158031
3303286274
47122252
936582910836125696
1067860375834673153
19675099
23922257
4097639302
1038671793819713536
296895671
292218019
3237848623
774928853856817152
2963688074
1516768171
2958560992
318630014
750892662224453632
554810402
2288578040
4876328109
884026473207787520
227117837
4029746536
1132674174
27965496
3185655109
120368558
82447525
859657190
256653168
82673140
34260029
952660392081219585
59720665
22589470
1859287266
462670464
33584308
783921780733935616
2532491503
3334828595
400573055
724182985
868601332982218752
860680369
373939366
292192493
774323807225995264
18369154
2507262852
525781563
913836451
14629263
922598917212069889
2326699993
704381454294360064
397009891
974315673659871232
1439272374
3549223637
18262382
64041156
53305860
732925397814247426
17581779
38711145
838409011636678656
1053339086025572352
24526603
2931914597
386045742
1468197205
3180661
487843987
27699326
964088911
29152935
26507958
227030949
18100201
109603046
72069738
3320523836
86300448
801282
103226743
17934470
522126905
306796594
94189554
200062637
38866651
77810367
843213931
335344323
338687785
4609703235
3244818566
304837258
3092381638
607752311
207452717
246888795
708106158851096576
223716452
768152279861956610
1000256792
62418804
256020572
19696908
1568512586
773573846091825153
362205937
575197302
2912292714
1035150397898412032
336181057
1029841265263693824
920530344893407232
14558384
1042688984005206016
401363125
2439142170
1077043315969847296
2245869649
1865257489
41015281
19563721
530022411
837601134353096704
59655036
3118745700
51909512
374420755
22600469
182398226
19490567
560865317
505290681
1085658869919956993
996624420495077377
2440885334
2363105148
2654552875
350453019
170602374
31627276
342951051
2693896452
1560228151
3115038935
6606412
776786286858338309
15016481
3291043415
860765898
153827395
2464800967
1003953809985540096
2884084669
45774991
32853249
319999152
35914010
2994809134
20509869
1678564044
1411105375
3145683579
4150152565
2337751428
4916083686
837311710017040384
867362692754964480
2364353350
964072678020837377
1639889605
1868243341
61374105
993555096150700032
2177230630
891029184902037504
1379682277
3093045513
364153705
858975099420114948
18542762
722607294320611328
14826205
2917292978
869136361265258496
1000596944824172544
1003255114038218754
1051188258418413568
1129470894
773438160751714304
3317113202
19514809
3232811052
4848619598
190179815
8941702
48769320
1388042742
97057675
2402014591
869274142448783360
231219780
256086927
1084374216693239808
970633921607192576
12638892
939850649256173568
776118512884584448
1570660824
1084514814506999809
2277101191
264882428
22462234
5693432
615463144
4605633500
600515977
847587450985693185
988845479751380992
725933193954631681
2962382563
1028402533415366656
2890854807
891489280861904896
288945637
271058442
803743469919342592
769873387367780353
40428645
592721441
1010664116606914560
1076158647753834496
790714502
299125735
879336851592630272
982864355929681920
108934275
1082080010771619840
1000160701988724736
391317985
14585946
319972862
125415575
438636356
576098399
1081404699209842689
2370248947
576863227
1022447007896678400
427337089
785190205829550080
1019635334886379522
474935385
123002218
1076089990831050753
1639674110
1160815183
894024069879808001
1080270053889662976
23010579
104729030
1078757352164204544
1057358400193998854
892397260541050880
2535559362
1058136542835818496
722249450211708928
2293407627
2191016304
3230808884
1042438863824707584
2394640350
2793141893
1053268917999808512
718175074537177088
141489464
172706740
1006525556433850369
2640005430
65646869
31684487
864479125125386240
1899195302
94910867
1028927853184700417
1049054692481875968
624000972
984580556909359105
3126860279
2809590248
1075789177109835776
4024898716
9735202
904220789859373056
799210940
772202193713758208
763712403628523520
1944941942
2368040364
109680951
1074848114995912705
876864393438523392
244618566
18999920
21885807
464636983
973955318987210752
51070415
1512114440
350765850
2350914446
1116244993
1037548569467731968
149894219
17960324
525776797
987163724757852161
4025611037
222616459
51336495
151879250
2768673151
1392826357
420163496
2393974286
265753880
21343079
50622237
3078650228
912663271
713058573748559872
1071021995314298882
826841895980539905
500564553
1069174740315709440
151391681
3630851177
4236959952
1724982517
1047808118435053568
49370210
969624932941533185
23146495
13580272
156648272
4702185145
435948485
294837468
395587098
704959152381173760
1223076362
3279884461
16415920
778613940322504704
116627873
3647228420
350508003
183230038
1615757804
1027555711977484289
938175388676538368
2499282056
292543297
242289532
1049885080292913152
4698012248
1746954571
2571032984
223009449
1406801713
3428804673
29000998
59973104
222144944
3291593340
829860865037987841
2794664691
47047622
1060163160903245825
883559840790040576
29460483
3492451337
143658683
103739037
1002081399875121155
18944263
179601613
135584040
1042717148534079488
780062719
135709703
1203325086
1043437571299258368
2200612749
368968053
1231444458
199537969
315672159
357689527
954294295875411968
302000732
614440298
981826065097080832
1573509732
1063550596559581188
2352879079
1522917078
2175269388
831699608
1057365691240796161
2863958411
2290178863
117205672
35842516
791762294699098112
89283858
1002539186023305217
1064208465546133505
897522797123186690
156824425
455777273
240829876
1870489477
902520368035840000
147115309
1063466477548961793
17536486
1063300765102432259
2321285743
1258140433
1062796511149461505
336232422
971264964169289729
147494475
987924553811701760
874939559611699200
635999109
35936170
1572645264
3296081103
740255276289249280
1855091708
256131004
268651607
448017510
4245329398
845060591500845060
424131409
1439301
1054608389626445824
59044451
36513591
4882525359
935588305655287809
4634386828
1114475755
1022367229
465229236
1057384231339405313
141435784
1099186016
282554427
1053356097678045186
17699511
1059546489695936513
1612233594
2726207200
972334388066230276
755712107728044033
1094859146
434086074
140717889
1014418730279886848
1018010918649716741
2206266896
234141928
408367060
31391576
28542559
1300251
2797431115
809879845941317632
969696624510455808
2942403421
54600168
163611072
1057185313515364352
34212306
3424965921
228046520
949781239950659584
1006518068795736064
915668347995480066
2273444072
52999693
457507095
65438665
71799106
1056972220277374987
10546452
1029488064836640768
3104651729
36034072
1028893470713360384
303401304
2229140536
1671803354
20924956
2284142012
1045671387459997696
1055159578919387137
23605037
15361560
2435604328
113736523
806206837301383168
2821131868
207026385
822713604088745984
1054430643348738049
1053987716830912512
1013030960961646592
17634425
1036655452363390977
91126567
35552636
28317466
14880915
231326203
1053330725196496897
87071440
1334779021
18270526
1045882010600845312
281541028
956522632005935104
896262213165400064
777135943
1052310505291898880
908667651626545152
1025041587221553152
1260717218
3301651997
65587678
2592449413
231013180
113733070
1466881040
1051332025561407490
2481513078
2803799442
1720066448
1039127564088950784
2792295199
2343950964
17831861
3284039420
757227531976093696
89695208
113855109
37616301
538278162
303986401
85383218
2685226321
440307552
870072497424564224
4850253903
836759869483020288
124910348
1035196414215610371
707863145356910593
882294108882161666
1031821334630678529
88599695
2908663679
1045684788252880902
1266475796
3375425361
1020335081368371202
783040473912995840
4825950761
817810646
1047291616359276544
1046645149542092800
269147553
1047248032729845761
1035015577134411776
260945095
898549317430120448
313187238
224101935
187166962
884310410676936704
161182490
25561406
85272449
121339890
395544233
542591255
14555619
2348301866
102244609
144748087
3833460045
1016158177702760454
371437048
405924951
984216972618551296
22528086
2925888557
847214123083542528
29576543
1009304999241834496
983158974370299904
42715919
987304394579263499
132557026
988802288570413056
119282289
376041987
2768076641
60914248
1459223287
1039654349310439426
267589781
94521449
2873905625
2366408088
1017937754448171009
22907698
40389970
887716460667305985
820462410821672960
2752350632
1041854014973980672
62124027
1041710250963812352
101700425
119091071
146766613
972170920235339776
346771247
1034840197635211264
3347064161
888036471860416512
3256125539
757463743596990464
318590209
835806679
35369980
720901536965124096
41558958
3918708076
1039337909814534147
2809215065
990101914774728704
3029377569
61086555
1026778483803009024
792171997455409152
2981431
39744293
815769571755954176
19873323
258399907
3402909411
1035164832033648640
3075778559
180348189
1036655364068892672
186535272
833434295159103489
123642832
88209303
2711268549
333927497
973918405735649280
967384485925982208
55887607
217464316
716386292
1012472479800004608
130998524
55812613
82460408
1036534118186663936
1037488743010033664
246190908
2985272324
1037170250993680384
160083636
1036832926011285504
56719417
631144477
2817203100
1035475432525651969
16332156
393295093
2387312370
3345303425
16181396
914297664480591872
435260521
1031505195857981440
285980839
1035951548977893377
2418875954
109300402
66613973
221715637
848653989226975232
135073914
170479033
527154643
14515931
126196506
935455326534500352
83664813
1483721532
1035087179196784640
14356355
1869410826
2876078391
28094474
4776752134
130151919
1034595295068184578
885510902589640705
3430024714
4514282375
1032996300302811137
1655473958
85158539
823207853385220102
4564579816
75406111
1033317912969265152
930312537958174720
4546598663
1033472071584628736
1030992944956932098
112501968
863938419428175874
991127022117113857
52805103
148776016
803706605007028224
74517527
914300358171619328
829284921365655553
908435707307479040
1019937562834669568
1031055356888145920
1001818205487292419
152352020
146803082
2168430452
3149732971
1029501357139451904
33050453
70247931
336369087
712263962
4164795015
3050365501
2473005392
861308544511078400
2335618544
1027201792139042816
849241531085017088
1032070650217811969
1030621459239055360
894234338283454464
80096128
916532488213688320
296602271
1030409803934261248
1017617201820385280
88777843
18668374
497413296
981795249516306432
383033310
177660019
469236507
1098331556
18396956
110057607
90858723
922455330
1883664966
8097452
4873583000
14299332
1009790858189733893
1660992763
25369861
813402093620850688
522833525
846784804871983104
2173186994
25062882
333471022
50267360
454958089
911278238416162817
1144712011
1012692323669405696
950407533033934848
400575850
1517526542
593247788
78420357
1012357187866275840
993896074078285824
3094228828
1604911226
24328557
601258311
3255691625
2179114005
512895129
53318351
895034294762123265
926601907631808524
1027831756945285120
3291546188
1027469446988918785
3272004860
1024623709443768322
4378299792
994773663168847872
977492166615298048
481507046
3225540593
2851728463
52453908
28602661
2420300395
1375752906
14079589
841964200729681920
24204193
353287673
2581164481
940508236779835392
1026532569968336896
1024883111488880641
1620409465
1026243082445115392
871808485167702018
786712676
869763992381607936
2758358143
1073355222
835691393762787329
2519517245
969132634818232320
3063775335
22898491
877616433609318400
1025534243865337858
53957062
4615001774
2786848485
758301113661595649
270999517
18630529
2805496556
408513513
815990402272624641
857313994360725504
394263815
985601198463029249
3234207073
1128044222
292775495
16344033
785599463184211969
2685884460
110561219
16006998
935332345053265921
268938410
454463636
14287838
1023982063165296640
1011868229277347840
386642838
15385630
4373190202
2477422562
439360946
52684258
1023617646779146240
215939515
764833502583939072
844615687528235012
983293721494999040
1009483283422302208
1021716254019608576
1021719076706480129
357070184
869518573559009280
12634602
1013577310887440385
16403615
28266571
809584957538660352
2250005239
1963617619
1020211700220473344
817042436
508918565
1017791888286502913
855958294938099712
1021111791202586625
3184518342
856399164523126785
331544036
439709868
1010655874073939973
890102445417926657
978924734296535040
362532449
1020352613064368128
292651358
303985113
965604675667087360
11369642
1018142654960291840
621951604
577427081
871351027697504257
998266759554781187
88963852
1019165135087153152
1570032288
2923152358
27496007
1005395172270755840
1018501182959079424
298701650
60331044
308673421
18087442
4855854657
249498213
505455928
396154546
913076408502460416
459833589
18104734
813240282074517504
55847333
14922427
1017865497327624192
50483609
288551988
2910079326
4204701
932281953742704641
64736859
60540654
2951908043
45417325
62060128
332285811
3070297030
28945493
25650069
248393312
943852601266900992
21000730
2902064808
117972640
1017363769633263617
290643520
269301403
60070953
75633116
822761958009139201
711835950914076672
17867946
99770679
302966736
3234404271
772768009400135681
3220561572
2562773491
3115310130
1014818353859448833
1913357941
875403070364147712
3056699935
3222330378
512841892
3346226441
393257026
96226841
591731658
23876231
914947235582013440
780824211090644992
938808522002886656
733536950963994624
898149005003071492
190290229
1009551492439683072
372376948
992672474209730560
3316319613
293777367
955232975293104128
91401852
1528216394
937721660773343232
44135076
333560755
786386670
96305782
168207811
1013504967770980352
984286213610729472
1890261758
1011411222691008512
114291686
254382351
1153075675
12984202
978933104604741632
1012842296352616448
100075676
240550762
1012739441109159936
956398059197423616
393527052
3197754815
776888890225418240
610851050
959772589
947705733419712513
173013214
14849816
2641396550
4892400737
14166686
1011438486073872385
308919744
901167603061862401
1011865096975511552
376412811
29211782
38048603
991402483887980544
21755787
3229315943
292893255
20904490
6241952
16184748
248827780
5749002
920362725556887552
18226927
6708412
23818689
5713392
1221626335
743399953
2785803970
14729597
23863969
1151537048
324238624
2880601650
2769503714
246186474
60275722
990196956935925760
1009940696889823232
704951425906954241
29855603
839950770
113757502
745927169298280448
1010151737418608640
858004774372876288
551051513
397747263
938284972477243394
1117196178
153368495
425443785
2196010344
1945469546
989773295846227968
456134688
2186819655
322208484
980825102769184769
1005536070874861568
981365614265675776
749338271725998080
431528367
247173635
717010816386465792
528225517
123224818
755627976
704214168
21946965
2462254578
959867029711974402
965939475770740736
148885832
1005956603785314304
441958490
1001131273455157248
980847219283779584
319124822
1736490572
824802440985800705
936272710660898817
19122350
318817776
583922853
1471669884
2770451096
983669933111312384
1005067941878980609
954061828497334273
991894820690915328
2597693048
1004552610077175808
270797510
930429304776863744
101006184
23046189
1165874058
986499707970220032
143430352
195480975
754112160385503232
208076050
147747982
853037770260008960
724990774455230466
742606009
2725646426
881929058354958336
946054207852941312
242146981
219145409
528020973
245989908
3012839940
997138255719161858
924442873
3231983912
102063160
387766569
49683966
14328698
1378862658
78459415
291518839
38308539
983664708484919296
1002754575336595458
755202474055602176
917688916689457152
992889769616125957
774162345014636544
14123541
127490541
27696744
859823070021865474
875736256092700673
787091604976828416
1687373360
1867047150
215300210
16730956
2413190874
550712419
235698448
1560744654
958737950371667968
941727974
6607842
998291757270876160
11180082
233948499
565405376
372219863
78143654
902751734
845743062643027968
1000226424786243585
829018726049644545
1000202087211335680
38859751
999842025670311936
2700807170
16983981
3198344238
143197395
1421760829
735627367926890496
130791303
15433238
145782482
70340837
1331049750
774300758019833856
471550563
4207676733
404270422
1884140389
3266286745
51824616
997835059360083969
992106226543624193
998675667838488576
221834351
777759548
275927557
3242991169
2150066591
791719318320979968
20330480
952895479297335296
356035241
33294846
15720611
708211287
565530833
3044575835
116994249
2908753449
946084929728806912
998352586779561989
42700606
16004228
2540832512
979341122215522304
9853742
920464007580061698
983490797860478976
2615739079
391624104
376787296
21709050
3524205856
381642287
1864358593
589700058
3129673265
777648349
322632587
4833621828
173507101
920863228141465600
79242207
17485430
437932841
872885452868550657
1685833568
895903645346267137
2501500825
4347461
124274151
2491040444
992866582819950598
929996310408826880
325817476
938873356899663872
763918662
2214400743
917713726454878208
711000475340902400
982971805555154944
852344970891710465
4658764822
61521041
1329066284
17116924
20429539
701737024
993443646165979137
362429930
117304404
59991733
481655416
4885483570
48526428
113415723
3647683039
790726546197778432
108076200
12465762
3345670515
1351353763
2936866983
510144168
331169623
2799348263
987647357595672583
843239136135794688
152332774
1559164159
988269720641163267
725298078
976982475304927232
2521030569
2435104860
401787013
7213672
28636268
1013481272
67913996
708376726397722625
990030386221780992
135471853
283456206
4236046592
1529608916
2208082349
4782327902
63009315
989178754625953794
1305461708
966603177461137408
799835587104514048
48155963
93601981
1373952764
15132375
333388974
807824
2542752790
91000851
8184962
910349744442167297
130203535
103031348
972172435901505536
153876878
120510049
6473302
275634827
3612536775
881416307211608065
986167742767153153
108989193
2408060936
702266205818585088
805431267818868736
34327225
900659182633922560
4854017014
769231134173622272
2596564094
796660043072606208
3271554085
85592262
975273395649695744
62099456
1362264654
28318410
726420629319213057
36163830
626854314
804344454
620976649
15688463
159169086
852749139955785728
894981889978748935
104467983
228472221
399985750
131485093
985646966242729984
2800245358
983470194982088704
974379222838992898
151490538
985025112452743168
960807860752990208
42817634
2283771
63470847
67293805
117632012
926169559295393792
983391424015224833
984001349330395136
257691637
3638711956
1564891915
148782667
337407623
147034674
783120201739108353
742379544309567489
2579088997
20130915
95813256
15395859
4344097883
54455706
351049850
16267224
1271414598
38996816
1694405623
2831117140
147089824
185123070
3225259631
413394729
974410620471791617
237460234
961714446002356224
2432419741
1861389060
802207508085481472
62398121
3094292453
857332375923064836
97156238
944318730212921344
356495526
978666904297467904
975685934355230720
865339383200702465
2579384227
99781591
912983484
905021403279147008
981278178546106369
504684015
572587521
714013509969784832
79414778
184970148
224123548
220271271
1676143728
894211423726850048
395294027
2355386972
102778993
3229475660
54726721
18033556
20989764
714695702
860465466720096256
450407938
979332576073658369
2501300437
823006101826367488
844630975028105216
75760525
311554401
917214746734153728
978271080694665216
1719320342
834358212
17571543
759716986938990592
149517916
1651219795
975689389912227840
976671233797513216
113112498
478389969
241719001
2959515489
304584017
808389891306360832
2423301446
3327114839
3634394116
221985093
2726856502
473659115
902121528912781312
2756828283
18136452
4026535275
867379700745867265
2416441287
220529839
16702786
1426690610
1357806308
96279099
2845086676
174523500
94816639
349714406
237246755
785075392847773696
44918206
959812257445183489
43962042
971639362709471233
20901174
955537720025153538
570183156
7181192
1545113702
2771500054
916503229332021248
80321092
850645992
880119420038897664
953881496519151617
1070577708
3085807395
501436613
343457833
295651247
43746157
116242037
583050188
3096838877
12803672
765591620121006080
469892316
21735195
326826364
1553414406
881110046
335016835
242928147
2553471030
1705757856
134223616
2225198216
963369944783179777
972899683369668608
938045972864782336
3239569223
775495476019953664
951137035200487425
52019711
950010724654264320
4850546427
758420112
1530324582
925873471414038538
268277291
16227222
2567686548
960133175606435840
50592393
304085618
927172653194121216
3188793404
2894912034
485407322
860671253761445888
2354388523
824907392215248897
3050102419
970158467494244352
996341786
2542973742
555812817
51351171
917940180568252416
525327385
934404134630932480
970209586111279104
1516519706
954079410491154432
290991067
138162857
969963273989836801
155961105
249452436
3063444139
426021357
184373749
2724697628
2430450006
877000776052232193
621191594
359838444
955444273939451905
3020567432
2200728872
66538256
958878710379307009
39466499
3420049667
2280202441
1876214630
908064517959057411
946081486821662720
725818042794446848
122565488
3341992936
40933601
4488384014
543981616
921310023317258240
1965420457
1374921224
2510885280
898040958037753856
2213833958
2975628301
958860744157573121
893469205214797824
264819164
22611793
939970163344101376
302691157
26071674
548625203
2639179229
103638498
960947423320326144
962497108879298560
117793113
2270834395
900882828543406080
18792066
16149989
15107147
31334384
705621090379300865
2688334693
964125830883442688
417898030
962732997475799041
720242111921041409
954535273953746944
262781315
963845940481351682
320529407
1015215499
35403297
2920208087
159465774
20783958
2883491409
97196161
359024514
1412148576
18345202
1945837434
1636082563
15686478
947671695816560641
56559021
933401898467475456
876484934210248704
594161387
121527482
930036628432805888
134017888
958285723425153025
38888373
574404573
154535833
16369804
2882951925
758841261516165121
1080778200
327583592
888903414125658112
2182274540
16269613
90120525
905076141693607936
913724698810306560
4812645019
1209441564
122318079
169611402
849714599133929472
56185521
21071552
36672457
932466953230233600
3817857568
169234690
733994123678490625
847545839211790336
1146421368
2744829410
3869536593
87211790
777798930
4204703141
433964451
325507541
257757365
949402919488708610
48894475
18509815
1370857472
2832470440
36715738
4864639100
55305128
938656807894917120
959240231684685824
46412270
952696379184439297
800284284028227585
160138907
759405552892010496
952635798037377024
958000543800135681
14775237
269702708
34279190
583180584
79102521
782151194
956519469685334016
1325346193
770833033
735580694508933121
3740214921
36477698
82018350
907621385765191680
124849706
74686628
2821206335
296919950
287173976
17887541
878308734602285058
955671876394663937
937010628203606017
78810458
42057393
42801849
2993749106
3140904045
148779346
828514808349724672
1116440898
784703255427284993
935530825
902606734715445248
956244858758488064
921152217305858048
64355533
20503
50782791
784515998166687744
16734661
703471308
936643893273202690
733686830219022336
955497117220593664
2409117428
4891025429
954313438054019072
2999368819
547152273
79602420
954756438013939715
3634336574
97813987
928431355989516288
800447204020219904
944221261005168648
2360023249
901056234287095809
952181097764442113
953963333782093825
39593532
168239299
2435310847
952705014077693952
553541610
3307375551
741956977
2882861386
754754702
300412228
884590158
2913998913
63106543
1542831918
203082290
1904185028
928641242665062401
953122784468545537
861767210385256452
360126609
570767951
952521743612153856
3183554132
311263553
792545894
119249823
3826305013
866258898549850112
18191577
270479255
139856092
831730552273264641
810563769151655937
837817127029587968
87989450
74172996
3156388146
345606136
28346239
47989668
948359826576322560
174373806
950521579355521025
806144843156221954
261252360
265773381
73426933
14263086
224764296
288770207
948176718635945984
3122748903
3131693050
270911629
1499945034
949673874253328384
93507355
2192844907
171302416
568381388
930842762190077952
779291057473323008
3021277664
188354108
796360974034841600
949450734084509703
1950808320
914843014551494656
949252160809787395
791994575091068928
2396271037
14443040
932375234191216641
948807271718453249
149532839
3073357450
2556357312
44180201
415298013
394812303
1353326065
89913266
16526606
19079094
396306797
378681747
826345384595197953
780667838
755110878652076032
16967039
2198622000
116516612
77436536
1687116019
823028580007444480
103302805
26670413
942755487300407297
38604075
732945498798235648
1656800990
630088923
17913295
733729083599794176
946654003936538624
732687032775024640
37839262
1602770780
946103837689044992
280570180
190585782
944308380402720768
2884000371
945613187331784704
758836043344781312
939174786940522501
85963607
1620895470
2394379537
944738462057590784
3379812806
1452214218
940974268984127489
4618735512
754517918
194175068
32750274
904628993390895104
2520204092
4105240514
43833
929844827138560000
3170778564
33651124
3325493329
319568881
3688660222
872426079709003776
28359828
2820986530
513351911
13541462
903322727897071623
891100682526248960
812398912711651328
30320917
11133592
3705039560
3343072967
574546761
51172067
7639702
891046151654428674
17489926
2312726375
259367082
940879216698167298
1416894343
944216693559234560
944036804684144641
50963654
73860420
38330972
2982996779
1733154127
17839035
110614559
305894233
395378162
3945223884
803922485209075712
46027761
3235852007
141371245
29744445
943134724834381824
3124430358
3169345330
906490290764214272
909047003190984704
1891635313
2306388445
817208363142422528
937687089210064897
2814491254
893330990285959168
4093714692
941404567937396736
53247211
931468539784921088
925582899381903361
2435967874
231539067
876638407744786433
916756791282847750
718011163548626944
1448147180
42447945
2645579190
165516388
23123243
3192923186
20516440
938801968906194944
5838832
720675416957132801
2852518869
308771061
110547073
553634998
938915556115169280
938657953095258112
296386454
937051177212096518
80676008
938447810026000385
836548849
937958391158333441
339466554
106085601
877914462170296321
2315209208
897445854822510592
2932208066
275180467
39503703
2194754100
888923971
180334587
54937895
763091298077122560
2729895897
2460840558
18838195
920680597001039872
516062774
927693278551535617
211957049
728056999041241088
4684759172
2297725856
930256707703341056
788280502125944832
120432204
87520874
144498030
56035741
1192000932
176601843
931946633037733888
912410254637445120
892540963
481867656
109069195
167037807
875024686207254528
129019587
409248799
34722030
847892010761637888
229658775
700611380
73121672
14223611
360888478
2345473087
268464199
1519035121
573746740
18896983
929706304352014337
2600906209
3372623884
4826825292
896966346583429120
871757166524420096
351108125
344035763
33905617
1092509048
932283874868125697
22814682
931434971205574656
3096682663
886942615467425792
856509444250902531
509091855
719021018988187648
998707272
347959051
2288720036
426675136
545343541
440138503
834957942684274688
912165970403237888
467832161
89232836
442301581
270962976
894719812366196736
4593772994
19471166
81187491
93928479
144679159
20403982
87386959
385088563
776492720
174258432
835139026432757761
18634804
780529240869527553
1314511
354671169
1873325364
63425901
168783290
31350335
490980933
43935377
10654122
882234863109197824
14443713
363557966
61609890
728904904324964353
12307092
536016084
25396152
3333538151
17482409
924760121913339904
317271050
49608011
786520436200714240
1084111308
49344076
919920607675871233
702345084356825088
311113280
913575556561670144
113870227
715226469442539520
190286772
15936528
794426402988818432
369758524
26616462
170033585
24239733
923513734831755264
925900081722789890
18977571
422191757
443144493
2870866578
2705611123
2347769886
2184556843
2242986060
2651213861
785919221939048449
283903932
3129342550
3999149775
155204219
923829827244888064
1493169601
861395312
3377317067
42375455
169809685
111212441
396195679
1143986366
918019398274863104
701347323977203712
756488048410435585
3231691375
26255315
865091390039969792
719932667
11594432
903014899856658433
3230288106
926231440873934849
548635764
892033449758011392
196751370
925888157123514368
925900898638872576
44333
715781923
1881303319
46151110
794608166575153152
118573146
99677269
2439078738
523875557
1241814552
7058362
244371808
2546846304
1075331623
17518751
68636368
2815167596
2901540738
832001215210811392
169476230
924606385278652416
911558558185066497
3095790361
916565935279898624
923874996493041665
219733246
548539252
1173918715
34092620
893181648044470274
987493026
897795000
252378687
3655412534
777321260
404363532
1548676328
77442727
550990465
591945759
3544168153
243014528
922960843624648704
3857261
918190635114430464
910966034844323840
2886463715
230716440
178549323
388992450
211412753
918448598500589568
1185726823
786210177082990592
3253754380
319119503
356006641
4316338175
701053051495436292
21035205
27466399
455893458
49930174
1941350029
77729391
15982541
2876762743
888823959717728256
918694688281862144
34338345
1194601975
3147598259
17720475
182742145
704799523
2793316694
124389957
850424819699109890
456031081
83515986
461619640
378136756
1385463565
893229296046813184
70784139
906421950410608641
879623389446627328
237250367
3741877335
1236726956
1063813423
3044604508
5087741
791648993143128064
334067395
929276953
918284360830324736
3195711090
17019188
913915583263133696
1495021034
1509635005
1861226126
259200597
901893195931496452
917887849625800705
419281436
3047266167
867935920036528129
706566730978451456
318045515
868822922525147139
129502222
1328949324
2798067318
390368948
916511758201868288
1380929676
848070576
906860495696777216
12165502
3238064800
2315663987
288237991
915916059982606337
2244101341
1317009122
786048823340576768
915305240408227842
906402665470365696
915273320186118144
40481779
33148054
914709878458875904
306338651
93241327
2661769334
114320798
808142928958910464
1586604308
1499089963
14584922
9605212
91395790
189452323
913678214832128000
84618490
794564616668016641
783014080395276288
25624639
4919972024
700491505077604352
508406174
912490600129163264
996213080
753915041754284032
711394548887527424
848742776095297536
34531423
470962371
1494032131
799168201091387393
2637625523
345792481
908823676686016512
2558582181
911262145198874624
11877522
19394708
46892607
18080585
823070913394421760
187858429
860947900473331713
112091245
258943505
2994900854
781482565307949056
69369055
14264096
46392158
728914395015712768
823939969
52195903
35413614
328837752
1965149054
90286855
38276758
900280878613618688
4246696633
1915580833
709493676121042945
776672499970957312
130076416
18524670
14163008
818348986608353281
910559050554855430
484805313
882514351567106048
573589558
827542369285394434
890702387220013056
219078550
128854137
852678962094407680
1099216320
883246634825646080
14973137
157950203
14888109
424502554
287629312
907650095147044866
75316224
909784505770299394
1600995199
861035773759508481
901237268790206464
1365831661
297748709
14746514
885799700
47752567
4762636648
21943839
898413809542479873
908028996230828032
2677992763
889521415384440833
907820885209485313
895242257745534976
2690462707
179560351
443137254
543445262
10649012
4899151762
190016849
802721846609096704
857549179807072256
744431959
907578078032998400
36956198
886880657560944640
447795095
894664543632105473
21426120
2697806939
63759024
1732534783
28445013
373601238
598767783
894540531304341504
906831842438995973
906510028932182016
906799779778318336
2955589228
1062149982
16656236
2153814005
41665529
2875144719
68799723
905633948813938691
752192078327742464
59507236
881235444502888448
905483587880976392
182372945
895241283681300480
584755447
785202386499346432
116499426
1671120624
2707917794
897379407572193280
1959641286
868101532239220737
2414224189
771054894551891969
147654165
2827984093
449257785
532543695
2848255077
1603330320
133762958
2776983121
878969816236863488
848582669730369536
795965382326677504
3342954622
18786430
334461893
824801190017908736
1484394511
176986083
14347708
2799471
77611491
1308811981
903907999621812224
803885739482042374
755250576347332608
9469362
19286530
113159417
778364234342293504
47965204
95083618
121785684
891217432995430400
902191040173674496
903095594553565184
1188695383
511808117
802089598671273984
788512182
18022644
563366776
899323277549592576
993516824
45303429
534587420
60901510
21810175
881322028267167744
2356639422
4361928854
106348053
3435307737
496967051
1940624810
94997962
28489158
893535637755658240
1079953903
607354819
14148482
1422031754
37469319
259281771
1392178429
330965330
1699744380
371838778
734118599300939779
19177819
875449517339889664
853956077901295616
900391722076835843
901110414292860928
537112098
16019456
89640356
2375451704
1359761677
742208086933278720
20241370
348087539
248796721
1310373709
2956767550
95085833
1467507361
121614673
803449648161628160
334198864
3068313119
23425459
894362249107779584
250978793
819043861460881408
135144370
249247025
369953582
90631790
22260054
167724383
772454880694763520
722884592374448128
588271226
722655819389661185
120865794
244722164
3225985721
511107318
54997048
2754806891
893707686163881984
714535882032721920
789569473925611523
884569282004344833
108950266
8739492
14768330
3131482829
1398322998
876785354
795701305691910144
2363470558
880819693531123712
825716604331814912
271013833
740480532061036544
2180511132
923936856
711564354
760580103638097920
747197172253331456
896028398404878336
4863609262
128044121
841705795385466880
402590887
540170150
895173047380045824
2842686413
27772797
4844184915
146979292
89965141
1020042127
731360706
2156099296
275850299
71557700
17439182
3245290260
830096139047178240
748708741218906113
1894724658
827788110771650560
61090166
2430043898
419756851
20697617
1287607981
538714687
442864334
52643258
887199517841399812
894489891555422208
705080384254509056
3089166274
263340460
228736777
328786721
893598473492115460
864176307080507392
3300379672
34957568
15007157
1077633912
2829821241
65551488
24500036
224090870
314814617
14969147
31252294
137449516
796536962714767360
1453655490
3215571359
892218166121709568
779471678082539520
115831933
796201233275121664
253754300
773118223512403968
16316126
23753331
17725123
207263313
777109158
886031138195722240
890898546794401793
71596667
258121732
715271690
104003683
891170884316258304
2382868370
3296279346
890818652160671745
49695027
2327467497
1964306719
136558752
890611701493714944
840615499012661248
952032715
2592948853
409557899
2228378384
15988840
425211781
1937258899
2296719199
1244340722
15870797
155579143
235232210
384005567
123984251
21370983
134140818
14592540
74004706
2774995889
733680190925230080
888819028260773888
2495800567
329179614
734457714567438337
336161820
813483551366725632
138024520
185413573
2364592844
47407032
821710004126367745
411953466
154566789
1363774374
268512816
544521303
111538786
48736745
840131957275017216
4565506095
2680028551
87843215
814884821541457920
463746645
885386231881662464
17163695
1611308376
39952454
52502638
35802815
9718252
1309056440
230806023
2226737330
1176519156
9295332
2631969664
182435494
886341191406542848
1460744522
777325151113228288
60631621
3919991658
55566177
313633914
815321390681358337
15844782
9541832
785250307529814017
501978369
144868499
375497217
6524482
18207549
874715805014994944
33455368
2392082391
1031921797
34385345
26953308
126386877
84548507
765781075356479488
187434291
2192783298
718463026173640704
146933965
787926504214827008
883541008599793664
879574470435848192
14293443
1391209044
1898722214
832635248437497856
2784612037
341378912
884598456215646208
4558061
2910283406
16546966
2849969038
881237469701832704
757095824283303936
46044850
21456422
328026217
137488499
1851514142
3492135209
83964264
211859290
4280096173
169384914
3343755257
39460860
488098702
620195014
386079493
883519230213312513
883508337857507328
16140095
1359158257
76440446
879456402275749888
1113590036
322518431
738031937235910656
2317407186
794396769178161153
28995169
121214579
8249862
229384911
19195403
135749592
4668836776
2571132636
704460784269725696
37989702
2899658809
82980542
3699775453
36989830
2543514894
3648055819
833544882203418624
879707762023841793
7728332
865034567417290752
1127496769
41409914
916665295
239325662
55302300
1250165768
714180173898223616
1143841718
184732700
18409794
15062501
810433166192312320
2656494954
24866377
425218799
56181375
712598138901643264
1300656590
870316560946221057
875696696302424064
1736778870
881421834994020352
2789733414
1446869948
881227750236991488
722773924124045313
750690452857323520
37889842
767009776920166400
106618656
54632538
60692474
3232383511
594565502
803277073133477888
61508722
2492690135
863942161
4816703308
2426139313
367976819
46183338
3139434814
3168141
2548779734
876789258236964865
367276943
238252262
218522977
728020910544814080
3070187416
2912852397
3743821
97466535
145837262
1525383979
134326640
3294367247
878034803026673668
817046792957149184
523863480
2790100646
742747516224036866
4497086253
2791282734
885737196
408944267
785926496929976321
1455825666
854320019358068737
1891166899
874349448717053955
94272118
67566051
59553918
877209004333780993
57125434
33033935
793234831924658176
82363
833460304491270145
4771935931
347797741
2527843680
875599623900889088
6562672
2205477474
1080894362
16894616
3012898871
17299816
129847976
841811845811974146
148518970
47892244
560276668
875430125130596353
860024377
9577982
1439299801
872188085588692996
1420834412
19167465
510398206
14544284
325914227
141074650
152637055
983977105
63603977
21097510
2296494217
875369394586570752
4407360814
314210872
2955988917
1638384806
873620864939327488
192040502
37156631
791725057739456512
866969801624649728
4107912749
874844128521199617
389407835
2482281518
1190966953
428273537
6627802
3598173323
95409225
850725826358333442
1888528296
885994218
873926117857542144
22654910
180723498
4193801125
2413997304
2845656606
628186626
520679720
361690384
252581171
18057156
16016675
3124880687
451779932
45642607
873165688533377024
754679187554926592
2337563024
22361382
3281855299
803520933172428800
3325202231
2896648126
827296183475318784
547467888
2571109902
169565726
236958056
781199812515409921
390611045
820038719033970688
28912860
830500670356729860
763554692588720128
743850962037551104
285181836
25315510
2984944879
809534134154469376
353827062
2455763407
176553418
778773117036617732
501638869
2741402129
798927172710920192
859822234935984128
891810037
18810315
2249844593
26796481
374644775
870946123522998272
2249148037
66661490
2305465567
827162555311325184
470395918
17145553
16848872
2593634844
796820028452638728
815830913745584128
870132733980196865
251301011
840588138460393472
2981013099
48337380
2257153428
2790116012
61595632
305338639
119535637
870433589388730368
3258035171
2578553016
3146878417
149076990
816634780481703936
14198417
3412916241
841875359691898880
2734655356
473923529
3377834080
429938393
132747287
869782810676137985
35686672
13563572
388458595
2915044008
4203781698
1581251112
804471653451243520
1406582420
1312484598
854221056168611844
904801027
869287159035039744
865231762456236032
418128494
869438407138828292
781271660766851072
2693937444
14052038
28763182
20223128
255358939
737399328105435136
49652151
4853192350
3946225394
58461485
276819143
956590380
50096110
19058179
844327366239379456
1873749535
14197616
4142688494
390098959
156827696
61833122
2675177792
347833797
868515388476334081
93440136
133444127
769555544613027840
739982086065561600
843499634517594113
127777519
4069028055
867345651230756865
2496309691
279342158
118858123
115281083
431423387
4866175114
771031736356524032
229189375
823543277832077314
41584158
5405512
138461794
3379945317
1471391384
725643611069538304
3041370399
72492313
451248552
37359819
330065404
137097535
170786948
250754129
2413657237
2512945417
262909329
88977722
744328644
722471022704922624
1688652714
31054537
847523930466205697
86686215
425174452
1584499134
900473359
311506492
1242580279
266469690
2241313586
610217365
3146361985
867553616793669633
864926236216352769
1906015460
77230202
45042502
867720222970609670
2241409362
41104026
55193695
853839421
867759228039176192
127938584
130264443
460596378
3051665528
221161829
2748187843
335921707
47218404
809925858010001414
1683092186
183745446
851183085345533952
867761893443870721
18692844
767406478730854400
351923428
262365030
870874872
47863723
838543610
166918833
2374578420
867412497086787585
834503866607624193
2176483988
20017902
182573319
3162983964
867384765707677697
292352077
1617415099
237889601
21700450
1857851076
127126968
743782149589917698
851202877699653632
78537499
866831227529175040
1494855612
4012819214
120865746
866693057563025408
806899908087189504
866598352577867776
390575506
611597719
782990300285325312
3245553709
722214536460173312
1092867511
158376005
141010061
529523194
3071949625
836603178959388672
49392935
28009632
815921804267155457
863019901174284288
1068646382
190122617
856960946677452800
47647095
602189400
630191345
857272676309549056
19429174
632451984
1882461282
15089446
805637304840617984
126756449
225801772
748374849618345984
2307900112
141558224
817190209158873088
130454416
2565129803
319325513
179445971
157660349
780429268866052096
127213964
519175224
132878935
54809554
600943290
862476036675588096
65316869
783627544310476800
210751313
4704910097
119378319
632256137
90133136
862029498631340033
5017391
784770
2222212855
224048769
861673053092274176
295350863
825102115920044032
157793993
373452763
151783887
737601170114383872
2855672764
216005910
164205496
593246604
201478697
83317674
2608380630
2582330244
296634911
522449564
210046218
193818743
31049199
1309971
81121776
269920817
15682329
181167296
390044694
16159777
385029990
9769482
533472925
219098987
15384194
1436382126
2791981354
2985464775
96142400
153250583
821480142
15926029
1367893069
774274577853714432
74725130
336637837
358386777
2913267409
15940287
12254072
602061543
59336417
1284155005
798911304278966272
922299968
30395187
837692471257751552
1944744026
113395229
282130842
44813000
59504611
831325199287087105
1081042932
719397083824787456
2917238813
719622010062651393
1626161
749475707651170304
3287773746
2455865246
20289410
129399110
766566950
9579832
855770413560975360
784846679572754432
7347722
1383218460
917734682
2995952373
157074463
14613747
27699571
321666953
392954886
748202052824666112
216252880
103310030
48911636
248453313
279331346
140753054
1633122344
206795751
43276102
735954684981084162
176351288
3141866182
24417645
12576272
102347360
227575618
14322017
237988971
748999989775462400
300971971
304468823
16879665
16057909
14115509
3148499924
3307793619
1500766999
159533960
10109632
2642884170
14941540
42907546
858011053262725121
2435928139
186337391
87081300
776441983
835572710675656704
294530390
1339518313
29199126
2303258174
732217484972048384
3839462654
846613252356227072
3030004444
64944834
75908507
129545601
141835020
17233595
145091749
847749458326573056
251713129
469232894
16922537
1423811149
313607845
855825719045312512
61179530
13850572
16627640
1624505732
2998537957
1586248458
856011592101756932
315068824
1635775315
451135721
32403359
43828090
97037804
2158970839
2943309543
74475662
22512172
247049916
6346122
14925432
2808267054
307955711
74947052
58612374
733024236
453472820
30585021
440991415
241358906
15573287
457043962
166986914
407886071
129994281
2372265188
52972351
51776488
73541408
351674077
2703071791
10324322
2877855699
353917446
562479675
716236230
1610408064
825885619134029824
3293739485
2583592880
841542739334381569
846604499636563969
1390302205
3146875712
27397561
480159487
92250667
852071277162618880
586941998
99074345
757913489574916096
41130861
809841090576732160
2919983983
852901618626445316
613816863
852978743564005379
22544128
853310626751447040
2588261739
846605126869499904
7884202
2432616608
846603196982161410
784888486813892608
1235909851
14165788
71785370
1482336073
2718461995
771870024
829299281404256257
293148093
2420146172
933954306
2184174371
1512246300
850705120019042305
313086233
40196513
372500065
4568662641
824299882483695616
1370308758
14557372
65883
4794914906
1137987864
323116532
744979364224315392
42617771
817484368998346753
299219151
14884602
75925071
717098614082838529
846597171814150144
805606371030867969
716332381985058817
3232904300
488101267
325330118
95789590
1111392678
849063509866532864
126838220
6893792
31832190
579932008
92953697
839095915847745538
554300827
14320709
1069572385
14715307
809483505759584260
21195424
847615765977026561
1889760162
1045412515
809600808266428416
18899103
838022513733009408
605669873
384800427
52881471
84065438
3904320391
310855369
22686687
3000257778
95763032
3005397296
718816685923237889
741218629526650880
842065482027020289
3312555489
1737474631
240565661
315648762
826168640118546433
28882889
4361767455
701528295230218240
837457282690662405
14221382
740883
4646611941
77987273
215862909
49488592
22095445
1434123408
3895191793
235832591
4342036702
2904750939
834640975242760192
48840983
3999883632
565590429
175437846
4845599329
586122153
263000760
542028057
473903760
3014393895
4352978735
841830118892949504
66084869
715938905070002176
843917817145507840
408645865
2739940784
1425445424
82363079
4493136144
50240983
155645935
2440029577
3110851474
803144200057397248
784376916371312641
294625797
799221973922496517
711084113160216577
166211310
2977002612
828943918439997440
409083115
757638562175152129
206479660
3544212675
2905265586
2565627426
196663187
250208002
722573
168921461
862060568
635461105
1707006889
264478120
3051110758
39458945
839918436566224897
507582860
40105588
840612089626468353
2887007470
729390091228033025
245805967
839789683945037825
2712200551
1618075952
842377345
2728572564
1274737146
3305200862
829241406862610432
256225479
552105881
838717729582551040
815555071517872128
49768805
85743765
24966555
25997925
819927704850038785
832290728004890624
836710406265712642
301995232
838765653842624512
250549433
134532301
816808339346628608
210427069
20489244
57543258
294454094
19090293
591702780
19947604
130779738
33125243
32538361
16578227
48799545
835099570623279105
1281007364
3908189601
1270669922
130121717
73937941
159474803
490725670
722107457888124928
378931018
422477886
73725103
22648042
773956625820487680
796479090790436864
798434267005001728
834596415682646016
833543002060529664
54288022
777542873059299328
183395780
112724530
537872572
25972646
2791039583
117224557
2842025330
488784238
781605720
3038666106
96573481
563273501
10848642
1596212425
2903173148
1684318686
2984742628
14259734
14084820
831555961944997891
30756783
781019469875412992
6450562
484943030
37399280
92526801
2924006571
834242048
364399185
3238976551
832067465849032705
297053923
25272223
2868169804
3295371597
168122037
473307285
810263552242184193
817761932136579072
1462224631
3975299597
237268510
60537303
35958500
770093702673031171
45457985
1567142017
2193507290
1472192059
799805661756399616
801659557
496157749
3011818821
827652441936048129
860434969
2179667465
132826243
166093293
3153884188
710279977
27503534
826545443161137152
780557690002997248
760857874364977152
828621959248252929
828730945163390976
3147542335
1296874423
206179930
316823636
2848551188
252336607
1685759322
2899541234
723626416558972928
469801104
828048140024504320
827859586623401984
31454923
140618811
50328723
713694030
741151923190046721
827465777569599488
306003790
1208261058
2723963928
2327497256
2358035984
809252308936556544
825072501172510721
78757644
8984552
231845623
3065617101
826662439181692928
783769781837135876
535638372
1364436236
17572342
127501584
94383885
826238865224716288
3354288737
215161537
390723125
18074692
2687105929
313411160
299772531
535958657
124747621
22963112
2777544783
2242070857
825174604423557120
4117081599
2193053000
727560922676506626
825082224026476548
23935538
3004195275
2193422498
1701823658
997930951
21621749
822161886271668224
181914739
1596618625
823971411194740736
169633285
819964347514425344
185753114
381002854
955846902
389843478
2931330218
591137814
936728618
3972642610
823570495694077952
6703252
781870745693544448
822410272102940675
798483338570780672
29605172
800399969060425728
823109723079798784
749532623328993281
807823316689895424
767053454342774784
452528393
252900840
576937920
3016891608
9527212
271451109
18059052
66537123
222295636
821557544598564868
272441001
622238344
4388088072
14246062
19590257
19798589
6180052
2601372054
3596301683
2696671974
821434362977730562
16888206
2609944778
72447186
978362480
2591507870
4616390712
819923107943059460
228502048
1359886196
21654321
219981189
980467178
161044929
1053234613
2782755278
18967691
48771836
818214011183493124
492053451
790949830235480065
82166929
16011611
57396171
49531487
4690840926
109959014
2806498247
27330241
15885111
4000115386
951790694
767729637585813504
1074366379
1064224339
792773613132873729
129004610
773955014544990208
15834260
126082546
91768468
5379152
10409342
712408045817466880
295604528
922568216
711984044200701952
34515446
588825949
30207893
1416982393
2377969267
2983568893
4810471528
15856149
747522188
88954496
4905911655
278849221
33861734
3219516602
14497386
2834568573
816266864745676800
378704531
2918977108
17365131
198799662
700008674
15160866
360173959
35386864
3929637676
75118960
717519046430892033
359207891
3307250780
696315829282062336
762735491255001088
809139219184676864
125485528
814110825246064640
1013425651
4880340761
714595085405409280
15311660
1527503942
77384924
182641984
42015609
818840598933172224
3299950364
15974935
1425597258
2744459353
818293691576188929
757233414500036608
262919018
4328278579
1353100976
3122320326
3781135528
19652185
367414376
811316541673369605
3112577491
878214482
270159186
3068921813
807295746160656385
792956110135300096
80250475
135311706
1419783056
146759008
26256457
65414325
704866365644079106
2975982669
21216357
371872026
4620833542
14682030
2384241361
169136907
417418987
14392535
814500767474286592
814379463987167233
7601482
715059892940378118
28483597
806661500668551168
262837520
114258616
474176223
58277920
811288593138380800
811281125104582657
3295992471
227388590
2768673569
2859345035
998539242
735420745799618561
331541280
131081030
15413746
73999362
3363802942
1361619511
782333276165959680
1581163944
1003411686
1329122510
805849025824129024
26158691
3998673748
3436708755
352684272
189993427
803668055570214915
3327110610
176575058
770197074
3099753162
66312892
1577656471
789654273072041984
229384580
2580746851
3281749866
805207466472509444
106863827
177826890
450842550
16634305
807203575579475968
44598998
70883777
102882917
202543463
3177366721
385750702
40478138
205474713
22042824
4711752349
806260217914814464
2737289841
437454397
36548221
7198102
2968066636
3328640799
3328765264
2183622761
70389262
17261236
16783139
761167535790297088
2882431042
2272197025
118172767
1114010173
804607198106185728
111093392
803758818828029952
2325342726
321538860
80879097
306715105
1931778618
51896377
354838969
205908921
26447100
730823477515538432
1364032286
188899866
3224504583
3527787323
755135251727331328
3120328462
14342125
345694352
68338928
299194993
2419551373
378724151
2741995752
4022411
302013086
25235365
4873684235
29235662
801444727946149888
100264503
75261668
7730902
288978032
2510333484
800796947191767040
800702452727037952
2874525008
843944851
862642152
4707945913
1071686016
2314144352
2545598336
1921567207
4758931634
194475085
794733816
121937368
81171036
582834654
3024793302
753513196846247936
4847619916
270043873
3012638943
56135094
16857255
256562308
485174036
14758367
962283756
312948491
3345892084
104044614
222371816
506467360
797869760016957440
394487949
106892832
605055276
21325333
66392766
223938525
769657482054598656
775785252786544641
571781990
42666193
785150365805182976
56354022
23792932
792011897335754752
1974746954
267653323
2239946074
248218907
793721694741561344
169158815
20467154
1260361130
94111457
793595528571420676
322646593
4871900104
803127138
78869062
33660214
776240270
2184934438
1581362257
93556226
756223630988734468
763042093719748608
3367898615
702911982932926465
391111172
785423243876327424
127948801
2815387200
1320130406
1579555238
95371551
2595792036
718235445692407809
11902442
134440583
215693746
708736104644657154
221460308
29723831
845999910
257475149
749981925499109376
29111220
215363125
306805040
2836048767
408384224
113407979
122736748
224858727
785949670858121217
49413866
103769936
765381253071642624
1453272482
407676146
1025119472
13800042
286426225
2154286866
2248042705
26483
138316347
747509011289899008
2946337153
174683705
3212500785
2712382119
753996009819299840
1646842183
3151981593
4795329600
6866582
85394390
2331944534
56206750
2770256760
2791485904
778358926697914369
753356122925457409
42301990
435563850
36119194
748194320352710656
4679255582
175264207
787561576211488768
210684204
98465563
1451670486
559276262
2674759244
219932455
440743680
1911447889
3201099171
8841132
1215696150
319314608
73843323
337124668
77262456
754031378950451200
6982552
225236194
1888937989
3421476207
339868145
1003481959
519493182
125726857
150688974
850095740
1141605036
316042076
188642151
39816453
1670781
108373657
745524933636173825
748497719275065344
780475893114298368
1612630964
7160062
782275893888708609
781989142741803008
587612063
215619304
101711550
2831099020
1675331869
2841997305
780960139230580736
111584871
119906355
338400864
1649591851
76982816
403329732
780011447371780102
1460138227
2589793429
360021152
4731272717
8414772
749268408
49332350
767405559880511488
725563327515103232
4890408202
148751453
741198568225021952
56367251
244455466
187025364
185112963
2961343614
39387668
177425559
778089604368961536
55241183
7948812
43159448
122124012
777368684826337280
585640407
368766127
770811834165239808
704349361254174720
303652643
469679209
768884790292541440
1731561564
3314679969
4049170873
299077590
1498251116
702515016885473280
3077944649
275568348
2281964312
477505182
775910185512669184
3989247742
18974605
2815351658
92989497
3010790930
99537850
30572722
112458377
3690991
1345006963
1281808044
701635345167753218
763021574840737792
20693089
306861174
160486472
2284250724
715545362325508097
14512581
3607923977
723189142373294081
33540571
17298958
766123274812162048
439744342
3230388598
3299257736
1410847388
769616000593428480
157034239
96930942
533980884
421237584
697113757856575488
278977796
2209164776
450049753
620912620
3731467102
49437505
3156887016
18262966
833742470
9953392
305349634
1364977711
35775673
2743493704
4905439887
1904357113
315562873
15807292
306250976
74670737
137824881
597868047
2788176234
26087075
756668288592072704
770377177296543745
859309796
2530561261
2895802438
2191303739
1406561671
770740871251714048
1907891364
730937857158733825
763596433534496768
304129440
3276538915
37346497
721904954055598081
3823770357
31046380
765831942960914433
505197854
41412650
769180547809628160
598352654
254627275
769013932367441920
2500425074
560233722
1596603582
270376995
601687797
739773414316118017
800728770
17034301
47601462
585143574
378149819
1724809488
1641065208
2792089573
395683715
702397033689321472
423165494
767241783856291840
80142745
2842879487
4072743913
2597707200
765311247189291008
538483113
111636400
712811626110406656
29735775
28304995
178231463
2218789090
2464400905
405215508
214420114
1030950247
2471473250
312751906
66837946
27907808
2191799629
252337807
232756064
1077116203
14191640
532487671
1376926921
2690906527
1278141793
150841206
232897223
278889979
761769240311451649
313903560
762919961341861888
2289169778
81739842
97174061
41716167
92764064
354537284
3306943245
859086560
399846275
2514969786
21131585
94822202
761591107541139456
36901544
393334207
539626735
761385980200910848
1058778044
3024338659
177837106
2271648666
760558448119517184
1362426782
2414519376
2409340556
43177041
734993253112516608
10579382
7561822
2350760732
2999654973
413263746
783317376
3994889061
714985283490451456
3895844713
17031976
2906491178
16797311
290681044
17844059
369755821
227381114
502471490
4406202856
270598890
3647876895
113153829
297503384
376035484
518221612
15651256
4298661509
25021019
69823901
4775474924
756588914706710528
760626320954888192
266762558
200611750
262508578
1080813240
191969274
293880401
216415212
1356360386
740432353571573760
344026221
103541806
314845003
1328247444
4481290638
723175870924394497
16802678
191844599
2370907452
1151811469
758327490251149313
3972070693
18701056
744685641892429824
74137635
962403187
3079929572
268379640
758233848731664384
307810118
776402106
1425894672
392854127
100159486
749779355694313472
752746484530089984
4311519137
3454852332
51424590
78865528
2159961018
144746754
1156428223
566819969
43720952
2344678188
3354999513
701043926011142144
1387941218
4254861436
750709343851544576
3103555441
4502262641
2594795605
2440258777
2754852945
481439662
47791189
885960763
746493721215008768
570852921
249288361
739381648731574272
3447786013
3034285955
3390265204
72248079
2802843016
852714612
728577617398534144
158440929
305718783
3959153969
13963012
3314660893
612663103
3491880317
62553871
734578981954031616
2457062047
140333920
255952155
270892252
1690868335
3351949930
1254046698
15936994
4746534743
281612040
4022698060
546474178
62939702
931068577
746867253107367938
70555267
146398905
709491584
3232908912
144188597
899163518
44096080
104561431
2920298561
115903389
121596754
2981958078
1222592605
582230582
2543755782
630116322
28954554
4911181019
65575900
3535064414
3000185672
158973664
14445725
712027213709844480
3189454537
3227845866
8170472
2397076418
1227942865
50995744
3269406100
2810251968
487914618
735816216074432516
268802808
985532288
91311742
147758495
8062702
125475084
2953252588
43547527
81760722
5412972
9800722
246535772
10849702
8247372
4783913665
2740497034
726288590
747622910748143617
133304650
425745533
198965749
2921805925
3413377167
734812609120083969
105125834
3676145894
745866054723846144
106702404
1371777974
142069437
56349305
3368610088
14081363
3955703879
2834548985
21512528
748243146987868161
1851554534
4698485000
166979637
748141272490094592
19806289
35201904
718078631122046976
2884501948
2922553892
748059989416284160
421213288
20341266
28927092
8020602
3473906057
704403733887713280
740995128441999360
2183577155
483410472
22512787
633700365
305078691
794243274
729674878056439808
25485415
73175592
3112028923
310925350
2309738306
17369964
1271657136
3331095159
3044594295
75965553
885758492
4459547667
1335366913
220099608
1226244804
2407125149
361409408
727813255465414656
122120316
2758942651
725926802401583104
174513746
2589849659
305435784
377998963
262664765
310208114
3014216173
731797265979867136
58366806
337067916
22265434
2790531
300418467
766824726
231255587
2797961204
422839831
706238380082749440
2840658614
88339993
2818070682
742077421256593410
110710938
35093478
849344834
21290014
709359818868432896
2753166459
555580744
708811100809134084
930106820
14930494
2864596055
1608190106
72530556
453693457
877113151
2346243546
712453434285412352
700887007023783937
89473126
634832050
1782699175
2367205627
37842353
533220539
71785211
4281280752
503944130
720640194966380545
977176544
164746615
4705250966
4647551255
238724911
196470115
780504223
383526385
1249446470
151562565
2187965728
1578537122
3374422992
738938702374670336
2728283653
2972592068
3264680511
2695416516
104436757
162002362
3386930026
3176911243
715063031323963394
179581654
3586871412
61575191
1006391
4068547395
3290580317
12607092
51366159
3281181511
428604018
2612111023
628875067
65151171
193761835
3226853798
365547722
3382186330
1666788608
2840786109
721808153722007552
80693776
738372516691873793
13790142
101501543
19722325
31792383
737390070252998656
87795235
2992578419
3327192515
15723382
4107289077
1382099868
1859357905
737543274282377218
454466822
304644240
16220911
25333315
44679505
310759300
21930409
1873322353
380683106
605248329
950469967
8190722
586384665
735389018314182656
1099707403
373605040
4024131202
2147862493
132397934
3307585524
3165645236
3315264912
183525807
2458303536
323729843
181790465
1969743990
734651196263239680
347686746
734543445037961216
37326638
17679287
717653139311034368
358422415
6425602
21982929
733092111461965824
726168282361810944
259257539
297035950
206249054
124482911
345738416
2351794734
316382193
4735311195
17916617
64040493
1357192268
717543557641318400
19536668
24724982
731824356641361921
4383622033
2467794799
730968551478206464
2600317052
17754110
4076732303
21028966
3556130595
253647205
43797871
4729883418
423529964
2533287382
22801529
3044686542
274167989
1074130706
2544138708
2404809343
14397315
2192842333
754624
321414969
598904227
472104120
251582810
3023483599
727949756870221824
343658942
2958095042
3070673313
89655125
3019660102
723667033532018689
227535569
316299043
3258625502
3439120937
411184318
714094805186269184
146213978
1428896210
3130982446
4869834339
141843158
17372728
27327447
707785027258609664
15312867
841373808
2534691003
723755087617617920
1715370056
1553676036
339870282
482324496
567816333
95518685
1273482582
14611986
20943317
2825598186
278376670
534458365
2428560642
4009503321
3043616040
717312300529618945
790360285
960339794
724507375827296256
583834771
2161271600
721039192625524736
138074483
2381771814
203557358
229859698
2579001476
808432
322495330
142389870
1097599040
216308396
36121150
20061604
2389579772
3185948028
55572474
14070439
15871237
9434762
631295964
2464828177
724741310339530753
32264463
483273973
4826056582
15955870
3311903116
986276359
191897226
39203945
17686333
708836744792117248
963723824
84043985
918425318
92262950
2254561
3393535000
947145126
491580387
250902400
224214114
17593500
710845758543495170
2437159957
710053476542390272
229826979
722588617231769601
109915781
146294906
352819072
41391485
367624593
317965625
293766616
2481621971
29506821
927938136
936516247
3378834078
4517170399
105226095
4893710953
77903208
2460463226
620118826
2903217440
24102720
17160178
4343346672
37317529
2192601961
712128883915489285
227739732
2647672280
3221227348
27097290
27707859
337735801
4628776753
326245910
155020337
2612075912
261314736
3278333766
716857055718453249
37495434
4103532134
3253079791
56025946
3044382145
195219022
373629495
15350593
3402169582
16928656
619550763
2936855099
616279187
10062312
2196806694
1451229235
57584418
912813522
3018841323
3704290280
4552714514
3639333494
1854930054
3508500312
91103515
25149113
112961086
828846486
2511247075
50921108
419185498
2745712448
2810559039
2766970609
2566358196
479552808
109900191
559118259
1169772607
42935502
1510014252
58507959
16557883
112814948
715367048117878785
327501216
6607712
715214192072986624
712642114681704448
1220139644
714354884594675712
174525863
3261457582
714453503456849920
44058551
58478114
2882220393
113825988
113391981
2785157900
3846500893
244081855
132054607
1945462464
37608087
231843924
52833054
2693057317
710144467190165504
150705545
3348234053
2437359170
1267096116
558460050
2377683882
2319400657
28514239
3375213587
349015365
948523764
2548653121
2338079827
621133833
14136761
707244545168248833
214271780
38773581
39480787
61056732
995947116
15045918
34569838
683453
1595366886
17353768
274937753
4795266097
708452331809943552
3473793074
14917351
301787512
320739666
2249688711
33612627
1576006626
701491090545909760
56129134
975973951
706639592917602304
72986190
490720007
220541690
14990035
2784955674
16741059
4796553994
4901203753
82607858
701455135306813440
30662381
335651965
586883143
101206764
2918497611
186179239
703792389400502273
703425253297381376
3688992975
2865404679
330872673
4877059449
1944853608
97631035
702692239512772608
3288421113
14294182
1117165578
3000912125
1823987821
701575593524068352
37193
701177022580662272
44497801
3648684557
1573585004
974561756
419238948
400578723
4794324377
700383396837523456
221484827
239876125
4884253581
226088003
4675087285
2173958762
1037776201
1419600589
3220611078
339674622
23738907
2191109263
329246702
3351373917
15003425
949429674
197939524
2478704066
434760258
2239961283
12715452
621905071
1913922499
31689663
8720422
4825400789
1901880992
4896542228
249462766
388759949
166390394
636216638
694270204570808321
15357521
16507031
401076772
89571614
354674498
3003825903
3727547352
2187220087
4779387253
2217413964
117022133
100289777
1918210220
3044665763
2230347670
2342245093
2821060109
87147602
3243290036
937467860
706673467
2807560489
4824948868
2379228428
808588
72030668
4853503408
1420994827
74458146
135225434
4863704080
3301731075
4754234762
82287927
9464552
318449110
1172319920
162677887
63479910
770223229
216758373
4110008966
14431484
636864273
4750093808
17735216
4803840672
50858799
28736594
1613036826
3135781237
3259113984
217492743
2462779302
291491681
963156350
3867761373
1066998121
4791964933
4043587278
3167758742
120267625
467737897
2874539438
249470402
31561258
113016776
3193359335
4779358878
452925632
3129011971
1404836774
1276295754
31300038
17439396
1881062748
299214755
2750155988
12397342
142289289
13851292
2302652779
1285441524
3538526052
2677175488
15134345
15155867
23638627
235137309
9459282
85212315
167020405
600488697
1381807693
430110643
18559938
1001401620
16227629
2899022680
492553604
4737520279
1964685090
41125070
1446119077
4516943057
25725784
606095577
435002994
384327395
179012203
1683946441
223416400
324643558
2152961360
4313682373
2230620553
91856292
5685812
219325488
342863388
22327039
230980965
152389650
58738139
2851505779
45256511
3883128808
1678828693
4636467341
131578699
2527147562
3237295031
1977619399
4483741115
407725357
240509297
21718783
4184744729
14563897
1967408473
121803430
3187389890
3476903778
732760994
95244114
35515250
2891934803
49877495
189958211
728615407
102246211
2527793594
42828416
293929501
67132264
129164635
1498935446
370397837
337565970
1431869275
15766173
716360028
121808771
2190606994
56019141
57254316
20756885
1068763008
3956671218
2909551926
23195605
308629854
4539505157
9880862
80444288
15290966
3555378377
13251782
92411831
3880760903
50280786
4098399148
4427035765
3159508016
1365606414
285852581
197662233
2391710077
14852684
3455693474
99353474
19187806
2889216293
4464856893
3307417223
518970785
174312391
1711073353
2202815731
4507705272
47615575
13074042
90748053
6975332
2524486552
1679260675
3344173332
2262472860
15062136
30640158
152290917
3360130253
3525480016
4369965857
410452260
217488668
317274930
4227711394
106246362
2148100406
14741188
3386446072
2972255073
19125090
53772302
3295717490
280481169
27377501
85308860
19238958
2607404960
2880939893
1857353400
1609264417
4206997452
322540297
14568034
231029452
2370658712
1724389009
301777598
4104880395
281319897
3007318786
1955504874
3252933457
224175250
15626406
4011597737
2674184339
1496638832
223348930
53907669
187794019
3371390763
1360786974
2831250690
18793486
322341885
336378088
423935340
397552950
3290735741
105220744
3871826339
1221421867
3018978023
284773884
131046767
1237109474
37016203
3147242661
4052357602
14840267
451448044
18406335
55229892
4236247752
165062058
321666686
149205779
92676153
272005814
133177128
21790506
629672613
3818120952
487915485
4203502154
196855404
2361797179
100614885
4075340117
4111058903
4028846059
4186839793
79340370
112944399
16145405
4141941581
177158631
159451901
312695568
2544845041
4118433705
2920613077
105929022
93441212
175742387
3577066096
3406754831
14883034
42884313
15465094
228586748
2730835862
393880595
2864545409
28698351
3368974996
2704427049
793596301
16079660
1660710020
4013332213
4093236384
100445804
3055652033
628923884
2238193560
387132980
211745797
1944535268
2989383094
1967949415
3269456977
4047707739
3562155855
3463209138
5815392
4039978155
478181304
20470653
2939754201
3565477577
14245811
991182416
14334354
43015547
2776752385
3958027393
1128775268
47942980
1272237132
46196392
3313174584
2441102378
133151349
3987527873
2535774980
398024714
49491411
3865646427
1312779528
2228023506
2505271093
3962750241
388595556
64454640
2190853920
23760311
837649111
14846380
93508810
1576641061
3927669681
61739052
99365580
95233492
6146692
525990304
59598994
3909668841
47059480
2799707004
297217028
3805622060
384201056
3631405094
2449496203
591245582
158999839
24083751
2446051891
3300382175
3876606801
2838358556
48189081
2182667712
1276883383
127531251
3043883823
2431357110
65458209
262429770
3352901952
2385987007
408524024
111020569
465945847
52196137
281532022
3135379185
367833047
3683237910
14055899
2795777609
1408250196
17779795
215035672
3213413223
695043
3652864694
780332
100494103
316651357
2885199095
292832796
3690650174
270207682
14923
60031220
2835670273
3696858922
44897658
369694838
2488063584
790603039
19711765
2940767872
191122681
417885365
1009165855
14420132
3099506407
80397162
136527843
254952370
337213424
414979077
39117614
3692416756
18258488
3121517311
2511508021
102439570
269083120
3437553700
19361994
3384370395
263303740
230342509
18948451
2164207753
1564879460
760222838
131555429
3621671777
326086804
261789755
3034532994
204330808
39074777
49476853
48234616
3143763525
3312188743
1948250408
229388721
3311887118
3469158439
14290652
1607682014
34472064
17009259
23672100
525884112
3497878639
3420743427
633596180
85080487
1150572344
3497513953
2262902948
3307977157
3426275113
3569465656
22476328
17093266
2800073955
137079732
101633361
218433245
112449853
3097365604
50087457
49693598
70919691
106082083
632939738
3386787077
458433890
104066814
2672920311
2293455138
3070113390
33417977
445834614
2851146208
3326064090
23121787
15707930
1408464710
1512944953
103989154
3430031368
12296332
3320022013
1689531290
401668716
3315050964
345642306
376713966
358647853
2883809873
3278527135
10296802
2228759396
34576524
2168829505
165751336
2970691647
713449943
1321587331
41272346
3111663744
410969276
1327318309
3329175855
1449933086
91941225
920674933
13122882
874743751
23004237
12135922
173330451
18782762
38222781
3375956459
1068951084
39499934
24164123
88104355
2433790652
3232641518
2783740244
2601010981
3131064826
31972140
28754665
104736753
1404035617
236261087
56033822
361673478
1021199228
326633717
14139432
836552712
111601383
387500283
64650353
29067047
14291320
18306702
135785513
38135862
155447641
7559242
25774136
323325582
564760191
1563832183
3355521333
186893747
109839156
395195718
2446432153
2415002586
360041612
30149171
343298231
1621088430
422631736
2490306782
3402736161
2778781226
952864212
3306152754
1008104342
3001893383
14613296
27626777
163715685
1139224452
953121620
19889683
3364327647
76607101
348131569
1055938944
294966643
2724597409
3299926951
3128048443
3125423109
2419521914
288715278
3285582074
3388576857
54522575
3378921790
3361195169
19767193
97054458
156370885
222397473
1122809618
1132308114
23278024
46380983
3139240146
589782318
50270555
70119312
231069488
65931961
2905971404
56291065
316875164
2957231507
153634195
2894669704
2927397104
2343844873
3367336625
433559451
589535421
755057664
3191420998
281083233
8647102
3344188407
621507832
192656642
52515412
41435950
15724284
12432262
294268053
44606880
532115122
287525035
14888687
113369924
75350463
106747280
56198918
10915042
260399941
12410942
5995482
72940933
163365640
1549526761
54933423
864561908
117900705
2508978493
345887704
393195424
286007253
2237229104
3344508016
22655342
212982184
34887491
70942939
112099192
16310369
2329156807
2203330990
388776141
2167577779
368551889
2813217542
777229146
17270684
119843826
3046086729
5662932
3315909533
1978394923
1673587452
3350580543
138518015
407239932
7558612
374659701
3348421432
91913937
2275179079
2911495254
1592379667
82805549
19994141
2892282504
2844030249
419332712
15063459
961487593
18363859
716213
3187745548
337698454
47983023
81846280
540132377
3247433371
38623362
257824763
2226863127
3323885667
83761842
20350268
8472272
196073788
16904009
3327827662
73313180
2869816590
3289325848
110956087
256938648
2570184927
260763259
1405450022
2837527038
101102005
3319284987
50429239
829993296
757327572
74200847
890677933
17905788
2764531652
2544953329
819380640
2972001352
19279811
3315055618
2230608834
30974911
2201895558
249264319
2691732398
24514075
3051574946
402204069
335145634
554314569
3110294440
3235354086
46070885
335564286
49086361
901956217
3301761011
131786653
3180940631
944231
11518572
467324648
568409041
1507617380
227769423
20828110
2794995359
14092380
282707110
999473334
3192372068
1133110537
3130081695
469059868
462530805
397535840
2754953615
2826650472
85328631
47837961
337575656
2975930683
374854660
2981620498
1856609180
3197360780
3188989706
95788541
357055937
1394022188
9630422
324970269
1401083072
22844341
253791979
2467685286
340697157
96102210
3005609494
415863443
14124289
2350879855
704363558
1217372844
2966060495
2830550816
1410732198
1264512061
43575501
1566319154
2343925506
260828202
14933632
166620342
3184480124
784019304
2574704359
3064348133
822114570
383103853
184968238
71341327
314998449
2860433838
838090796
6663362
2465603341
434683525
230579852
3065996068
245816989
3199856542
482600179
18666236
113359452
6280562
2927779393
18365335
28466076
3146273625
48982401
2416122408
247943631
355530242
98670614
17042078
9202502
1392035323
3162535016
18247347
1339593162
480590530
95326389
3146480328
14707960
18367054
14344469
341149674
1728313302
3168538427
1564750009
1181057168
1918240152
2814885993
169142517
1358375179
1377278298
36370775
199429208
3063456810
2905539637
2446400162
1053684541
2604160958
2493808112
198343917
3144037529
2189271014
575376342
1879980650
14138114
997118778
2510552138
18346195
22544405
3063999802
341122641
951416358
166857229
22144996
282091940
434160799
138283502
979514990
15090415
26262613
931901065
1044456234
1422854809
987181214
3014074039
3068385229
126762692
122657179
24687536
104762919
1517154991
91079125
8195862
3136028359
66843277
6883122
12454862
199512118
654443
2744012874
14869977
537010391
3111706741
99390322
46782674
17085813
2556235100
450913010
61153933
128280111
1042993662
134646580
624946318
2976713984
2799585443
54795353
46245868
2571665310
23339784
3120726321
2733665318
329399414
199812249
2712032834
103516223
36759766
275933427
77566676
18293929
16629994
94276164
370886219
75807850
2872304195
2799626938
2787495858
310185620
2239814438
442313809
2925531389
12984852
44126316
2991697611
1281526188
3107450554
3002801528
2392869570
294127033
2906304707
544547197
155111561
3102213186
224028123
427386716
914505385
2856197495
3072866360
2458115778
48858425
2611871510
14309036
2885092678
17470290
438777477
82511170
1040815020
3074532557
12895822
34264422
73090441
14857764
176883031
36811643
1476991028
2201716106
3090842288
3016032653
1565839604
2677514550
270077312
596686249
22476449
48181342
949086648
13124352
15505559
3073324518
1181140134
2310797532
10634442
14248074
293580355
110759813
1882066740
3008917712
3008998454
1598452088
114801776
2938361415
123029284
185459267
2241227124
63948391
1222995320
163271796
98659481
180857891
9812972
163650058
372427049
45780582
87440624
35794978
34485966
1927052534
195667923
1558760180
2893371644
1430212274
1511250390
1279704948
3731291
74676077
30844417
2553218928
18710785
57259461
2884840865
1719889968
18111122
89952267
2934260778
320315125
60361843
15916118
299218504
14313383
150751507
3055688877
2802794282
2877514318
105593442
2533947620
3035145428
372916190
16515488
765392671
1909185565
3016161266
1875978715
2650537656
772810470
3025005744
239823201
2994678494
3008953940
501890850
2491600901
411215096
3008905250
15494489
32340834
1389317498
405536196
173972706
3022093381
2285752694
16590605
178755262
3026208615
1408449174
804105624
59108937
18284028
2706695786
147202854
56355855
2584476295
23683399
113938141
2312459504
118698680
15493001
132310937
2924754931
48662440
37527762
335991063
25260440
2565809797
1401507799
15095910
2740076540
2881636310
9258622
1962641456
2896307818
122469363
85660450
21463039
1955645112
18770819
101975731
3012225171
22954575
2365729350
332293171
2985398564
300803303
1109178072
473807289
1692248610
1409000828
593719964
23435238
315718020
103961836
1411236102
15841313
2999992556
2703437276
2857134517
37832467
268294997
76228303
3001070345
2610301021
2174978828
2971859525
278980371
278705236
989035658
821228
1717315062
68704586
932439782
468040866
2467790713
91399176
1550676954
567984843
1320475297
7158962
2853758107
1367870052
972686082
41900915
1695588793
2991922598
2494212979
47719384
14351134
28148694
19114994
844197590
293792690
1612667935
2613988231
2469822019
2163776792
174497059
23845411
298709411
480864841
22674817
2782030261
82481048
55192095
107847220
15310771
14504451
197414307
2961076857
2468140850
63437662
99022027
14104509
1897416386
333722489
74860873
50950705
2427702890
82188596
977126215
81678237
2384578844
2355383844
2937071
1145952974
189172698
121450823
314434758
245135065
2922364036
634109297
420100934
36807370
67529128
2870666901
405748776
2721995190
2940629685
2810808222
2957527402
121245240
1156052538
17089319
392793845
1180687152
2945946154
26768562
17612479
86343634
296674866
2879713916
436623667
13202212
2869923004
54892954
1069993424
99163796
299942753
14991595
1326945056
898168784
229955820
2790237551
2942299034
16288000
2580366852
2932871799
1960368258
2650424330
2895139703
2923635405
2927197592
197250405
2401887103
2937291470
28006129
2936346314
11393822
2794705702
214615015
2858154506
20802588
17410047
2708124462
15257180
2930670191
1949135078
376982847
229638179
24096463
1705451522
376618837
2476666554
22544842
39351968
1057447248
277401500
387793730
18527315
863175240
133996641
23887222
390850308
103161416
31377368
2885855847
296948527
14514148
229564414
20151919
467703710
2882133680
8663752
2787620990
1540259196
2165285660
210589206
1096239127
356271871
2907009051
2904610435
352521528
371597970
15330301
340597001
1717201711
465075850
103958947
627385169
2882155528
719054912
161833144
180929569
2646240295
882801
92522992
25260852
2770242926
150926821
50515408
2885309026
99840485
2719988758
498780194
2839412666
1102370940
9378332
1283047730
56019514
14356189
2308984998
19522212
80460218
56694486
2532220603
2875682379
50671466
627350566
47277053
37143983
21172531
2874933777
831074874
2192882042
1654656522
145016131
2369567534
2832178196
2281170044
2896142468
607292914
13831552
2869799385
2336845382
2880973698
492386175
2866122617
21713505
2835501835
242612068
95968146
2880173628
404946566
157815038
2293434715
2815363518
2856932848
2591506890
393417248
216117217
1451769906
10861232
2358618385
34956737
20491064
2751671550
59506278
220884157
318466467
1281581
59838082
32318388
15157481
138815908
17927372
2843773942
13912032
2568680452
489868737
110294752
20393005
255790053
73621426
167306188
214365377
629599986
341617515
14989014
94813109
15292163
26800968
100398639
2516028384
76693160
9414002
1332143137
2409675732
2713589684
1542982752
250295798
2862934290
26488137
2589515736
27965660
2789127542
2572860275
2214727674
2720809080
16991114
179225984
621111679
249475308
84508784
823957466
2327141233
750554018
220799045
1408651554
270017619
705253482
1571094343
24193168
509434816
16249403
963132912
2554808406
1535168479
2853416659
1458461
15334840
804876494
15565250
494228041
155904345
258947612
2665796424
2415038215
37986723
86524252
153726491
2789519881
19923732
22059922
90885972
7766872
1270014830
349324792
71152416
556992335
111873703
9286242
12291932
1311656826
1220385404
768197780
280994911
38947267
258501712
192086031
217505532
779076895
931147927
23330393
476641614
195845256
66135363
20688355
283611777
167335623
1323760146
16036915
704179340
2603972119
584192331
2790155572
271767796
19105035
385325514
849503138
2375559511
21616803
634269870
176841064
554894054
2708308327
81334978
211726887
2830776558
114292496
19539465
112806109
189416211
2171877608
2809757005
190564949
1568581957
245127326
1029867727
15589660
2668513400
2728827486
45580925
59773247
100366610
2358581372
253246806
2817378277
2218264116
1180495022
2816908093
2533914944
2784123889
63690408
2815375772
84825820
99353729
17826190
2612060743
442182858
223001897
14396191
475865182
2567739300
2150122801
262433512
28593266
2792640139
17677665
1347088410
426771955
89219644
803590590
2789005560
488404557
337230159
502916683
14771118
34255829
169974815
17168243
46299743
295816095
636210134
378043115
2711078490
17047046
947948606
29278059
131138221
965487716
134683151
20601047
16961966
123594641
1318490136
13166572
468133901
2190081608
14107395
129472583
2798516628
16693667
1611929948
2321283510
796398541
14601998
29739700
483481649
32140155
214950265
18169354
36130960
26340804
1077595740
2656601671
1876747537
2530913857
56625504
1912320914
1305645048
993856262
2640938963
189094349
2776650924
1563599112
2776784598
575905433
2432526198
321164722
52210873
314708384
318988563
25913698
191232431
1601556469
2372315166
124471876
1292731430
629960169
1551895849
15150700
1455310752
438769633
483034227
251382623
91372252
381937821
2470025095
2748628174
2532976740
1061545039
2409324409
259476152
14221419
2526227084
94636106
395367768
465576386
2259518334
146653223
193693497
1246397209
2332775624
2477512142
1327478168
39259078
1938608077
776213569
2726775229
1730982649
1044951043
2645569009
13065092
127667573
394772475
1566819571
505650259
241812546
91688695
858735463
127348384
14286491
2579206382
247815222
2706892358
212126858
277232710
89558008
1583129935
148116431
355752488
77537105
510873449
2692839403
1004257459
1543319982
2688248610
13318492
1087420274
19545260
1024233884
2677967713
101807990
2197375387
814826774
90975504
2687723826
89972776
27745477
22853081
14354475
45529639
2664233551
31510095
464518860
39320479
5526392
517710986
2668359810
2390456413
2586040044
68843765
22003672
1431013098
124797824
1627514622
2675420324
32523144
2649257467
427105520
2573763876
2472463850
140359784
2561407350
2665285033
1369901029
734907949
80905912
15132914
2658108792
2645495546
95054300
5552402
217780920
17263550
16380548
307360341
50096172
156650676
2652560394
758869206
1371189727
177695119
1244114060
1067807030
2283753418
15150655
385679660
730077456
480216435
847158949
1458925496
1885322144
474565388
20745130
19070986
29008009
100717795
229792396
22129491
835567518
957539090
2636272447
315161528
42204120
107473431
56173323
52758434
387553310
24134942
196556977
153666321
2599374110
16622560
229344980
2308687249
6977272
39582891
1879862808
2615446832
238170835
290872678
324100844
237018893
15341093
212143419
2612108041
59851312
81535453
55216324
145205568
14740868
860776998
6073442
463708342
346491435
7030722
305018264
80428539
2593573910
55512565
33110138
552767357
20547633
1634472564
34539522
14147963
2574124848
1345208706
36592440
2232543589
1910798586
55667378
69133574
21061460
622519917
21114887
17704535
2302136228
39936113
221120834
18127634
1081140182
18327139
23033093
235261861
2543070398
187715759
43948593
2518490778
38740057
308226281
2236028670
19024696
1255768784
323530272
78150983
1943937408
2367736915
277201447
59495548
505733478
91334387
526623887
244167420
17644767
15183686
2185310442
165190779
187447619
25819761
2598329576
35892119
297440850
2398248356
2578087086
3397791
17672402
6699732
2485646533
2594018798
1965061818
292118399
64218363
2584048382
2494195604
248560294
2264140602
1633946016
219458687
2240847577
2282419046
2572149722
259801102
20309837
858676362
1006790738
109090495
518592848
2574473478
1685226686
50256704
18858099
14174897
2533904790
2283463274
1227830444
5849202
321933
6039832
14984600
278738679
298726408
27604351
630790777
131277117
88764812
26035074
2596232783
759249
1257921198
2552192940
146199106
17159131
39623991
2544259518
73238979
297073565
48463068
192524919
767828666
101678082
2533535324
93890718
2520310154
213731576
1636672459
2357519011
2494393146
2522523884
2414099072
11303782
17747638
69009666
1563458881
2497483603
2559984856
17132311
20739805
925697630
17831464
222409931
458213838
2460382230
5407632
311747610
20798763
369032927
503380002
107742244
71053102
57309864
2504822215
2501973295
466890893
293503170
2343198944
23081573
22447401
45961521
2203831717
2496003511
164625954
134744790
41482454
273200904
1431390415
2493407430
2487727386
2469638058
15948647
2485802058
75209316
937249502
881530736
17264004
377654770
30502657
2431177392
13362342
65303217
16894283
20593578
2480495688
16679827
2464725050
2264103997
99512049
2479373094
271521413
1727461
100841303
368980859
719160372
1522445748
4520931
1026133939
227250118
2192176400
2506415680
2401692128
2401257187
1305940272
155630198
15871746
216013828
2350979186
17846913
771515
170165198
102541100
609855679
251423102
39341168
14148549
190384771
37806465
83054101
2203509619
2347761710
6550202
1432138111
2433698611
15155375
496042381
1663619677
132375339
252245569
1413013914
1523650544
2325126489
304625630
1439134543
1131615900
1543723866
1685568800
2404767650
333758140
292318126
21308466
43570730
1173431
172852142
140778311
1711802612
44195788
1427982906
14460798
2420613404
2410962062
221210212
224704392
634191743
152400556
388181929
14129777
1118399774
1554287316
2233483261
2303856248
82179521
531173313
6026352
2366607805
15737390
2316714836
1373356232
577178402
47436444
375668090
21812316
2412130009
26000397
45550648
2179791505
2396698369
4623411
254371948
2187099433
296664658
1455347772
50364061
1955265602
526457653
48494794
772968835
495425905
2399052470
1016305082
19065078
437511920
1733993412
348969099
16582388
722546894
1717266169
52393260
96205936
2388400813
2246304439
733145306
626129301
2281279532
9341072
202169762
82868613
954809276
177729107
2393909582
974602992
614929247
1653972326
1381917102
1556664198
549049344
14946958
512129018
2328480740
148927605
187354174
629417517
5940
241079136
1710823734
41032681
389084659
1251332575
2385219385
67083115
898200648
1890607219
4142571
474823395
935756275
2041051
2308209062
527016777
85301360
80963173
10264542
2362866672
1956136892
143344335
928486404
22674400
1729866499
238310454
2178798121
27932026
2372565522
16101121
18020212
19520842
1707842275
2315119063
723142518
193269064
2312608987
629033
12968022
426455861
1416076254
2360748720
523216510
2287289137
1645835928
17575414
21110858
2359493340
177467662
1223067774
48078339
2338242230
2358320270
17905357
410232198
75694920
2300329224
88273299
1343545932
2167526887
2351505950
1575552090
499396922
17190949
1898653928
113125081
192937864
728352151
89443770
25010439
1470953712
41518369
185910976
2335400244
121777206
2342827380
1511589973
1289933419
13185042
34412958
13394752
2246220103
2301897380
1659722581
38022318
18049298
37769926
2333513658
2330710330
47332433
2332144526
166165706
2333587706
2332292953
69816202
1260118472
2300118498
1914528673
2244810793
1077231108
2190658170
159255795
2301545728
492463980
1412057557
760476314
104696122
1282484426
165731156
112179412
17106514
2256689804
14540941
1471700995
988019876
2273487960
2238075110
250325912
14833643
1537522508
2303652090
2296078653
377578645
210520672
1430688211
575568280
2260527277
98906407
2277255835
808169492
439872623
2175954065
449967850
194490971
2271266169
522984658
134610558
968322271
785249886
421741576
194900977
587575999
2261156169
298308173
164552481
2271366991
1296296228
52165614
23795726
2236927716
14533997
73545650
2264054869
2264749807
85010311
39451174
35846244
2257811070
820251002
2252720137
2243103480
11636062
152965565
1792676851
254624300
2228926110
242955648
61508887
11962252
136075940
71234717
15636553
710929956
1499022697
2239221307
1462834692
1278505610
1440469062
600553063
766159514
213637676
2189263957
238610770
67162416
21828411
2233564027
466778339
308293041
1482779670
118496015
2238040268
322886464
381485762
1220970655
2195695736
10178852
273660990
2180132603
1153673286
2168890249
124808532
22892429
191994795
2233081513
2232358734
18463930
18270831
244991150
16047639
488502789
8279762
485543916
785380226
2228500290
22640376
2228485388
48139237
1064189490
1946436188
50504733
1958020381
2216245224
16047333
6495102
2211601081
54385523
14147533
379212448
278502307
2205310152
140491706
19359444
222655290
2202528404
1731510026
899344002
144972081
2173330902
2163191365
216909800
15455351
864878035
30663682
124491475
2192976158
927913633
34365420
1119862910
772178892
621583413
265635857
2163291282
131732763
2182760304
1302553580
1971502735
26739215
1945698301
17742620
1359515948
1305558812
35503367
8152862
1375122606
286121707
8119452
2170682138
204877942
2169872942
20225119
1969170668
296003222
607066680
26748929
2167059661
1580535385
1376981
52730969
2164802815
20802505
110465562
2159593434
71291461
1534426626
495042305
153158056
386330001
270677303
1961190626
1257618596
18129188
55388565
49394154
898159280
1537443517
18295778
83740333
46486816
1318653445
1464314833
1965515048
111673002
106580083
927719042
18393501
1896256795
501744554
206593448
180080632
313297414
1695025206
792681662
14684519
195350638
625733568
92142934
426588201
16945095
107951610
95452583
16487708
390674108
95823110
28490374
1168003974
15023025
63140119
59576316
1936996020
1830387565
63771986
14427783
93743265
891713947
310511211
385359974
407910952
20890395
1920239306
29093157
28500445
39663025
1611813554
454517116
82537032
143290977
1679617261
41317825
931518108
18722932
151625221
1905104917
229384438
27761821
1154241570
1730628265
946769353
425185627
373866100
18465081
9961182
1877288743
1509195565
16864597
105973401
1886096215
613835077
298992506
6785192
101013718
577195836
1883289583
19046988
14138796
308504071
5429882
1390296066
1688664175
622300794
1641282108
838559473
210437486
211092754
67591743
1481420545
333481025
14360971
90066835
26755501
19074139
1596489572
11533
1730561124
112993329
238528404
88036623
66000131
53309554
301355729
260734147
7973552
48779157
1644023690
770411084
1833904490
772415623
1695993355
385591075
54528491
1695955956
423320207
904555910
1704723762
52825386
63721642
1486168735
1410437030
66208721
1537494776
782315665
527838270
25519637
1199334445
437591452
897577004
1161976892
1010561011
817311799
53893339
51754277
6134682
1566929401
989912586
955629306
35232628
1427333648
1093807394
1728335761
314208911
1729773361
501993054
68583134
770172865
14162706
823100316
1242468954
1272664057
1268982752
1448456016
509628426
901214053
547134086
26374751
314770304
1708814449
158615563
14887370
63710489
28312878
66522999
346465893
47959001
40910021
762116449
192679212
252161971
254076673
869758478
417594962
38402818
11916882
15479291
14632640
838564718
763625730
1071105452
1471968134
1140683876
950398340
488480041
1683157472
240970842
46145761
1665877224
215950336
216966312
868393771
881369844
1660244203
617243
1507727082
1588854877
1514779484
314739143
19038803
1603379995
246866596
1222823551
65634864
7475972
1212453103
1569567133
155386673
1230943206
18154205
860627670
236028023
1286660198
1399895204
1657915478
384508256
390132247
37970679
94628849
49554600
960838428
32456120
139199975
713593170
72757313
330021174
126740561
707813161
17645638
326521014
1648901436
161542652
831437814
1648400743
16188864
994302630
38593690
1173231918
1642221098
1624530739
19866053
914862595
29415640
1385034265
348442939
82608153
18153864
176024190
125893012
20375399
91305834
43601654
1624454100
7381872
233371749
1396268474
165431452
20951859
1024834274
384986306
1620164406
15623670
236695791
713192172
1569057342
29691947
1613910662
84293802
1065062888
24736901
18023729
13216712
1110167586
1607338988
318267436
1606810507
171689825
20520190
573472674
37124719
1596632774
152639838
1529073128
952419914
1345431510
22171156
12110262
1595457691
127159325
237710960
1590298022
624703521
1547268714
1286269166
15335123
199366312
1500422408
898691
144783671
1563615132
424019065
19352081
37665322
25103
991600273
824000078
101428538
18838624
13097242
1537284217
533435092
196123851
318212327
14712107
630537149
1119216349
15461733
987666852
214272214
482853009
500323608
1486011102
41310719
482163835
248507370
570971498
285790273
575476459
1537374180
156779416
81742165
35792307
544264525
561297215
37999899
1011440575
734806458
689293
43020461
1074533450
41215558
404084796
486952490
1543024472
174740894
20342875
23564635
14323791
1541408820
894518852
965599124
1473697135
24443976
13918022
86312038
326761638
524476535
774873308
377784881
579645348
19313995
11178672
245217900
1472432328
608492550
935004907
485776499
176371696
14908972
1428575976
1516814166
216356099
7141792
27840082
12861
19048831
10239
7988572
592090621
419639256
1490348881
17567533
1422112988
229083273
74413825
581232594
15570920
966935694
936881
176884813
40854900
22873026
334406408
434239710
15352541
589989962
290082158
485102889
1269376494
184543773
20963651
258581867
12448992
1127867966
189574833
1466840569
1202055853
839549586
366575043
1412511121
114589774
590122638
188423774
522638995
388261996
262012549
17638298
249525831
136301916
27883670
380289880
1237502864
292217656
75630861
31289646
299579404
611913617
376909342
612208091
14663976
19571913
1650231
1115365544
318677480
17026589
1426551325
15335156
1335579330
17111287
462145731
856684314
17804329
937783134
1422519835
25741608
210787605
1077400188
14118591
163298152
897727698
5439642
466062053
22395059
1291259790
38135820
383667592
277730808
231466993
273693281
550317493
3781441
499069217
116763402
217605114
112876914
988976929
324992748
14199186
174655441
128097789
1265575399
60580526
269584194
26512941
14747526
38892114
44724477
70691045
1399204764
21801907
388392482
12020532
701745613
200245647
5351152
237650650
604990923
279172748
1320668678
1390946904
184652845
345578496
53614847
1352897346
713648564
745320876
1382442535
741803
116431462
84516597
204877909
274191360
804915763
20288306
37409669
48636190
15464243
9588752
473315786
1171481006
796117358
20478716
482098539
72273246
618047922
14580192
442151911
1363699190
1371451771
18734544
1323627168
1327342742
306988639
44695301
1358236452
475974198
1177509709
1206395552
766872168
326299187
136406719
46881895
42755184
407476898
402875257
743131830
19142828
1253761873
930519812
298461936
1338081991
59870281
220549359
163086733
14337485
13487232
30083019
10932452
19978107
280826115
21585525
92751109
1225992216
61055749
167596579
206398078
1307256163
1306831171
35323921
490203158
123055036
89264343
14977851
94298843
347809928
23326159
24228154
16718994
15500043
322182840
246490565
806545
531697681
18821994
427119266
95806052
27055744
40190023
380614937
993743611
160897950
55035182
479816451
376914870
252791434
92241457
1254773030
262422365
78398709
46383756
1246195897
39566915
24939473
351638831
893832871
712485582
14506596
523899209
40934973
60682858
840171
41432796
35874536
55470147
47873323
1125845190
52913949
551527763
16084920
120754498
620127947
564989934
222234018
22029897
550171685
96158049
221209824
800420600
576453914
972722412
119785662
391157533
466751956
19192195
16608649
633005907
965179806
804406500
561472527
102169804
319205299
14546080
17153994
14794077
1098742782
10233292
1015623462
489046545
14911372
304593450
19146944
1165462946
296393786
14530787
95870898
925357351
14252342
124222607
971403228
22421578
556481821
14646678
376080494
58767409
47957616
6706372
1140610687
129299049
8260242
531140790
82103832
57804336
86108049
185302325
174435145
897811
380376309
247046298
128275616
472905086
489067763
787950200
89964231
484381277
112886109
382345597
389119543
575472896
1010532655
335055631
407577720
14678973
110826956
14534523
16337598
523379370
125695429
1116713892
1009730785
198350602
15672951
387933436
257785816
43079103
24547098
985811384
207828738
317734587
17214676
31311412
17007351
144108529
1089436926
19420947
117593503
303130436
1061623501
70674506
796422949
164327432
16004102
222765418
99243286
615592590
32423136
867813997
581534680
14246440
135387509
211853294
123902949
610219779
569766118
321660017
21875193
195919621
24372558
336585044
17275906
37149113
573951571
192712524
245545600
635738446
13686942
364207349
123412795
110542742
255220185
17257632
288530645
493276617
498631199
103693215
831020940
544791306
356839801
22402614
953783222
153815481
6201512
105538409
258937329
4339911
372863204
270933123
632592632
91206387
274682508
40197991
14130929
901699927
346271369
19997902
854932032
442866144
25015568
1011825403
15837619
163999320
174876431
700984585
19843630
23007083
442712600
580216612
119583633
14324284
16419348
22292146
992096641
19042414
316842679
187305290
273940910
148715590
178179332
43940052
707254393
787765068
984870193
16017521
9437692
14043142
150443400
11114
105530526
902072263
19661252
351272064
404442001
732490812
247064031
34677653
757184532
96102836
107455849
718673564
312295459
632644991
505134121
725323
67380215
61190451
14239043
35315865
426816916
559756727
575476819
103004948
102087933
898126147
857447425
282652186
20585553
80901763
404360868
537507873
242155735
14793714
888006990
350424151
346082491
169294853
234367247
262130711
813148866
10012402
350174972
811462406
901305655
188104515
51628461
342517027
138370057
7288362
388015792
81067448
875383045
86393518
160877807
19634395
185716178
574996885
385967664
898622694
14897792
49583073
399098184
170625844
181894888
838841779
15871364
417599004
864669638
720754110
14226594
91217312
550669021
191808829
19306602
380769141
188077808
810060511
20259273
387334680
194094820
818543700
41852856
19328973
496779286
718449524
438349093
741889752
260615872
55261014
474971909
87993032
603685344
383679869
792624728
18607272
93668381
422781117
22478416
210429583
781947991
551600672
87238592
116621683
748117621
35239403
280035308
749401627
26602204
513354952
76561795
298982411
115430870
83197636
80059140
21087053
561632065
475113603
72734777
394466622
138851483
14145626
162088304
732082153
12819112
133371196
484416898
393110866
581012668
4515151
30028674
543155373
7312502
623451194
15923152
142760880
475832234
62533
474911726
187372367
196071392
31618599
16284661
14179048
14976542
226113151
408756176
42345291
156989502
62131111
103633920
14521062
189172089
19984919
32311190
20778428
442637102
40128148
227263552
533158285
388449013
533010960
16742365
104502462
72598303
518769016
21917716
579194369
186391235
222134128
501163295
408919289
379107571
439360876
557323827
277792348
130999289
16079276
23377640
502005696
271328239
154793244
558929861
395423570
16318973
16150285
497649301
425835249
43999996
17026596
14096879
526610930
34717390
216659971
390278314
206567887
62183077
49561087
56791988
428402969
434937200
9377892
305036988
527513409
327024618
268379601
7082172
322653723
214099847
453892183
12434302
12994062
103047327
16887834
206375427
22873966
349563888
97582853
25065420
308132707
57769424
25220849
233661443
342250615
375235135
20529038
348783351
248883268
53560219
456643477
322061462
300140002
16553124
41383831
393276727
73131891
430764276
37388206
125061212
17239073
405033226
370116118
234335755
13829462
322122983
16061930
404858458
150278011
367109248
88776961
308623046
20386697
217140632
61420177
20692594
383404216
14993767
282815200
88540151
317630405
322658299
1278011
62355366
287256872
16132687
288405569
93950513
306085021
44687734
333696410
11031402
183575679
16446213
298700210
224631899
16893700
208988759
13021222
15137538
182956232
24961156
212430018
28181759
127003086
14589654
14458327
21828867
12945722
313843967
167625856
18680083
340331600
4909001
46362652
197962366
133239513
325126593
44261504
273824942
50690435
299808198
87706747
19717244
97559392
22026168
270162605
97705149
15154811
77781374
49162178
23989269
241278137
88936048
190246525
17396170
142044559
5690412
130570965
43186378
19637908
34540379
105529826
21704370
