1079059515704791043
246452349
2202570051
3074696879
1242344494944514048
132137734
2320231093
1241314207649263616
32204368
1089561934939209729
255018443
1239338730630057986
2390834756
1064758038316425217
1045644126937632773
1096970498066604032
498551521
167087264
1116664779052130304
1235674692624805917
1152458147111550976
24310119
209654661
1964984726
153045921
1156434423128055808
1152218985061998592
2216589799
15152197
1242256474681700353
1061625413343031297
1630354356
447376393
1209406990599905280
3759505523
1164393435786334209
347910328
305047928
1212343637041807361
14580912
1222017276880121856
740903334568026112
1108379010063466496
1241892501381734401
2791976136
1173782805701988352
43928216
3286434800
153331219
1193529557225234432
2382297240
863325790565478400
2747761395
1139575627378507778
850016298138468352
804240842
1193293660651061248
1241546450879864833
1240508849217343496
973294767659393024
498506631
25436481
2961368987
1132288290
117244993
1226246648503980032
15079737
1241117939392118784
1165097784413962240
1232285447507722240
331727172
1231292137154547712
540584393
1225228649592426496
1221100974317555714
1852835900
1236075101507985408
1194217825717538817
1201159489258500098
1130987719440687105
40919442
1239981710604976130
312877993
760780676232777728
2643959275
1022794098980270080
1193096354668535808
565108925
14113029
711030642
1240770266315268099
141389888
21686844
444640516
22984720
21812800
1426443709
1197080840703889408
1193829204976193536
1652473897
1237347236805324800
1240257033116491776
990818158230548481
805795800630566912
1240494057379393536
804173052783120384
18390918
1194143648
976235321745604609
1681857452
1326263192
1149755460
1367268577
1238732410453291009
84317811
1239948831145340929
1236253449425006592
1211449345486114818
133202303
1160384332634021888
1196683766674141185
905744695246147588
1089728747111153664
172238364
1230277395556511746
473807865
95778650
3224391282
25029440
1151004847577034752
1239820497178763266
528403845
744833438461616129
868461488029089793
3677074463
842408330924445696
1224504597957562369
92611410
1193628182
893414755733516288
749511980969439232
1453192688
1239635627626430464
1239606042729811973
347881873
134099103
1232504012538175489
1159885927185076224
878506939008679936
1190196011383185408
214953971
1239005150309568512
992290776917786624
712294128957001728
95718973
102954619
70681345
943637648522072065
1146849722986110977
1196019340635541504
1232299845244870656
88821829
753432100657766400
3139808031
887142067742269440
2250483303
825229775203610625
1352601788
727889714
965008126125707264
1238983095442784257
762729716247769088
1224144983718080512
132789840
415144366
806337555180306432
246525650
1238760789449850881
20034403
103236348
1168026570251833345
1227248098830774272
2595075223
1867729142
978579055485341696
1145355594766794752
813902341
2243857549
1226505377598132224
1238419868170452994
197388887
264881019
1071399669920497665
100201272
103463225
231673318
1236330862712459265
1238279112797458432
220013282
1231588077660930048
879534367529246721
14125777
133372887
611620771
1167057270406094848
1232319241921101824
971996472534159360
2320992433
2488039542
1161904387838631937
1203762503026708486
1238014045120335872
14257813
812227913453944832
1160239113590779904
296761365
325647107
768498294385352706
420262979
15146206
835193459891929088
319838089
133741649
12579252
1540685677
1223320076868128768
461371577
712255998
1146100039544004609
1226469367124131840
1226916364885073920
413141226
1016281505910460417
3067356796
137258145
1233687044519534592
775500698
1184109198503743488
301455332
1235451743430901762
1033420973821845512
4217925861
1237439361357996032
1181612108317745152
1235285161849155584
340309737
1256315150
1192620807618478088
1079410924744781824
1046204812990271489
860335217336229888
1237309608911306752
829607580
848827445620858880
1237242265174560769
1013330070
900039443884781568
1231477318314409984
784040496641503232
1219257231809699842
1193345661518917634
1236740915789623296
2498856955
1237125979220344832
1231569670773379073
1237084666877763584
268480776
1236455884282310662
1012895047929475072
14067913
1151137842036215809
446953360
214672102
895717812571783168
1233260842096918529
431055220
198386804
200550706
3399479962
1233414715361153026
939071257181646848
990394892219310080
3041527826
1236493439992074241
2935915059
2896898419
1193674002415472640
1236448089646366720
1047494362291195904
2520060377
77635899
3252977225
58871900
2172642364
168503931
1235958058741682176
135366551
1236268746492334081
992237701943377921
871477495
428214482
17699853
533970189
1209643323104776192
1079937054
37608268
923506816948015105
61466844
35735535
2540686947
401103164
56757900
4921806608
1096277817044729856
1223347770381099008
14346406
796713953392898049
749667308
999175139248881666
1132490734643294208
1096735138346459138
219256838
959061291255062528
1235751017893040130
1230295293322833920
237287842
1166977133996101632
1233572381601533952
1142755228753760256
1235647516885958656
207474989
1074265332750213122
1042764661186224128
274832067
1110164751051563008
2494396251
2916746720
518132804
839013259722297344
955887280979349506
1233476705987129344
97312625
212315542
561285594
436832041
14709915
46641402
871133202961899520
26021278
1234904937198260224
271111375
2925154299
699469767300612096
1234172107547742209
1115020423568199680
933836395122065408
1174895681162506240
782465878679924736
1212060813453754368
2441161745
1234996835321819136
2590825290
291387584
1139019518
2516426412
1174523172907077632
1234902901836984320
1069759939072139264
1234873168138911744
888734264
1233047439625637888
282682992
1233873263048187905
836302353477300225
348883989
946496047014129664
1135767952664358912
533124999
1234666438666878976
587191811
188925154
1228402399527735301
836553149892587520
958191414680215552
837753400997588992
398928866
551206860
591017923
1192335636629319680
748226455616643072
752416541044465665
1108093021176975362
49497804
1142107768540815361
784733577690898432
1227525062476984320
855255122435334144
1164539616323502080
136623468
1036877746742484992
720447997868449792
122984611
1133959038985822208
1231188373475168256
6835372
1233910927172472833
1208058025656885248
1226360952498470914
292599214
2520861248
48339054
1223985264734998529
3926170456
2411474592
987735259826434048
1056499096113086464
244636702
1038216303423770630
539215444
1053181133574324224
775048312953143297
3741958959
37934348
928635706167132160
10443962
1123522877456822272
756102006
1233600630066827265
99090102
901602010012815360
389358208
824276372537253891
744285895520583680
559135149
952598708675366912
756362793973059584
102030770
1182853207
1085414118
117842961
738852904946257920
979756857567973378
893374222755438596
1105562136628076544
836316878
129869198
1097845118390939648
1233159718732025858
949761637443129357
323193734
2399002562
3641090058
2788489028
4279809734
218120194
745498038462885888
1217409251875999744
458165243
2557113586
773697168423124992
602938316
35429111
176598922
864900494774472705
1230051975959654401
1227080264
1232347733366841344
1125224679776538626
799845364794724352
1226566827377090561
198837108
3255844584
18274054
1095045264245694464
1010053072830124032
1227190975090454528
1092837452820238336
34802290
1008269890233536512
1201821328480837632
993575624798359552
990946794745028609
17790355
1514250972
1231807419988103168
78601721
1232237545171218435
1099607328242843649
826614869021581312
480264785
1197073056146980864
1189133142797488128
155381343
1231495837517107203
1216731883683315714
1101195042792853504
1212314174690250752
1060736440655462406
1229677280412258311
4726023983
1226278823328702465
848965749423177730
1008654697731903489
918060498377158656
848924275612561408
404468706
24228610
975245629889839104
1231593948809850885
1231837931490422784
1229719531901399040
1094472831574859777
1231745977029140480
332638516
829159349012615168
1192933716080939010
3107980075
889974036
387461075
823575980287655936
1019658067456249856
1219311627654303744
1224692355598471169
3313442167
948956981406126081
39029760
42940255
1179592902055473154
824506975673147394
2208618840
904060207101333506
1083120335409610752
33421894
1231061085974695936
96739590
1223587788
1227154424369418240
1230952161196019713
53846845
132595703
972255495707865089
1214115942621335552
197514739
1139228660383268864
340393986
708802732065476608
38684650
3375016792
1110483487121784833
3365632709
85548021
1220286529391792129
595432768
1328673816
1230489630534815744
279401811
932948838
3818297299
53469910
1049957963153244161
96487765
1230458731453984768
1218314329134632962
1619403463
851500292499701760
18181145
32760700
1229277100542066688
293795264
1158715277611360263
167373071
201630296
711256205625266177
1227159508952084480
1527563040
3423881836
861855388903374848
2993300517
1229168245921456128
320675879
22999777
1124324848409300998
1222220531027652609
4821628779
144399159
4602865043
1079045586446360577
4723871554
2457261692
2969421393
3845842282
769690884199686145
877447501
1229971030527139840
1220534030547836928
1229900648445104131
1094230455308689411
933752497029689344
1219745993933164546
1227633006522912768
1240280636
394819524
1030425237203165185
1183155426
2282745731
1209588232918319105
866565247355809793
1683495246
931836034689638400
34857109
1152569734413606912
1024593892233162754
1229680161886556161
1186921878067109889
3000702286
87849833
516587886
1229576955835510784
1227631665385742342
586715856
14809389
3229653496
927284880836317184
2588901696
1229133718016679946
796705819
921371547947876352
1229164473119903744
747123264464519172
1148268202910244865
1228391423793356801
1335173334
1212652802184335361
1227954464151097344
909530496
422583591
1228774258509148161
1226775453249220608
2429195024
101434964
3410572707
1157841347941941248
1226970216787087360
965506435214749697
1032163599270039552
3001744441
1174077472360452096
44916344
2789472107
1182536305713901569
2861619578
1137810473385021445
384110001
367450534
1995781
1220298016545898496
1224424416018345986
1214126041972654082
53972078
1208693722826719232
1193930219595485185
1126091838459269120
880070005274050561
597539609
3250047271
869123852630081536
3143462112
2827116600
1220675085117165568
3083257365
3245096474
2571615044
1219573029656809472
2527738988
114244707
788701623958855680
15860967
264575819
2904164230
831453194735742977
1002111478193893377
3091523447
1220691108071477249
1315492670
845262565571641344
784563077526261760
476641003
245378745
846529219198930945
629496691
1205116498664206336
1219635718127046656
4861224269
840450240692015104
1227541841718992896
159263509
152680827
1195749734780153863
2849027203
1218174425348104192
966767585827217408
1241020777
1014399107736092672
943648127348744192
568265913
1227239212115578881
41265864
784787019868274689
20717386
366696186
138494043
1227280456133074945
1227267455569059842
1095940105238282240
1204359254586658816
2265742294
1226915916119711744
1227061488558497792
2273574830
1227136070309072897
880675779083993088
407296703
1017586201547755521
414040800
1227069618885398528
120256565
1226606648929771523
1089851863011254272
1559336257
171135181
1182378572733964291
335377233
450468941
153903226
730884739
251771443
385969445
2571587484
476341327
1226619891878440961
26560849
1226615079950540801
195179031
1033751650660433920
1226561910117720067
1225412915429244928
23491199
1215780896977997825
895847694966505473
1211615239378092033
1226294727567454209
973414274700734464
1220698537534443521
1226337701932281856
963251144
824859947120807939
1225669640942059520
245653899
1223832677905829889
1478314746
1198885699782664193
237226567
728075873132290049
1316449862
2743878254
1148124194200178688
1161270534534914048
3197909332
1208406017962323970
1226066992785870848
1222743900500025344
1225902546474143746
719178531087888384
1222708740861726721
741772821592838146
57111941
480427682
920070511341834243
51597423
1143351351440637952
3255748635
909035586622771202
2783873257
5834542
1225731212578189312
272399550
1079565612106432512
1225650126653288448
898938138919264256
1225251793774489600
235026774
1576799545
1144955815742332928
1078034925310431233
1225529051034595337
113022733
1225518211136937986
45355803
1225458958841864202
1224668578571587590
227406187
48342167
832087011909652480
1051160322512494592
1211643392767086592
218138634
1209498795102363649
15704918
1225369734432141313
1225373887413665793
2976595450
771800954324848641
1215325685805453313
139572785
3293664069
16359323
1221052957514457088
195705079
1175562902
1225181188274507777
177785765
1072428487263338497
1225133372386594816
2327545050
1224515977884393473
966016622841516032
3362024752
3196001137
828987816050831360
1133867683278012416
1221775332568518657
4689604752
1224885214540967936
1101740360311562241
1352449740
1090678295111393280
715119984314359808
815004549228490752
335810109
211534702
1221403223396954115
234593644
115126875
2993251
2875426940
1207296924992229378
3887143578
1224493235160211456
746443336182018048
558942124
1185993485750587395
1224410075298660354
88109289
15286641
1214792256109965312
36421687
40660261
46408054
317418012
19161448
1216982407070539777
106150009
1224231715897561088
1116864246598574080
1106546021893472256
2915165845
1224202025208033284
2208579570
21334878
902814012026392577
3067015740
1188516435284283392
1213600166839640066
1216503833712644097
1216214632265895937
60529347
211455045
1224038666131079168
247996492
14464221
714806186063826944
1146923887575347207
1088050562459987973
1018077769224290306
867053809222266880
1068172062768943104
1084020231411023872
884342873990152192
1202856079488499713
1103331759637303296
126561376
266598119
765284398187089920
718123900698300417
709232588716531712
892538618878738438
1008753262961410048
16944901
1220466691882323968
23764059
303266064
85552809
957456176
804173626069123080
12904682
209033433
37162329
1223592969925808128
1183211646409494528
1101053112809328640
1124936670644559872
1341742542
311546160
1183068542305882113
513752992
1117114057704632321
54724229
2724214030
1900834488
123158568
1200480216126230530
705486534
997126758
1210287595063840768
2750756431
1206757374783938560
782179821908623360
22089819
256900512
1203697934073815040
881438260123369472
63789450
3320895862
512397321
872449766931800064
1222182438824181763
1142182783353331712
1454266386
96538292
1222391875748814848
30141503
2769702578
192825592
74778906
971287627
969768171757555717
1222952756874485771
2826847283
1055688769372872704
65361217
204012010
197489286
1221490085713104901
2966848869
2436757194
1222486321425457153
738147579423129601
68806115
63367144
1185560141208403968
1099137946597318658
1184557996719984641
855007644
136989794
1149478429118607360
820225913262469120
850592125318295553
72917383
125522622
191159672
2344150185
825276997
1222286177602064390
955554867078225920
1220318605981581312
589121481
928454904221458432
526702742
619776237
2754235968
1181900708616048640
1130564181130981376
1370240701
727548116707188736
1176470992786321408
22597769
1165751051628232705
99950465
500994378
1152424386093342725
1022014618368139264
1142057512079781888
1097814135075553280
1194026504155467776
822489584822931460
900359374018928640
2180036951
1021901861799034880
920993143
3273513925
100263466
71656807
1132327598451675136
81662536
3121350186
1175498848443277312
155301025
74413677
1204897464559570957
4052731576
1221564277007486976
1001926235671420928
1220070126806020099
14070350
12666732
812105045017763840
915789000
1204108662593216513
1220735054634258435
1075745478262833155
1201352315510362113
1575343560
501777237
628562704
2834136844
424220007
274632397
837064057396072452
26583500
429191734
61676874
1217002525892759552
1655978988
1217910374240006155
32014255
207628025
797696788115296256
213169033
1003452972875911169
878685896010194944
3717864863
3377596937
1189647149950275587
879004347002212352
1145580278657585152
1289134980
1220996076305551361
942905840994082817
92247878
736378570201669636
858313360869404672
705958704349315073
2312300798
99458695
104635258
795700681
1086527082249814016
23865070
2918227499
1202605501068062720
256030349
120280142
1915360968
1193192262135472128
4589285428
2873623293
72294943
1220694617177280512
257559803
1219575923676209154
9775202
795195885756055552
1220625568015769600
3004142861
1172804875324919808
760618506
708427507
1060529756234371072
95027023
232034457
152193726
1064274379
1829351234
40970337
1204607320522510336
254568651
93657391
1851949842
1099246202208555008
787558286
100282423
2879806277
1870922108
269547505
364378949
1213695993566265349
990998826319273984
1391907750
4111241697
821369178783449088
1212108861512900608
183694420
2160920911
215342977
42816813
1219439912593707008
22192382
60752716
2811796273
1165299611948462082
825582298632429568
712326072
9658642
30178491
228262551
484799071
104343949
994271759766466562
60134661
112917622
171225981
1207783075129593856
171888190
357468285
1193738775496724480
2385579081
1219361519005290496
1218961168192004096
168652292
1210393386919837697
569458137
1364100968
340264193
1217604597134635009
2961187884
1216526803344297984
1184559602890760192
385309210
1092413249281318913
774337819
1206794277650608128
1121249916922277888
55812005
1118821193564348416
2581493766
1212352353430429697
3236758048
1731437569
1218941080068149248
228785120
1217490014592012288
3016041352
1218312725350244357
572746536
216634522
3087264603
198407027
400629866
766776862831943681
623736611
1218783990598909953
1218522199658614784
8870242
3133362924
946297137108783104
150350049
1203055858223112192
242236082
1198082451718852609
1154707106857177088
812699728739639297
2346087675
1218536393095421952
2380621450
4315598663
51889696
1198223081065594881
966684117109805058
1088826778498592769
93622728
331360083
1176515671531769857
1027157869748076544
902787902
1216928417536466944
110128478
14956831
1872316128
1213638943310114816
891575847143915521
14467515
1190150484025364480
1213815704165605379
1482223236
813193269148524544
1089028527725240320
1208766947514564608
3666824415
1217915176575307776
520772996
329042613
171905721
1019212987603800065
65687019
149770103
2381812868
2380905693
1189959907170279424
1045264880985669633
150028097
540040578
1216999034793136128
1165511913066745862
723383412
73251387
68996841
2892491332
4572079833
143733308
1216837933581336577
1147264095059632128
901702370857496577
4808779604
1122810950636068864
1217499535045324801
1109033900502859776
1060606141527457792
705431391706681344
548607911
49772593
388504358
2974866466
899684971295768576
758624098125803520
330913345
143837128
794109480757850112
1201412701014155266
2798836581
2983590058
1908254455
1045281828
701441867582296066
55524145
1145873114418601984
2358743130
1216530181067685889
1215440088621912065
548417755
310522161
1216897703428399107
323006321
1030809916129271810
1185531555525136384
366053097
1216738877945405440
986873481961922560
946350935541940224
183384822
1117353004942839808
1216525995521511424
28809863
1390429344
145208380
329165055
2229120000
220180204
1213609207900983296
1214170042100633600
77005561
32965634
2334219205
1213456481879617536
1156418551
1018264984235606017
2159372786
1216052673880842240
635603938
1198765662757257216
102566546
1211524062469451776
490416036
586139198
1111402286218166272
1200004669860405249
110816875
802885656477364224
3955744635
1185258669887426562
935557861937176577
78465705
1086087862095892486
92511801
100073731
1131730585754357760
250151959
1173190465664864256
704349106504728576
98914355
1215418566192914432
2957433451
121452784
8695992
1215339516359315456
1005436307701747714
265215813
361222078
1214759883943268352
471887399
432426121
38313915
1214013215425720320
1214993762943930369
1214959796782153728
1214950131935711234
176855830
2555413344
1214881655246204928
273056917
59729593
1214817814244028416
847296263083089920
1207926460465340421
541089037
1208715059276517379
15429202
1157853700859322368
1214653115020001284
1155299153876070400
32460647
957858744
4556604695
408099613
41167902
376146534
144135957
2181495420
262092251
3342475211
94602575
1192797837421101056
470472326
82451043
891812119703953409
890795677676060672
739259402109210625
47305652
29547325
780167709241798656
960351665269350400
1037920622419083264
1204941289365671936
808443470
1326156788
232573853
3382115943
1213748227314339840
484102823
3971234770
56088494
11256092
527311276
1203397726291017730
1107400418
1144614232014696449
3228609295
2417465110
1196160139113484288
90343117
14969799
1211826716957503489
1134294356423090177
16869390
1213386880533712897
1279031960
1212976296289918976
14155154
226230950
37402788
730908194
1212774952870371333
359255029
1211430822990925824
2915896304
2786664578
1198193792995774465
1100078581680504832
43146249
1090685575286480899
2684385216
1522783002
1212328004409364481
3158629237
1207855575012274178
256559097
1126626711695708160
96114798
2893254281
944711097399042048
1105172970723397632
914833639388667904
1051813701022621696
1166304609360580609
838404614135304192
1201191276684529664
35715179
902498796717740033
182385512
1030606749240369152
780018655346044928
516165554
2859233413
217859224
1211370214899605504
18971616
1143558822
928440560154705921
864631382466809860
205271732
719483584
15786193
334130668
1211614640121057280
121489032
1211256351575330818
362568138
1211479828068593664
26129595
412872946
973005503264681985
1211433191694729217
271936990
1034546815583043584
1209801220782735360
823023698
1138087474880794625
348717012
1119885309372661760
3012085623
216789548
3445790775
33300702
2980082558
412479293
1210990182419165184
725731798676836352
20362599
854650726131224576
621700791
1173652003320455174
4825249497
1077342999338799104
1136109827405389824
303315621
910934288501280769
989527795616374784
1205890818692616194
2920129246
4825030918
1518090998
974284173287481345
117709089
59832660
84574980
373472868
954365877524353024
158029123
1005404984446353410
936672018056986624
17638485
2980971706
3717748761
118200506
61140799
1130292823373242368
2561342630
1112552990009970688
1056888884267769856
1106758993379098624
2821762162
943321667123732480
2461066999
1104755485805146112
1107329440638472192
1209821950559711233
58897827
300369530
1154570916866605057
2809211126
1186608560668577792
34991883
134566718
760827904334888960
1119525881251164160
431804559
1102329062092083200
449950134
45328934
633284782
1208182856327057408
447842714
19065957
2826804505
1208826519579172870
956085707923165184
53769396
1208689988545601536
2562564104
1145768889873309697
1205674209030148096
1057256148951216128
900071649218887680
193669974
49847382
1094211245991972871
1208304559421935619
1208212668311453697
2371362265
3092771386
1029751374941233152
962785148742914048
1208052371403792386
1208041355349389312
85280346
439433050
275116775
371424949
1207773690005524494
1697181536
2611595112
19042012
875145794
318049106
1184434297350119425
3089381175
21857107
1911613788
158777556
1207158318512381952
1967974406
363591525
895313227
2182820816
1164264891554963467
1009247721947947008
75004632
888244881835139072
316168708
252228701
1138113354151669762
258047861
1206992403262922752
1206540844150542337
1170145780117602305
4792229197
999461608496578560
533494718
179969757
1197491772294778880
2843020322
2997655673
1202698468386639873
1130487091400306690
869977582648918016
1008825762
924993474
834864996131753984
151787546
1200868868949991424
745338727824658433
3330275801
1202827019614068737
1166642738470817794
151389748
1029573783730892800
1205823879987507201
2739918262
169059237
422582022
2285281195
1128136701900017664
927510255172333568
1143557220119937024
3014898034
41401170
964344443183616000
703949549614866432
51439270
2916387536
86892533
1202203366668947458
1056521041277845504
1205345801376956416
1152376364932059136
1202127096761528320
313718162
1045079223621341184
121573792
124390865
999416797123284992
358662291
50142799
3912125919
1205160425144365056
1204754712840589313
32456237
1729132951
1298080003
1204810673089200129
1185321641590566919
1637334481
59697004
1204723118972891136
17679287
2611063976
14735344
1149758794315915264
1204728054892974082
1121203802722508800
1036492322702282752
714215198760894464
139331829
1177104949743890434
118870168
2717423845
1202788225011466240
920107985262731265
1023105296942723073
4267952182
2961307240
773687456
1026790479671840768
38440338
919086898139852800
751988185870266368
198884045
822147388571844609
2794377272
1204091049984921600
1152747636606132225
1186639302605721600
1299354834
764047245511712768
1166408989753716736
4796751028
1168824601415225345
852524719337201666
1190181571145261056
1168769216847237126
109690643
2331813135
1203664573196189696
753739746497683460
1177233734233481217
2264487544
3248867330
125607688
6259802
1595619462
1191983061937901569
18036983
1202249312941543425
95182498
3675616875
43773053
3052105759
345264751
838178598947213312
2237864549
2877780180
189667612
1169419862202040320
194434021
3420905583
1202604771653431299
23622755
378730472
75279282
1033306512
1202521803479871488
1197146181584838657
3285857630
364769778
1137381500935163904
4485984275
77901746
3374921926
495457347
1149207997568229377
26279058
2326455488
376674812
704759287407489025
945264925714157569
937507171792588801
1095038438661898240
3244627892
1199628186428022784
3385476184
42083990
1163091226645671938
816108190018469888
1192406750189772802
964027082
728686902241570820
1130210946402533376
1011723413549969408
814712501413773312
1201421008080494592
923877162041651200
1190977852373716992
1457524766
856692336272830464
1201595364329041930
821392524334026752
2496914268
14785483
1185094653449666561
778920701172539392
1017363033373528064
1200965314214875136
81604707
3683834849
2373944887
4045449149
728156758519123968
1053681860
30431871
1201357884409466880
3390381100
15811072
728646341954514944
4753580474
1157551787588628482
92534189
158067065
1198510729579520000
1195050579015299072
1199011330721751040
858709658483163137
1131371431
846548281954091009
148333419
302219975
1840567861
602284664
1128474698461863936
268759332
1101427962564562944
540245789
1200555527094374401
808175751027638272
1106101208178135041
237819591
1199325265400254464
941699624
572462986
551059628
1021732001806569472
3208330047
1131589611694755841
1195337112159166464
492840289
1173350664514297856
1199926469633486848
1200096534576214016
233876988
1200036385140432898
1192401153394384897
137870205
3089774073
755785896843149312
1155876540044984321
2774307087
1126406281772830720
2394637391
15959308
1145250677251350533
158481841
718257948850589696
921978452265390080
579600671
1087539217377288192
812172656627699712
1197155940887388160
1199874308
807987554481901568
773546343763705856
816487720822435840
1199434078099038210
777943995905224705
899485363055374336
1199388468092256262
1198532730876841989
1436867796
3237648303
95888119
945687807946838016
16885113
4712511677
1199188230312222720
553919538
1198941926868705280
1081397305088098304
1171386540787994624
2751712851
1122815720591699968
613794634
1190826495599632385
14076803
1192189547553017856
420116019
46909705
875993371440971776
1198550282478772226
908102090
1150576233966710785
856506037167431680
1198705676631126017
1189402970
1198645129986400257
264319146
1190444823741902849
1406971380
1198611798418571264
4584410443
1417949156
1180838849179635712
1198423511339061248
1198272398388350976
68611031
434280712
522118389
853401581055729664
163134617
905159543591759874
1004372754131574785
2354683429
70881712
12687912
333575013
20874935
1171790856853962754
1005379062129295360
1361457932
227259119
3166185518
1190995772852068355
1099745241270112257
1544219394
546418237
1154945389361016832
1083670471890165760
2245887911
6797412
943437637062483968
2177301
141086893
1197402413298257920
53239922
1179095645627572225
1124887124497428480
2965425207
125386342
1097591820119359489
15704140
43874211
179750568
65521467
4068519437
34822271
795585876
20637531
814474161456287744
3116257037
52745755
1196954070759534598
1195525300957798407
1025796931795050497
321734638
1196461193923383297
26695708
231044150
1135534413184413701
944617275541348353
4516850472
823661292577820673
1081716823157035009
770280698557128704
2471204976
3230851276
187953800
1094239661545930752
1082536761706860544
1362386203
1196789463864639489
1498137451
1175114400694513664
774111863315439617
2316748082
4190081003
1196465188490354688
1195495812677144577
834039038403309569
3001332263
2391975549
2457633726
849512646680489984
449822998
831738650274754560
1194356028105789440
351967985
103073543
3403012961
17448424
55756950
2654701879
1089016740393242624
732227203929374720
95743393
507307318
769463258336137216
261073376
518654066
1045407372636823556
42430172
1146886926508658688
1121151126739521539
356221270
1015483022391545856
981939670748610561
1109648345604243456
4702367429
2204478351
2909949410
1833407964
951828295523463169
1399303525
140176593
2394294056
265428754
1120530550643744768
1163613745358221313
830290581775667204
4807503317
2649761514
709364623242166272
2784189720
1146588254575239169
747666713504849920
1194985704692101121
1129190133779947520
568646506
2905037528
1192116334563397632
965252790
1195000384470667265
169700162
409332149
376164738
105603317
280599576
1024644100874821632
306184822
390870501
766451585539043330
1041303339474989056
1584821042
949813005629513728
431679235
16914217
263350479
733433606597566465
484795834
4832841957
9915742
1012665559949955072
903246809157349378
198231461
1147962141959499778
124410323
1191314766859513857
96399441
247640915
4531048231
78887864
943054444140355584
1187856236668166151
32004929
1186076260771848192
1163022799381774338
292039275
910306324822491137
1149166498713202688
18583644
2909432770
15025552
160666061
2880056154
1192297399072382976
1352687167
1173406810344235008
1095786893160017920
1185239660999561216
93054477
855427859808178177
420974160
2650959109
3010525236
324519784
1078604150
47698459
1612194408
96725138
706112182895960065
1174713183224946693
1078295405866016775
1191066711514140678
1193026304087449600
1054405079065800704
112575146
1095541487071305728
3322269450
2296380474
856085786470617088
612832923
1192791758096101376
1482475549
1068202803489923072
486500250
1161697391294242816
16593337
1145143452
120516340
1138487158120075265
1449441373
933745609491861504
1039398807962898433
125927222
1327073298
748785474957815808
1175103799503007745
93079865
16448171
467884423
2898057163
1148984499738271744
335975230
709578337
1094029629596291072
267521213
1192316124651646976
849457627
1192484458642862080
7037732
780991956776284165
2319045091
1192370172301955072
905252617479221249
1187625745415200768
1149326674267271168
17988073
1361109368
818800324106448899
812935871968124928
343102453
908239797931536384
94972092
1192268341504815104
892610120
4828761856
2557008566
856041354614325248
943794808417607680
1192111414636351489
140358916
2458138591
22961133
833676158
1170239699706761217
1598464465
1174991049749487616
43885260
731456758191808514
18385170
843156078166728708
1048845237416673280
941590136524902400
1060953856853471232
58117938
95466103
3092181495
1719180944
1170435898388803584
246371974
279735985
776246221606354944
997025193758343169
454315319
77285767
508620177
563893458
940985565792669698
2472185412
1184944684642324490
827178074013913089
1190331335375773696
774073926880227328
3064012762
505663987
19169759
776837662221172736
3044325247
1175832151029190656
276796378
1134780279476957184
1120159376327704576
318662147
50050517
91969559
154822402
2205033488
213445625
3154194657
2322278216
739972668909182976
842976070508908544
1065467635
152085003
704568034740932608
1186649472270589952
1190449240692146177
2431883083
473757784
877550562614575105
2176202642
606985640
1033771608077492226
1139797339483172865
14884234
1182245687041372162
123559284
1183984136291344384
1190462437406851072
174671805
543036347
1134735106726404096
125257452
1155099728
1172949312499851264
1190356596934754304
794820744605634560
1190343547741847552
1157745178721083392
344075460
64780831
1190143154588131328
1188734586987208705
10807622
124576370
312693717
135405494
62753737
500603862
2211430015
2692238328
226191011
1134486184518795264
2284928100
235645835
2259423918
943667538503745536
1367062286
2246448821
2496623371
19728309
1189898843640487938
74468128
1107103030372007936
1123603187095621632
229495819
95868468
869378691150880769
2176628204
1161729656162279424
1174948662490750976
968976915133550592
179843966
1092073005432225793
386850580
153105957
1189742469258178561
815643687774515200
16825992
1044593665744801794
2534651483
1106731658508677120
1185912727069310977
1126593953447411712
1188872892014059520
3049457360
126957774
1151183015332188161
1189521824813584384
705907456023527424
299714481
711056726817153024
803296070394515461
1103357270119854086
371443177
433267563
3260533933
60282932
707250050917933056
721731275912912898
736029762
109288014
390817810
1169893879
132537119
719854663122755585
3181827737
4276675173
206991563
1251937572
1416258084
127163080
1189059776639987712
120273363
1183458917881405441
19099334
1127153939089055744
43207569
19933191
25125667
2449771821
16624840
77722513
1722506370
3537691458
1188742777699471361
1188836211307118592
1188010590784118785
141944084
920667576660873222
1172846539263434752
1188768011227930624
1177551219612639232
34581759
1188627535124410368
1153604370019180544
1739395051
238643940
995925660
1089690453434261505
735466026549252096
1092324716008726529
141844146
1075821725936439296
1036545223155798017
747217344
1395582992
2190306264
955329295441784832
38203635
15820962
761565225225191425
950456996330811392
956407790708326400
779410676276195328
1639102376
1179109129622822915
774504630193709057
160285834
148659019
1183206753753862144
4881252225
3958673654
260038618
924859912194203649
26797501
1188067074125336578
3235140284
214060916
1159285952306528256
95141144
1110593035
12109242
3258661363
73925913
897463577660895232
129355736
1181762798868664322
1333229174
280958115
576139405
341306648
1129015011341299712
31671660
805162287522783234
787131036127735808
2459186612
1147801552968671232
947786277000134657
3250113804
1181590423225212929
1179738557369536512
1140545417551200256
1187083400827588611
349294203
230369611
914464112129773568
1166647651451985921
1185919826411212806
1149708718776430592
62094518
1061118888157560839
39697440
437043403
14077091
1080139909342613504
364475658
2180320802
1182208681397501952
83723667
539313695
1133832127991209984
45086221
1156847604593905664
21562321
572466761
975882576366727168
1186983216995033088
1175791331001585665
297966458
19871343
215677631
1186752687838285824
1186695692162621441
906027236372791296
3187121854
1186553840549552128
30512276
2354487938
1065242657239240704
835160901040812032
3071666881
877618549006716928
1170378103589408770
19922552
713339730
2281628490
114716948
3310158207
392599232
1183090887594774533
703324855790395392
893533962525528065
3044588405
478503422
1186317253316239361
1024375645063798784
59186573
906120838512087040
448977042
270969232
3522467113
735398668841279488
565693869
192342322
1157149007514198018
1185951429036367873
4199058979
1035516642409631745
1185146228750897152
2430718219
115674359
726447494599569408
1043203128647016448
1083833668848795649
284546953
3121412302
594282846
2978592599
248997761
2813394191
1183551242410192896
1184755056207220737
266844122
1181842782769602560
1361145871
1179221905888313344
329986861
66122653
6726892
111038275
1185286721166041088
1185280245420740610
1183963656788135936
906589670
915274380
954003044978507776
9388362
155747671
1184915690949472256
913296735065210881
169137675
21098886
19057110
1588124942
57506125
833310890434973696
82725305
1111906541702180864
1511041561
366822986
1175311750436020224
780340953982836736
260034433
1184762832207745024
1151026439384436736
57099872
185306208
1074598905181028352
3590931
1184655452484722689
19696529
2864582431
1123125354
507283219
868152506781663233
60779502
1033602331290554368
211221172
1196117148
14922740
30084494
1184425687723237382
883625307369910272
779112927609679872
3406853507
126708654
1012571608379113473
1126361280711942144
4886907455
284482203
947160147889045505
1184236194630176768
1167115988401180672
75749872
768456027557756928
877476315837980674
1184178618106290177
882998987661488129
182744327
117946080
932669657278009347
905099614134706177
1151458898697736197
2460285022
1032424110
3040273304
2766345965
20787226
1179046187116183552
40069948
1183989628258242561
1064523849780342784
460956964
312610445
243296017
1148293938739994624
789412224
292977724
904958177602674688
1183032128797204480
2265745836
1183092880828764161
103241138
3390821199
1182673785792667650
896960263
2762299024
1182455707498700800
394683459
1147032436850724865
1137491643509198848
265881573
872540418281549829
3882705081
274188259
21580394
15834901
4848855262
913863711814819841
194179908
250974643
10029982
1143489461772333056
95724591
213022195
1180843139776385030
19573817
1182791618895765504
2827498896
1136269029046439937
898699140
1182723350201798657
1175089695275048961
342925984
2949289869
469863960
1182594212597944320
1182545404191227904
298241220
1172462713450237957
63756488
1196636162
975780584101437440
527154643
1182307238511136768
1173820463597768704
4566264073
768843448405417984
1179970149299830784
2727003690
1392066283
165070430
1181828869277589505
905628506855542784
1322873934
1094003193896468480
359721633
17448099
159823595
167262966
2786326718
470394554
3047852297
1181718681904193538
400531081
29288600
299054176
3381067473
982294013142122496
1179547571309760512
1166430941356707840
1004123819018158080
258851864
549032482
1179274281416441856
829667344586854400
631308923
1181252919485779969
1115264140967280646
1356604796
879589112772124672
57012965
466650345
68048159
4278668307
2589002162
783144373231947776
1388125052
2709153746
88630069
1174878007007137793
1180613291896238080
127921361
90901993
712211326437687296
1178473242107039745
20164467
64234082
4738075515
1180881703990169600
4111242199
1079249183478108160
1098527841791238144
767682349
150995678
239207519
1176651229990215680
3068451265
841148971
1180572187885031425
1470952009
1180513188326064129
1180495855263969281
800317692276183041
917335386032103424
1171670967493566464
56746526
1180454694767988736
10340432
1156665806010425345
319049562
17861962
250755539
86964627
112980276
1180279584316674048
1178333657322393606
124854170
828297149322403840
1240601336
1152444068
947593709478084608
235395932
1158793380945702913
923604178198581251
870540495465758720
1137735789083709440
1096080577210531846
2188749309
244046598
553583911
889993130937864194
296394966
125407919
172060306
866472190484422656
17878976
1119962046890684418
438599458
229501638
1125055991656079363
948414643
981179119533568006
777422291915329537
2339823241
733318020001607681
800521233179607041
785083944
55500690
1117842355040604160
186441738
1087752626689720320
206407822
993521653479981056
1120324551206895619
585737308
1156835698101628929
2832821938
18034068
3134221880
20015389
1169754247170318339
738349790623305729
297093982
16183952
1101011752727310337
15177919
705432102246948864
99143094
1176091116510306304
1161597233772539904
19906369
157376427
1178740746440101888
1178756212743122944
399346463
192568764
1178692991826976770
4132991294
70721084
3402561573
1037996126711021568
1360020133
1178520352995065856
2998387004
2955223318
442267412
68002708
948668510498054144
3517969887
1164236552563675137
817872673359405056
1134512866776666113
274277265
1093569759306752006
1160490059986063366
314494161
1093009032657469441
869150058
1166340765015953408
1221064064
79026493
2512026445
276590201
2849972597
1169623378161856512
2472870662
1177877424975032321
541173954
1151195820324085760
1010590194267910144
1177686819435089921
1166445859191558144
35711263
2192843545
2731590295
1011283570185383936
1177543220470996992
79884463
1094435236824240132
1137701058657079296
2703553044
324542687
169503761
96522365
4603260133
3347236187
1174465057566146561
193176136
800710
44953311
2989261525
299290246
1177248944872726529
922136935702974464
18871098
295134268
2464601793
1110032942946877440
1158289322954625024
861836567828205570
1079039808515788802
860750294
986627213314342913
2251390081
978105308592549890
312455973
755066850048811008
22701266
1172041463221358593
1134239592889094146
70255225
334271499
72999222
174629489
1176928565432127488
210479383
787451516
53167184
14934296
14457842
203031435
112348301
1135690654934274048
426334999
1174770628811010048
1132207150887948290
57347099
267041957
1168897951172718592
1176809697174872069
1202167356
1157729011738566656
4829411
360139363
1029635863708356608
1176527312449409025
3440383275
1176109274696732672
239245512
101255739
49258281
1123875020390924288
450453040
1173922214292283392
839718747237580801
87105735
39654975
97048044
2788007712
177610044
1032660628350099461
20352783
341606047
160512281
20671445
2934803655
554891066
961995348158943232
1063468687196327936
88389067
1124188021211877376
13990042
97007936
827082708690026496
701859789844959232
2294937255
2470377915
949446137894834176
1432629187
1173574004164235264
820193
463133812
2459631536
1054344708426817536
1009924392
574517881
18086208
791266260814147585
267549624
15200289
13104332
583132793
253661221
1144474407307374593
70667033
107702686
300835595
893137422309109764
1078612820009328642
543723251
3417096123
1124666890700435457
57829363
87262984
1080156595567218688
9118752
160807430
707336635
1125600893381087233
1176327831137263616
182891094
2270921329
75673886
17218942
490453885
280978169
1082679150744264704
30111950
17451942
1049395000310677506
816441694912737283
888632959334567936
967744128
443872109
1176167217366540294
1000361873248792576
1153870713524146176
1101744732974256128
1043365820980555777
729843636
51484964
467116849
18371630
3570483136
62418804
1175945763127549957
826732922
1174741615677726722
36337596
1079071749625372677
939652040061366272
875647633691361281
901961756892790784
923779047795990528
718168200593190912
1173903950942097408
85103918
250992714
1078866882671902720
1471073065
1056255946232659970
406340130
4247290881
738496998668636160
487832577
3140361912
548353856
781852855695212544
1153443421069217792
1167558756806250496
601050420
94626083
1175353585795817473
53982027
1152155970
622532366
3225415627
1175241428164677632
936699006440353795
389780807
77204850
2241477403
2540517990
16839214
3838896132
749827839596331008
92897858
130020582
1571971801
1165886926123143168
1142047961779724288
1174999282606387203
1174980626081935361
1121462194410074114
408982907
294642373
1161617927235203072
72469354
1057120818482765824
16546329
992394527762599937
61627292
1113153317608321024
1174702148820643840
528351877
2151274322
266000489
859744889080135680
637123993
435798069
254031400
357860608
817485923676024832
388164362
10905212
1174630734260314112
936164358937124864
3002917303
1112596245640441856
1167084259925872640
101652181
174333015
185700149
1269959335
1174418582001848320
559900157
2508283700
1003722679906721792
1104579439407583232
437786695
227584835
1150478174
63202204
72632134
339412921
1411293338
14149792
3947904748
74475256
4225498152
19877501
316705313
1646026416
475702480
50969165
1167519908915286016
1059017227381309440
21979411
115012617
452400680
2389256443
218828986
1174040873526595584
18921115
1091118488071139328
236945329
1179237097
1170514183416365057
1065785622642728962
2829823318
704263238175821824
563490683
2966091796
21040342
1159136333094432768
1032892723173486592
1114953228599402497
17392432
419417714
1613544456
1043486221668962305
2280762637
1011607133912272896
324437156
27215694
339561742
84381692
538268077
451618864
1114100401
1031648172718927874
376126254
170793195
573524195
932856548728156161
3301698615
819067206923231232
15043544
14699109
3009189564
75099882
1168960381206896640
1131791073611620353
110308643
1062918913699266560
4853410007
1160292664513716229
16122608
1147335244988788737
1069613399301079041
1103635134006333440
420423153
756044
1163496966141206528
766931097657696256
36372378
2831922642
1173514417285345286
216608803
1073929884236439552
119731634
1507350474
42399737
36145992
333645966
1173346592100880386
1125373989419798531
53931730
1641920544
1169698025301774346
44823462
1143906763693023232
3130610603
3027198214
189825900
240792280
1042212090100867072
2854187023
87451740
1135164324710944769
1090089361
605665554
405677642
723580502184202241
1164521308622749696
965812575475675136
2596220966
2899626200
801536297378709504
1169589000220200960
18520433
352550539
1172422252647739393
200954770
411849504
4788150201
950219877536563200
1172265600363761664
1095337136188907520
888199343701991424
29145623
189837689
580361043
171946784
1171791156541382656
807076519440879616
2361590658
963502608077017088
804704646
1172048061683642368
390610140
926443012804218880
273304942
439115045
700577125175156736
364864980
27961720
71188082
270957865
18499624
35261603
835811354162364416
54177862
869054427079913473
1389936757
49322605
188706046
1108349515692683264
437729162
57666569
14381590
137432961
40692878
753240013173825536
1151670080725536768
25144898
11091402
969183334730526720
263805197
15341141
767885983
806194117076283393
1161635468489850880
1171467585449320448
1171178284417257478
1153001364437569536
144261758
833683007613526016
1135841884008411136
187562054
29533309
1167807452651245568
1168150732547088384
1171326099084595201
816135680933896192
1162442557323767808
1167974562102992896
1049675607603208192
1125114209178505216
1089574948757229570
18208378
765550038449807360
1170652660799692800
17828101
127571735
994919399877431297
27948229
1167888599611785216
1166308160895967232
2959976114
2950688358
17614783
975164445306454016
1114535439669575680
152125548
427488317
417419033
2682120427
320924688
1154318524275281920
1005676486844485632
338157341
1170581077498290177
66625079
1103305055376236544
2573341367
752864731065712640
791602529402556418
976631460424597504
1168961683882201094
831729768043253762
729454934031216640
384911903
1137549988244779009
152106871
12062852
721763082486358016
826417708073775105
327297979
999870092270800896
1077160129643069440
338499858
1165618481208811520
61939551
1091376513339908096
541212006
33270339
1169637578959572992
1001546089437200384
1046791914882846721
71156211
65428069
1169579804502282240
1323889418
1138406887240736768
890871196534935553
1166428568387313664
1169459032064741376
1142132052101357569
887643459837861888
1093299312
467091790
19629681
105637310
1163666595782115329
1124606101872365568
129798264
888561790061117440
918674797357293568
634978294
948892674660036609
1166516628441501696
122244622
743103989986689024
705493883975766016
1168803693430394880
796311214741602304
1136577022598275072
11857432
949256831616147456
87342910
174800107
273604118
2587660236
3381492683
294502329
1085364750467416065
882757857539743746
43846334
1705579177
1882643527
150742574
1162890013
278449586
1168175718435414018
17651540
1152690672069152770
1164673475438624768
1168098074046214145
1126098720217370626
982516390547488768
1513915610
936734086130950144
34276508
75036848
104805870
315064646
346922790
1136745608390356992
16092751
893589236674441216
1167756407325822976
1029380752809570305
983917611149938688
913608867782823936
862154145175916545
1014200968739602432
4053732568
55957641
753737592802344961
2272738790
386657488
1167070701712527360
4691487733
3312334914
590230472
1162774631201198080
1086302855840088064
1160912048185851905
1167308584993968129
21344155
109558539
1064935789950320641
916272144350371840
183571017
825834191304663040
254786566
603894350
1146043097115181058
23053163
1045735135956619264
294735917
1086147148662562816
2437499880
3952123887
339608241
1140582417205473281
474583620
166613508
29373198
235793975
357556511
433794180
1140827076791898112
1033301520
1001305814978641921
1166690038463258624
1166683171641016322
759959467706478592
1166680358890328064
845803657656520704
982670474940383234
917692778116800514
2290791320
1164727492541853696
3131649375
434454827
837587008797159424
172209845
4217777433
71318202
1140928569872273408
24018483
237401623
1046427923820032000
2542539092
144535772
898242462027845632
1863480710
1133408474446958592
58102966
3235670648
1014981032041254912
1159506010693705729
1163245457700794373
829912891075682304
40236859
1118780720330100736
937867912458600448
1486810788
441449260
730392248467087360
574953865
1165929948055363584
1151458070704336896
1643592458
308825556
3353150890
3343379453
61328601
363080187
138728642
53679137
1165708748746371072
8229532
27665616
89962997
1165653645670719488
2331434526
3071610933
106915247
1096120622478876672
2770275786
713748838675308544
309442077
1158898607791255553
1150292400968888320
1453801910
1014851201291075584
1163803870411149313
1147674353397428224
1138135801596743680
216316611
249479417
546031377
2421798164
972730500581416961
2956275850
397064736
1144670199922249739
264257109
2425780903
179579087
792541664
469684054
705190772774150145
2424622578
47937907
194790115
1115142434307092481
588937225
1606126806
812232868332126208
426371399
18562134
17054793
277797489
3361290465
1247293874
1126525622438846465
1114473938
1150468717572177920
1163800528448626688
1131575873382096899
868706086722785280
2991572598
1164324229124411393
1161170726445076480
397476922
95780686
1239759325
14291876
937404838219890688
15916996
1118975798873079808
13219352
234093162
930111931
3129065232
815291644102713344
37011445
148091013
1170110610
193151319
915978936474992642
43005939
19544947
939575953017020416
901804222261420032
171776002
1162026246303182849
936543568818253824
1161051151070105600
111558783
2636187757
810594248
1108097150188249088
38691526
28902066
843320296706781184
1703968140
767194587739918336
900059950910771202
1001291883924996096
1551539822
73221797
866294670795481088
836185604908019712
1163293097167654912
1163395617986531328
897016500074053632
1140956970880577536
1162646023925391360
459523368
2246235157
853600332
328575122
1163201796858400768
1163178196650450945
1156819521199640576
28838683
1149374891495493632
2411238810
1091660723011219456
1162324321513160704
1156924625823182855
146516985
145429724
770510121650782208
71762380
883648899306729473
1120794508197814274
4049039237
21883680
2866519320
42361256
2802142994
896962937398542338
1162500353818054662
83193019
1160183124489318400
1087288297934577664
2442874590
21566759
1162701767689297921
806433
1095257570690899968
1136048694074195969
1158219217386246144
154909760
1017707035100528640
717852690
89103432
20862383
241938055
28459028
1328656632
1161898102850297857
4796760562
1089500742866456576
16255937
2233897861
717324203137961984
1139253474665926657
116845542
982282974636007424
18011997
1586743842
963895842699653120
39369157
378056198
854502318
741487052236021761
94271676
1151270449810149377
1161875209525186561
95578649
75720072
232123429
1418228492
936953149213917184
822924499939131392
2982881927
1919348192
18965904
1159846466028003328
41342715
159373919
343719206
1158366681133023233
1125084807837433862
26810059
108940539
95834406
2603443272
109405546
17391241
1493450012
39767915
1126971675537313792
82820752
1094867723492954113
94938145
51911272
31453822
1160907513639948290
576805689
6238762
83285960
980361642990071809
1160857073619521536
977626671065989121
549236829
157417423
1115617336172535808
2311012657
323677728
483818032
971440213
1429147669
168099550
44579743
1048914543965945857
1160444130545295361
954805001443999744
104838573
256690778
1006543558072061952
907743245471535104
1420550490
234967322
1160077585218334720
242475653
1096777341668192256
270592954
1098899558434856960
192338798
1077559566915776513
887356705
3046113765
1000660376
2903864654
763929404
918177189182492672
979447789368246273
169700391
1160119210812428288
61952177
29572908
831578662042480640
2576405732
1160025408236150784
57771100
175733402
3428851780
1068147428082237440
2737784748
922214636346322950
15004319
818415848
15991438
715244770214301697
1001954783174037504
1740333349
160264163
830132141040234496
1059624475040210944
157552813
598661634
1546883264
1037836566427848704
2169601498
105518468
1049955077174243328
2611390430
586160596
77500008
74106019
1159384288443404288
1157947517503336448
244324773
2484282326
2480254398
829759891195691008
2752299473
115041316
14013152
631518250
716596628119916544
1134663875104845825
3194689825
233576461
226944913
31029100
1063458085
3053952667
1085414917061128192
150110674
465879001
91739782
2318328672
1158878083690090497
3236584947
1158297856027086848
92499451
1158781386242711553
390743397
3060817009
987107898
1156423486740418560
1002923023291203589
1966783188
2455128744
41828944
1155358909814599680
1129334725657677826
633076906
1156182880000733184
197851608
91541736
264993986
1378707230
1157925338459983877
152670688
1152341147294949376
802028002213240832
2611418892
2508199969
1090116002799509505
805885165406920704
1158225552949383168
2576830568
15921998
54199340
1075328752148774913
2171288355
970725716324225024
52724436
4037750960
1098106394429911040
1157609506794196992
17266476
60225665
1157265496145707008
96117212
2391080408
44587393
1123028996994883585
1143239535180099584
1157750886296358913
1157718145718730752
85867040
113034556
1156273856815833088
1151737468808572929
79441830
321888473
856808764707569665
28124714
120023996
4468531583
379396091
786913661562425344
17350096
108019244
148085198
882059791001993217
110995991
1157337647276146693
1156635794867490816
892618315159543808
4097731576
182844002
1157252427256492034
3950972893
223527062
2260406046
416147677
891266209
1068182113529131008
294763866
978467304030732288
4061387367
333095579
1123519304438304768
1156960821190307840
4545299309
16037026
37602200
777032536492867584
206168726
1156859372619862016
2860592577
1156185994858762240
1049448383927255040
1735230727
226510741
858809357106020353
166276333
1131812683404271616
1153200444828782592
86398495
1105461572649005056
489255527
43375532
861130580947124228
335038317
2451654342
249288315
358314416
1130302953787658242
1027463578297741312
58725462
831206233830989824
1149231423234199552
903904859048607745
465610437
703654403325034496
150531305
1058287447161929729
977145110763683840
918152232499142656
367071477
474262342
846336655778811904
723822372340400128
2352171174
392676447
1155848844648673283
64710434
4191705612
1027800958430900224
742686310666805249
1131973664
929759956257132545
401936167
3108002552
2284769502
181486610
2851980189
2819599925
1141920244165947393
1155066876172443648
16644445
2588323711
83368207
1150834027139674118
1043482242922819584
795465711053340673
1142196961883369472
20860336
275661553
719335495981879298
1393685912
55902880
2745047540
1146074084305965058
760327759122034688
1155159147069022208
1155159779846717440
245862346
1154870572276490241
197272961
1131911967390617602
2918160971
230706747
952878630803193856
16346148
1154604353954766849
16621682
1149259182094241792
2974857281
1021918400946360321
1608746652
990641360
1133013607472459778
1016774028760141825
1114419399698669568
1110452086724943873
2558455638
1148174131436896256
709331725667663872
1151374713580609536
1147790613506486272
1150981872178126856
1154509502646931457
4515526455
486521723
302086868
56713808
906944782576087042
39422260
773286373704990720
3884508089
271902493
126670310
983730479550607360
855722911
22333693
1053038396
844963842094485506
907258992761688064
416128875
201135497
857461073166835712
127255934
892256809
168721448
18748250
123995032
124086989
196083970
338756584
80524327
19601454
1115252931832500224
831231647420911620
16325098
1153709994484883457
607880889
1149716200089432064
392571051
1153872222034882560
1153664845767725056
35984928
2696503953
327937636
1070583890887102465
1029540141067657217
98558357
274631003
1100583942053347328
14324685
268381487
1142168347561230336
18140090
402625814
50232217
980477217766629376
131689510
448835039
22687770
3392719960
1143045319266988032
2221823772
14623660
263818950
703481138
125480178
90108884
40898793
84003856
388762635
29144770
886609387334381568
892051511148244993
396219996
1153498950973849600
1137073958342127617
860204859592654848
217060306
165197938
4654885153
1088117526784077826
1199346776
4915100442
385493059
1153276922253606914
293500723
472146253
15976609
82679467
229114636
1125319713934983168
280991994
1346908202
2384731020
1130000677932081153
1111319512354357249
90845584
282222360
1022578172192333824
968809969
1147817585464901632
3299741336
1140917180126523392
975103417457651712
2417904448
90520626
851145778202632196
1152859083742969857
928599511244726275
4474476201
1414939062
81270650
33055078
2920565144
869190650192949248
1151188584491298816
276295904
107456636
390646454
9229772
920359112939991040
518465480
927904059222319104
3159897049
1152333796320206849
1138226337272008704
2663892210
36030234
3079405973
1104605414723735553
884960478799183874
113448625
877914957987409921
353130887
1152013693049344000
36527580
2784892821
3359285800
4201441102
1151842668982546433
487713649
135343674
2708199492
771726050653040640
1085456975364673536
327966178
403719682
898421709291769856
2336783030
954396456496107521
774599140445683714
24757960
3282650864
94205766
91050931
14805814
782838761512067072
3241502880
1142001649243840512
1141056236739158016
1151812259057819648
3268379052
2921168959
1150854325754880001
1151707032128385024
3187968551
986994131162591232
1150139372106158080
900688394669502464
867739766359560193
808712000658411520
410179386
169637362
4095329115
254703778
3206865126
14852395
886191510
1149236697332215809
1149951992892018693
1933822314
59550463
700426201400213505
54375255
1125526482581905410
53675903
478814917
169916986
912746855318085632
885195628745306119
2833130113
2561825666
1055545723150839810
154132825
50922706
104395071
632073066
1151012685019926528
276028820
23326396
64808500
1935186102
562324856
1150837913686564865
51745016
842040751890567170
2826686924
1149877220959281152
3851809048
174798915
133356094
1111542825630556162
82683158
1150803409773182977
319157425
554643006
2338699220
997864872883843072
1094119039
1150120414808432640
874209597908799488
22288817
50459977
1150501570678800384
1078827722422521864
1115262419914379264
1321552556
54967301
95430965
203777870
1033100790808961024
1094288162883543040
757726286
1040274256980922369
15808451
876676220053848065
15423298
940691733695909894
3243691156
923937709059481600
22374131
2944996071
853611309589331969
1146686094739673088
64703109
107274857
30816631
269045394
3292383627
1097362550
305134987
722183294
1049787181919817728
101791413
185844456
2645796354
1047853182800420864
40678168
2255997237
1149705213944750080
94611975
1149605744217473027
1149752527895666688
112509786
731093282
1149718335069859842
2168889503
1339354699
860805654
844606587645911040
593954539
930016369
5546632
108628319
827049114714112000
1107915425139093505
1015159149796184064
1137370169741701121
1689258860
1146674839270363136
807298480242851841
3300449099
822531358111203328
613228519
4840431592
17222190
1148741762288164869
1130567059568517121
232218634
899135519417917440
4844938212
1091319126507880448
457968453
821947636538363904
769218463416012800
198069218
827561801730629632
1102011927507681285
819482144590458881
15887774
928656264
21289619
497137356
928734958646190081
356528893
14925268
843677734710603778
42671737
899709887667724288
828272748
336413408
1144340411487535109
204673791
3590043220
766183675
1141685934523654144
890448754511409153
1635993300
1148812813353140226
1147938717476249601
13683212
980545606899904512
760631747461591040
707697849
343424263
3838208773
1137709822609186818
80072144
2862586636
97485494
75085132
39433369
16679579
2951243955
4534401
837504112530903041
3437869439
124408295
711801299034087424
245597520
1126040517735849984
335795794
1089218563766996992
2496041376
70482852
1148603207104520192
302521203
1028261912260182016
2306406294
9651432
478852845
48395017
14283867
1263933494
1445547566
444790565
433122924
818511859947044864
474169971
1053271719526436864
578675069
902084846012424192
989502700487397378
708500764608622592
1147481883980324865
135620700
150375581
1324423146
15939907
70263490
589918979
98990470
1141020822133284864
7092932
2148171901
3310725962
245354172
1135485525341614080
1147752530090192896
931943078
1124852543505330177
1147604128731934721
707213757693485056
14107259
4884493829
2389272980
755821012999086080
807080778
1078145324928065536
2460055910
1147433713480814592
504641148
47602809
1564780440
1138311577856237568
1138099457143320576
1030326615136325632
218015676
100864933
18795689
1979078797
1147181828001812480
2992191615
1090699985614708736
196216520
1141965834199404545
754692729343447040
878916161194397696
3010149582
1122730990097575936
869874891750768641
111938996
17316912
145009761
89451406
3720618313
967758938
1098654514939342849
57695508
984773308670455809
1135980336943325185
18658464
233727793
21783076
1146369957695021061
808320051606593536
864394429108555776
876431890382704640
2928193028
903221118831661058
51758130
261510011
1140848586982383616
504232489
1009714283104686080
790410761575264256
1034101387943137281
196932438
219764011
1145791926995738624
2294561802
1105933964378812416
725445214404526080
239730803
742045728
1698178614
12387402
272333579
563648073
160115093
711491416829071360
877561297499373568
899273654034251777
861284342210875392
1518331152
294408837
363844604
1145429093028175874
809498113371176960
863652342
4504596501
617040109
943435303909515264
269965842
461111716
264233126
79045863
20125587
1142423410439536641
1136359439164989441
163420088
1144330074465980416
629503950
766289450
148245159
565873778
932696336
2325926473
1143527008124755968
980069840462397441
51072941
306351869
861043057818554369
2393582377
419951447
3459114316
287390077
41607606
1058556730110558210
899712646852816897
21106016
1144212138069831681
697813822413934592
4363510639
1086285630475329536
760121911
1087630262245167106
837248444238422016
414943592
14243353
60628358
78743348
53896810
1111121514970206208
2800124574
29541545
1081636221980311552
1127204770987462656
1143768946870329344
797804010
1141642113613885440
134646580
1105151981063069697
2160923287
724985192406876160
3433592265
1120836295767363585
1143505073106034688
1108461717800009728
602259795
2372510162
759385489
852444842999160832
771652252918386688
4830796004
909410381134684166
1114903082
862413532331204610
396844710
1578398226
22347477
14139780
702960073346187264
3364193050
4849387463
118096911
217677768
1108260061485416448
867626656365559808
281716813
1129163963344801793
949120604027764736
235321021
137296488
824387627692519424
2432763982
1469400384
1040208110948761600
3986708068
1028197602011926529
1608817513
3097570726
211526471
1142444199691919360
821510449
809607228575485952
262811866
277799337
1054076217811447808
1347949675
1963403312
1142500853926043651
3901287573
866582106629173248
1027915055193501696
153583612
3001930739
142113604
17057728
382489438
137108873
1062765084139773953
262686951
2475760944
1139313163382468610
890575850919403520
1125115265057021954
25310867
2848930554
794247825454284800
2351242159
1138904610888921088
1141607261522894848
1141503600260046848
1106337424521814016
132445344
959818848
289992470
934771992175267840
1124382048007778304
1140913940005871616
979881440618909698
194134711
1066125791229091841
1141005368614629377
68691647
740510198356410368
1019621164417609728
1133382331824332802
2365875473
775707273670909952
2977080281
819945424438038529
1916607913
134875834
1133113795235209220
794589317003939841
1106308170819997699
1086827775829266438
57420079
4310239829
767770962
1048938813664374784
37667306
1138578018937507840
1664466164
2190956380
1140962894663712768
1141080144951545859
1055614100
976891962342207488
1048258778
3300243496
77399848
1141016793168764928
30194637
1650900385
1051223938662060032
167359604
826798506497044481
278884622
3013421113
1123672932901953536
14873056
994180267148427264
879112791784914945
1136926397572755457
826746770059300864
142213595
144841025
1140753391028543488
54786007
143061032
896172930
211932761
33132741
20595350
1645366734
992609726042173440
1711103448
581845586
19908771
1105445306764873729
52656727
606101485
4916735170
1071784413242028032
1131036624991576064
58777009
1116745500290580480
861716281
1140493472262250496
176862972
759985753724104704
4011068121
1140174491424833537
2794432700
956994756348923905
395643867
247672710
994664607276064769
1017783803710930944
2270165653
50149958
1866633619
35289591
60407429
2452979119
1135682475311501312
350559025
941586044276707328
479141910
766595515
227857450
1139926605156016129
2789208758
1583397258
1078580527307866112
425145096
141920215
155762846
1105149030185820161
786365647840161792
2754050672
1134057843408101379
815564476363608064
212996092
915939912062443521
461390409
362019374
142855423
771174211
767194683009228801
394775110
1132672632212656128
401257862
25133943
15302614
214590810
1425209726
109202629
3672049818
253755970
1055936583398940672
431117497
825821575966576641
2491406376
14755224
1134726294531452928
850795185118339072
3131196262
2146491
4883958384
798070835315703808
2553820717
1067737016534777856
1139060652759142400
811288919492988928
2446632416
32198138
27092180
23320526
1138872123341070337
1100760889
157037877
14387478
2273236890
57105243
1186202563
861061257163530244
844800314238615553
809546139938783233
799618671718973440
275580099
705806975146323969
24847248
213684832
296188528
2887521634
1597758704
497979020
790761897989505025
752471503107715072
1970482206
838038342218436609
1087705982694756354
1109789099387432961
39537644
3422562612
1018837140933836800
1126930819854020608
25602759
115313985
957802316748308480
1028804941362618369
1205127242
1389088645
1123882036115255296
958768016082206720
1078935197771546627
1119472613959426048
25804011
98902253
1102108001186562048
2586761329
2956694909
81871920
238004390
776325169199534080
1137265140041101317
54621849
1137646964882006016
4717242635
768988291878256640
65607306
1106664358732619781
301432041
932678086516137989
2652408576
593395984
32349956
121513461
1131092624943640577
113023166
903265520291639298
1120454163945725953
2352187868
37561473
22213849
100181922
78173071
306695519
576836363
1137029815469395974
1136770708984385536
1363505490
613445349
4329079034
131443050
1136874414102855682
303195644
3284692592
5784202
997547819752927232
706498239810277376
1117919399380496384
1129946620035047424
601409261
1104163775274536960
24896787
981647701942198274
955309958395936768
1136511419979976704
2886790563
281090889
21805241
1136516923607457792
107001166
1130684275970457600
877972406261952512
48635932
857603176991604736
1136431033950322688
2208895921
2566941744
4185642317
447803062
16271957
463144111
1136318338215436288
3001522449
14133927
4819416009
1011250988693573632
1133337944012599296
842319749497393152
960769412
63995991
1136160113964675072
3261023548
944406768
809657854495956992
1136073456259256321
27458805
905106435511508992
1135925552509067265
1080182505288790016
151704603
467703710
4064633955
1003651032277233664
3255791280
1135921034287296512
15474367
149653743
2921058585
724819483395809280
606001991
3300554809
260258983
2246142428
3231286243
814335391
236973185
739775620213833728
255973657
3257438064
1135574271671975936
3461758156
1118884564347367424
2518263495
1124727590462345217
1135180545489588227
44733423
961435230
3501067394
1716185731
2580610527
270577018
1554753770
1067501654617059335
1577062020
949411958339637248
1101707752496349186
1032317066005700608
1108614465635799041
3514616176
3187138182
2389901821
769200326964576257
14763870
1075888471
45839975
538660052
1079310518450511874
66563763
1128741671208931329
1132698435856011266
26833726
701793268108025857
1122600869646696449
3390918124
2472825588
947238673359159297
1038263733250916353
466318796
72824783
182599088
1134134561208721409
1132712969580756992
81875514
1086665308973207552
75228625
157590391
3146478319
1134406671760068608
768177214760312832
29161151
836903114070437888
16190021
1097666000466567168
275202270
746918343316168710
21193881
1013777288335413248
726493844
1134157602865258497
399405032
912268290390679552
560776787
184391585
1019298831190683648
3780126854
760505125307899905
1122922724001587201
952093186641416193
82316973
3408830578
16204623
56495458
1050997376993783808
2187380160
537061679
858493449594589184
1128594878005370880
995420686758957062
95664560
42858802
16202457
1133687006234419201
72508419
302825703
1130063008867213312
110435867
721816825516830721
14373870
602594501
14681611
3647683039
1322602032
3728569283
97693607
1116089646876954625
14391938
14482753
1364129090
128505700
850140115175387140
70397544
956516061238714368
1026015911797391361
701103320379711489
927380426456424449
1130844161660211201
2847148574
1133222098590216194
2152628989
1406791478
21576705
90937923
77545498
1868321456
264521106
572499274
25508347
1088788534834745344
993875894170091523
1132323194134654977
19393266
195154981
21279354
142803838
54736409
877737600
138202516
1132758074584915969
1119630192916320262
64724802
440422891
2165210508
1067598031061745667
1089523693166899206
1292866580
1131864694497480704
14504040
872535841641345025
273908620
3103136115
858844214259359744
36372884
193856453
4629734902
123346317
53945559
1129020734033059841
167127250
2331295320
1127132942424211456
932464212
1051411299077419009
447686845
1074258452128653313
219529310
952582485287817217
900225333022134272
164636603
856562479429812226
577412825
609498544
2849059416
58814629
18080521
1128084665540251649
17148911
1034058777966854145
47816231
1073603200568180736
60364206
1720601911
1128125762790289408
393309995
397445847
149120038
952707206037819393
72919998
1131595418742284290
1356752300
972288404259004418
1046703577832525824
733621740371382275
2737891694
715498130918117376
1092695965893517312
2581958070
3220244940
1245207192
52718219
945795099459547137
836394621756403712
1125967776416317440
183343412
222514876
2955156807
1054191402295402496
270091813
1122875741803167750
878619154760204288
3015175173
1114790456364359680
1250134159
24378911
97424433
1099736978537529345
147051739
2971585923
1025042377952686080
25260333
555592146
2272485895
151279330
2483181272
253548037
1131120142887333889
113019315
1025464746898862081
98453754
5953942
960205809538879488
86961955
1482687912
27111434
1002288701634961408
702214495
1108443002299514880
730238363635167232
2919101075
56175671
3978083416
539099033
1085083054824144897
16530980
55447393
94210313
18168795
1130842342414532608
1130811916518084609
2398921087
289990244
228614695
409169850
259793023
707517871820312577
10084322
2457038108
614512551
4266207803
899797347965612032
1130692595418402817
326856719
613897252
437676273
918024415014666240
2567100260
757975043368448000
53837708
521609404
225486079
955282737715470337
185490990
542627785
975069149289373697
1005903180956348422
706707715641323520
493688795
777672629801005056
2932468762
372872991
1819425558
553472605
2573771422
45562805
310657014
92581435
4314800331
931961006821138432
2582331717
627955314
2555497837
887058457
1066683966311165952
523950679
1058429063843459072
1082231659804704768
19300959
1112183894202175488
933895178611388416
578808586
1530005155
4652165361
1130003758824378368
1128297439381925889
51708963
44545948
28441850
168830885
59529399
3067191
1380206767
1129795116619591680
1552804848
3231554425
238586204
16031559
902558637050167296
1410166962
299743829
16010928
3286824392
1115516384421797888
34099699
39523734
781799760
1118414774390255617
319255111
1011608965
1018106855296401408
1701583771
3598945875
241205147
894589927450529792
877170471736922112
39714938
884870532415578112
4860513959
948238298698473474
465446522
1932688844
85488328
19010021
1091933019261280257
3150072674
973193424844283904
29434670
874165334
109311793
928598035982143488
1124556411910803456
971709184751255553
3131035707
18944263
50815536
1052337130452578304
55495585
959127998409699328
100750744
1375525664
1128671905496670208
16470891
875015991356514307
1168525428
95387967
889202185833254916
886409699578355712
51998198
1048593561833431040
2511461335
887743869571416064
859836667208900617
969081705104424961
2383326487
1693270266
964394945577537537
1126324786320293889
513464246
1125262352067117056
412375482
1086578525031878656
952835448
864405681180377088
89514210
3306805529
1001804036797091840
827541891440836610
836169792721727492
270509961
1047081723555713024
1055262776623427584
816986173
969499366015643649
984745226899107841
141997038
745232030896619520
226547365
122546736
907515718626930688
48403737
1092985801854672896
165070690
1099996484542566400
298551779
1020233848011943936
1124182883348779008
29944969
880261
2428666447
179674572
2921484538
139434882
1089795647396560897
1123454090959302656
1205966810
233903944
184514548
843644610303815681
62375311
2785992338
486790246
386997689
3049761666
703585400757964800
47418003
114963167
10678922
3859673713
1063765313555243009
758074952566370304
16634996
14240637
871726303942070273
1119762715583496192
458410253
290173648
602858348
1152053642
2976997799
165346357
23109194
1127095719733501952
37654508
152583370
1126809625586585600
19357600
128460742
771063817472249856
81847246
761036047643873280
930038097831759873
976926432726306816
17297285
111412428
57640743
1126899016640487426
974807602675658752
2256764385
901004525586096128
247820483
1126854067743891456
162229729
1126839784226291712
410022461
552883086
3199036768
3185009762
3332020360
583956590
121107016
78958548
1126634237799555072
170253438
153692535
746630907767959553
81124219
62579669
931321825
1126394870640197632
1036419008516509697
45530152
1125499802966482944
767877405172269056
115768143
464680113
21694056
139726028
1068925764622372864
138506064
2302364696
38052048
850419180289613824
148752594
1070691910593871873
382390382
51803083
1047202174403366912
708503928938360832
275969992
1120398248152371206
188375670
308768317
555361829
851347616487092224
84912555
2800189483
40833584
143055019
903991752482107392
2890142428
1072857098109603840
1176997074
214313866
959423606
1126221197543444481
82828758
22358284
1028978185592102914
483610090
1112092829088665605
44770578
904660087154802688
488908431
1126139580833394688
2328456340
18606980
55024567
938619061658726400
9839942
56853118
61245437
2904447736
17588324
211849164
993358230700154881
2435967874
1082911839535665152
14371650
818840585272496128
1100849037065052160
601050691
133018035
4468576061
1062415473495732224
731213543127822337
230007630
1562054310
45006913
38119336
1076887941136306181
374019008
2191222296
955571974876508161
1050815101
67791654
90634383
24744403
29017249
76908969
1022726313273114624
1360427288
1125850180958457856
920280132446769153
783162068891410433
237262263
58755925
1480175642
56500652
2900668241
2175652335
15656207
388265776
717229472919986176
118175807
1529738863
953160095143165953
455181230
751108397714575360
367771853
18493376
83392847
1109445047148314625
27193035
31089484
770268802802130944
997140935480770561
1124467757444210688
148751516
2961501295
46064494
2839030125
1030840522494099456
984277065028349953
34931516
3509368813
365580459
28115976
190967190
194447019
823983091706372097
2903049600
5682242
235642281
14252428
3998500096
915974386208952320
3933859036
2389232898
970740893354426368
1124519601688043522
134337044
476819512
14876098
45289336
163197614
48430134
1096401468
109348716
1125224590026797056
19815206
1125216579543871489
255321873
2846624902
36696150
1152091368
296156426
1059941081754722309
4370826192
3052930129
13632532
917449885368094727
955466785
2478297230
895114067937042432
2258454967
7854252
17401107
1340022506
917386554280239104
820230512891559936
40001734
956377316833161216
1065286899382841344
802167466755428352
3394985687
488682004
1104750012473503749
31304028
1538777497
551503079
254877161
1241688535
748884529620914176
819927704850038785
1578184194
749712464
370000142
731486559296471044
4029061
3859756221
900193691796611072
3362445262
17116114
834325659606515715
25655021
309185087
198939510
67104402
59909878
2369180983
1124274619484188673
33795665
1517562211
850970580543127552
544428346
1124098815802241024
407650086
270247418
1122164688127692800
1124057069915709440
3356476270
308501405
310952751
99566856
122970410
1123880746450661376
2169232590
19069211
48774744
303870470
1119136839678349312
63174954
964433913040064512
703816949898149888
380086194
1728274656
131750943
263413620
299508115
337365407
120665801
631110137
939758630689169409
357898836
108007527
88558676
197818341
264387642
240829876
880778980881833984
252368167
1467417266
45468552
929161531014680577
2291414551
3303413397
1116467252591648768
449217924
280803908
920660786065715200
187405718
2422754714
346704981
26333596
87143473
702557874212511749
1018212395175456768
203013684
2920562572
65003906
15696985
1687437205
1064731638142132226
51635705
285821773
1060165647760424960
490484962
1073555250
1109464654563237888
768441506516598784
3194246706
125973991
41199784
15361336
15175826
797106046196031488
1122458644317130752
714597582622711808
314155296
1118662183460716550
964276587322626049
386056514
3080488390
3232892906
231471877
1157755892
1862932988
1061329457045299200
215030197
55763678
823205561248399361
25980850
1122881787720536070
1335949333
25535703
1010626008532189184
1043786595277660161
615191572
1519976556
71625351
33684466
838139242115051520
1045471387333349377
310162551
3000987440
263855899
234178447
2517910142
888570113112264705
3302466862
15994737
3132606815
3019061695
1321769010
87604387
1306699172
839370084749475840
1122286453852180482
1037783147570782219
239875417
46876061
2610490658
1079699857256927232
3095483148
22751961
1091874160685375488
158486746
287601236
427716664
160670416
888145731382644737
3439542610
52780149
893632929871667201
39270427
17990296
2875403072
1121762459394674699
170198981
85114816
20776188
1101851708081258497
794132244520726528
83091195
2298672338
475638619
4743503480
16851643
359975276
362645389
43107377
421060334
378321225
1120161768519553026
17210192
1072365205617696769
1121030802408660994
2908517858
2443305524
1056511134956707840
1121382099968253957
171102132
1563382428
1413263744
133770952
91950768
23213840
1058846645973061632
1121085208449695745
419701109
91198572
198696591
762412585002164225
979026961770209280
2350546376
139842403
612716846
125588676
1102982759130255362
933998857070841857
790290541426511872
1333163024
996452620427497473
1120769958751940608
2914653819
43550567
27750977
41277408
1120588184109420545
24450087
300997205
3236733208
1120683392222285824
51936339
575345645
905009247976640512
84305683
294150866
2522156317
70781365
1119604897287041025
3723807553
1115796279202684928
2829850658
3453739516
928207929588805633
48143767
89161954
1031336660099887104
1120140168323686400
1942771765
2773213747
3946093763
1472021480
195269772
223456419
161274712
904343295962345473
1114492070977126401
1118721682246471680
38137771
1528860181
1119439509668515840
1118344007950663681
15122375
1112320565010792449
1118905282975944706
158544108
945378576253227008
827372760137605120
1016095062332145664
1097493916339851264
3159004248
336073188
1051566401062928384
2513001146
617823631
19915081
2939007757
1115694163444420610
1114844983490699265
155246748
3617189472
12676012
245974955
2355856250
41058194
1118999232126435328
107973571
1013813095070879749
15394296
1117337654893457408
955213544693358592
2222310620
1118771832847572992
1118960991318843392
803538998480277504
916963571086581760
935924534624088065
571328623
257594887
81974896
14477557
1041528341595975680
18702620
956476026833506304
1117466118858395648
302601695
1105731127
557553552
3254435996
945544217496920064
2334067319
2742921714
46150436
1223732394
28435897
76161751
1009463954018656257
1118554977096671237
983501954075602945
920121954
4318699223
816183253421830144
1118493428566777857
879436246539538432
1115628390571069440
3427009454
1056905453043679232
3384147863
869901250443259904
493958616
1034386126868570112
1109713646555410437
815612148089024512
1084543327515611138
189465436
1115982428617748481
994181760828223488
183409876
199315597
934609069515722753
2883246478
764080409894412288
1117948912562778113
1117982387751702528
50333471
50736978
774929641610108928
954643904
1098925550222098434
1117704202871029760
908930709439598594
2893015958
1056287313896988672
1107655087365734400
216828166
4531982057
184380386
954721345
851450963391107072
1301613943
1888921170
703940454887383041
752599481921703936
1115244066671751168
1117274665632845825
1117120711129059328
926231103295324165
3401315571
561295704
1115794703155220480
766918711982731264
2303499087
786651167656927232
927192021198028800
329479067
1038654800970375173
84360697
144577020
418012433
41731459
342049640
1016130133701296128
53123931
90018675
2966601094
1116749035766001665
3338091448
2188450340
1054783986352996352
842598618288730114
984085913339805697
4922028254
1114841568329043968
418017012
216176630
223778118
450902611
215412782
14111867
2754513151
161810101
1109056612612886529
904119503403061248
1423201093
1116123605966786560
1665628112
798282493191286784
148981347
87793491
109144931
1020495986479677440
136986041
874320460007264256
521839152
1001645054916784128
532196010
219525557
844322278900989952
132499693
777662434895138816
2199147462
817590634349469696
243763068
431994641
2572367925
1013608801373769733
2988687879
174652002
1112434442776309760
68809054
1319261928
2182301600
51000862
14293099
486206942
47507303
2392423591
1093828281625767936
1050765525649944578
949578641360355328
1056263397283524608
3318972695
9128312
3019246248
892149284501671940
2777503704
2853445801
1075338555898126336
986936023727849474
2809189596
975854653387649024
1491546072
29773223
218421185
1014434886688489472
1100653699972526080
1029151858441347072
1114184448306700288
1080772901681356800
1114254476410540033
955427972
16086099
1114212476399304704
103173524
1085590880440979456
823342916345143297
387922486
303854261
877803354432385024
55347359
133515428
1664781572
2589642308
340507755
1333453765
14403337
533492840
241995263
1113869411134394368
1113851538345082881
286765536
225651918
1085790247621808128
563410681
17555125
1242234326
177081624
246178056
632091735
165889602
3245131682
1082268177835479042
19446085
3266421088
2293106082
37018777
3159419894
2641261569
53167773
1113645209009643520
862904665763004417
1007424206
2608061
480076138
4558230621
1066233647202803713
938863911293644802
68312091
2521875787
60503366
784071181
1097879629673578504
864879358162423809
234864210
1097048703892770818
961774843585814528
1113410296897519618
931179844758573056
941450138
185831809
928902306422239232
461799845
1104259518089830400
296422345
16539177
1113260375770771457
117310345
165966321
1113219348187848704
2549394077
1780443349
304703951
2156862362
186384967
1098841106207232000
1113068641719812096
261720786
911524042930364416
27569354
187284508
747648980302049281
973000670792970240
2577758913
1046817416586678272
848234560974233600
138439412
2457715707
14587568
305979390
1112629744133173248
268060545
1111970691480502273
455702181
1442223570
1008708405584785408
1112788153528512513
60262137
2932452113
1003962137914564610
840441722
1066709548352892931
1101705581230907392
2841172929
455049752
933310312484352001
779318637580607490
113644288
788952531661492228
1112677379103698944
1112635139228471296
992758107901124608
982361643320532992
825353948630499328
240782871
2759961084
1065618925566611456
258853721
826499171842715652
1105801640966348801
64742979
1069147366773518337
2578447243
721806989618077696
59921210
44189030
496586891
15821414
52316659
66950394
788159669873221632
62784370
82467998
1110671702625673216
2225437438
117629461
929552773900849152
600401829
1096052785316069377
1077807539021000704
387697452
34388040
928533097733292032
1082321779
43713075
115180267
2754770394
1110597281475117056
1004253956
368673079
1069162600678666240
1899176102
145258117
1109870913862938627
15853382
165932208
1545853970
1111645792593281031
584855233
109277681
1111615414214094848
2308162076
574794662
712473253797695488
964744646
724003992905375744
77241632
129568761
1109898046043766785
2306968940
1107206066297659395
1159698810
309486013
440024023
4063752388
1104831366108200960
1025880210720415745
1079488810730381312
13783122
13785052
999954947545296896
701940982321913857
46892743
884717574100967425
216651112
104106068
35507275
1469224374
1019843941
807545395467448320
578917718
1053108562778480640
112789397
1100862979459944450
554144389
1110930571763597313
735136882523287552
1110153019860103168
317421618
972846538887065601
3323797153
980747795018797057
1074095403019235329
1280249977
182316502
349647376
1099166644469882880
517161489
62494941
2900157376
84123398
990967585083723778
4763701
175838969
61371243
34377314
2371216184
1532844702
839688910766813186
843302260297756672
956255415666438146
3063052877
720016749287092225
737729489275375617
3299875091
1095843389419991040
1090110562846027777
306351871
2734629455
1512003902
731147276396036096
729702157365161984
258805312
1110194631847956480
391251806
42466043
17979104
69070821
1105928836674473985
38190659
1098127601111990272
13324202
96450920
3221683088
62084517
1083170454293090305
1109916724210487297
1592399364
227787412
743499093092278277
1089247352429395969
862079204724269056
537273517
2762132027
721078232695578625
250329654
309850079
300481266
614088106
113330115
2704669148
45518797
2471310401
2357652385
1018325007666110465
869531983558438914
229152467
849980126
168456333
1107053381187764224
1587561211
96513675
902792635
15796761
754981455579742208
550078678
732050032166359041
1105937762258206720
732675813137473536
36131019
3092098739
836849116860846081
813621346269741056
916926639468097536
17263377
1087455572105011200
521854683
437682725
635909832
619290964
1003716383522185216
138728551
23306717
1109240340525928448
1049774639348678657
707498292
3254121145
1109166102603620352
9527172
3300817955
1136547601
1042288545111564288
175884792
901022306511794176
893234915906551808
347873614
560434973
2148122234
1372430510
162787706
58262313
193457374
1108952527590948877
43503190
261974520
133602547
816586022599307264
618605945
136653405
19109652
1103100110651707392
51208718
3014257433
558153153
1108696678532554755
905172832916832258
2585381690
1975661640
2791800162
1101132012730175489
1077254496257040384
2781051375
234532039
354028152
2227414010
1108316209945165824
488427529
420368783
168256926
559752649
79779459
398726439
4711455972
3141951263
80172772
1042196208297472000
3317140856
462035333
1097524970727661570
1107728207338307584
116511848
1056454175402319872
557936601
849397744334757888
1246274456
1665671514
1107506660959047681
1677892369
2580421885
1029359089292324866
473033380
13689392
1666059842
1107138193311195136
127273765
15049696
14262170
545189606
4626511455
257151647
1029598089114542080
436732579
1107489407991533569
1095215286020726784
1014837012
245601993
24971636
115810592
516654143
947873219540811776
1005839960644218881
80651248
1004379234666606597
1107339815249416196
95397018
744545733634830336
1092052439736344577
989846359
768217052444258304
2175481950
32351316
1072946228365852674
789510966958522368
930650878599557120
390298992
1003307596877615104
1059449496004911105
593154465
215506117
19123674
2361670856
4861486229
1096465966567960576
968084839
913494466568359937
717751744109879299
18866486
215231930
1496134332
1103220843755253760
15767355
468245764
1105223599605059586
739094918241619968
503207720
1106480823203758080
1104599991639728128
483516075
1102049117797199872
105436068
980558954311843840
917376183947485184
283751598
115473575
1084765716555935744
1106228401575215105
594602491
177854793
113182580
1106090527722799104
1106108049998045185
311003347
996272551142637568
720286591
2902364503
299309676
1105053217476481024
1105826100272418819
440604240
1888985208
865177340682412032
1104769982494330891
1202703654
1009631799188819969
1085123584962514944
1089974730772353025
18023053
4433806574
60985192
420090740
170271557
1101135178297094144
1096447654064730113
4510541236
19338475
1098369583097004032
2998778235
791029364628590593
4604030892
1105062074663817216
90459630
949901474724810752
174199941
795471915976572928
1084578085582921731
3894651312
4541644835
51478474
434410285
2323683038
85834573
950807245331288064
901909927081504768
1104616669975011329
965042061396381696
297441533
61074905
1104521820479410177
143132397
1103780274922573825
17595680
1469345671
1069525436189814784
79602815
376553800
1098285103
19824209
402279081
13479072
1104059117805752320
215568620
63941173
1137365821
120836166
2262437450
1103284639383384065
1093188162820677632
49533646
964330507977805824
106504970
117390200
1103703476331261953
920727358004432896
949604558820474882
58078935
373524419
2914302707
1073649964327276546
1098928183783682049
782746673319587840
189912130
802403937907159040
708282019361509376
858243506917257216
1103511976867553280
38720738
849430358
19636300
228868903
910848844862246912
1103323561228451845
3346838032
892561
179123204
1364131357
3256569705
29174954
89588492
810124452100980737
3379938213
127574714
756913262940172288
2382403483
177168936
49115903
736012763156205568
1033772137805492225
919257079
796289401332473857
1008287781708288000
1073243354744287232
1188180092
170362623
1102503166786985984
1100423694168412160
753796724636823556
2394639500
1093593042811002881
1607401
879417343
1102200172635930624
1937862781
559051462
14570063
2248766490
629980611
890598281411276801
1046020036870238209
1092187159744909312
2381414351
15260655
204326428
4827885023
736919312431210498
1101887234205204481
1234494512
392835955
94523452
114893299
1101844699630002176
316794969
106838581
39299803
1618857354
533026486
4170188751
88428983
279001349
1093575502558834688
35559392
913530491537690624
99900226
1047210148266033152
795264580771606528
1083329513390403585
166667340
949942755291213825
918040140068597760
1092116507608449027
1043127707762999297
1957047618
3251170594
111838472
909619572181012480
143352675
2350339872
880655073285689344
2718583522
3883402032
1012292358451408897
216837854
70233
1095242986361806848
1071571821592543232
1101002164007137280
135421217
180757360
71760171
332249929
572128904
2183792514
167799830
343047393
1057312657286537216
1100648356001374208
880497467674038272
2862997497
155597860
1100198545695531010
490434267
179471649
713385220553084928
3302790751
1542484620
948596176336707585
16183119
905373285952651265
777407491286061056
985447858768773120
865765235063349249
3252185665
1092903894345240576
18126186
1099988906630508545
919366931559452672
1060930627506262016
86603982
1071210037610209280
1100073829555146759
274908161
417537811
322252745
938000733315661824
1022107493697089541
339631175
976393204638523392
172707393
396500462
35134787
1040983480937730048
164380681
347152541
601501627
7172922
2570765340
3435515793
12390672
142360122
140680254
1099331566180990976
1620439675
593761090
2333897897
3882072249
185125267
1099211567579578368
115284251
2412959494
17356557
848519100
223865335
1090063302015610880
946420049761333248
2289238203
3233705792
1065735388134875136
62834367
23925729
1093590600690135040
54513395
142837863
1075332133965783040
982681259427205120
1093561632708591616
214932663
85702141
895306007806484480
767770379129610240
3059572574
914121217237508098
35906160
3270099624
20979455
1098057306510487554
878409134
1070926128091607043
417724601
1098290504028942336
52024910
54255741
710823211236257792
17104244
16555278
35661167
85532371
1031644456246599680
362567570
915248268224819200
66756079
948609202255089664
155578872
1072319397316845569
11979482
1111454587
1008894458585284608
321321696
944282749321601025
794958135937138688
16064723
1116675936
1002193914298753025
1097116959089410048
761700383089651712
26688890
362785093
914722591872516096
943059194
572217790
1080722450546077696
1011464227482042368
243635186
364718510
54417378
1217405118
12802712
4739542906
1096828185155694592
17131595
140900153
969542965369688064
490185748
18090989
20840795
798904569002541056
343283360
887845578977181697
99740184
212718845
1093637828569899010
2150265728
998992169871425536
616281939
1012488141557719040
15024965
1093617609273167874
2813825443
222005191
481574540
722613754794549249
17995075
2407357837
608317796
725793637657800708
1096515415814139905
16605959
1096486678729027584
68875217
114031302
712746701212270592
1095668543306133504
71593
3977619679
87391149
1004358374417469440
966240127717662720
1080190776905265152
1096317444652593152
214589026
67528650
231480432
266958376
3610634894
1077561675635601409
122083952
20328579
1090677606566031361
1092659255293939712
44631840
4651625369
1095004217822138368
961188919541891072
21916699
902821817491931136
895591774789357568
163720131
35775829
892007786
703280624
2177095277
1088085726955212800
756441846738325505
2795164960
1075860701577654274
91207786
2884676986
1083303807008862208
749426868915310592
931173181402042368
1008284331767468032
1318919588
48144253
1067591845012627456
92071777
496266515
1091350307056074752
1022139670195576832
247722173
731021767
405810448
403286285
2409793586
20553221
1004112014195732483
1070477525615345665
4412542948
1051805119606607875
821309471557296128
880611776949231617
200800114
1658144760
19075910
1064927272669405184
2976778801
2226542061
261222103
144581338
46627457
831803775341969408
262823803
2470700875
2592352244
222802477
40655515
988085629924925440
1085916417155891200
1043769500594724864
1092755282445385728
1094883798645391360
898210535157764097
1086851107941482503
1070403753772244992
817022125
344060546
297932772
1009093690747334656
1094457610118418432
47181473
247070939
172514415
971138105674629120
14918738
56910637
1088392155117187073
429874510
1085160934056886272
248661999
139591976
533254104
3307083157
105660989
325901147
9441662
2842095018
144438305
1625104346
1050728731
72758464
1856002592
951883937269407745
366330752
616541821
1048336302
2391232075
107461453
47409984
1050261690
55206008
125356138
951561614339330049
1093712414892322818
27223669
108972918
1093645063555633152
2911701434
465945332
1041186220171091968
17919296
1092528347819720705
95146395
154317106
265597816
71543315
749379602
154265464
2419557985
1093421213123268608
1131373297
1067425370083753985
30626055
2357039528
188686498
3941484205
450807092
127888243
1085108547019509763
153400903
836747828147994624
430448111
4172123423
476948112
1501255159
896614031049490432
215226526
21960005
714734070
952874797716865029
143178047
1268095123
43754065
81848563
1092807046951563264
25201812
1014873826365181955
3315044100
166122340
324536520
32643703
361811837
774187843275096064
600270555
4883414347
56194508
167491836
1090908051878621184
852642994121519104
950548265694613510
359750703
545832551
26571001
20091343
1694961
2785430975
4241328280
70563962
776391850110414848
139137792
46419199
1025991
1091469815187951616
94856178
832988044655423489
1088714464214638593
2332574635
381912027
1092021295309410304
393806354
56909428
1050529836907806721
17866009
65736198
337033780
1078554646132809728
887921294783598592
131900328
959521269929701382
1091678973904465920
417095907
1070310512745988096
1025798768996667393
2784616519
1091563409710055424
2577403879
1027472409694269440
82654899
46782607
101552902
156740271
371186277
72368418
310508578
1031455094577946624
11895
873752449344913408
840150196759724032
461019695
193620970
894802640684634112
975747946955321345
1091193522928144384
3610785552
1091174939326144512
3221947544
798710712642269185
955457732605247493
101417076
3305624586
3075827930
89062269
839137006370308096
3167136719
220418464
581940057
1072742642180612096
792718985070600192
57398134
1090689667396194304
200278362
1050349670570979328
102617856
815096841926688768
45654582
1028078866416496640
3330197241
512110803
236974992
1056809276222640128
373842446
1089799746712002560
231237510
842717061126152193
606688810
1000375757288493057
1005878568260460544
82601607
404079726
272640970
1081546226175299584
2833793350
18046758
61121944
1035575147657342977
50588269
20423402
1063375667528642560
227555277
2348437167
945446892
4025495236
169654167
3318781552
59440019
1969294272
1084430503426514944
910549903
320032823
159893497
215051166
4166801445
16496034
3009416786
40551428
849878551494918144
2555127271
529211366
390890794
1017005702769008641
852197401171513344
3019984365
991517629096443904
1074639187222118400
732648164298231809
71810131
1074367744332783616
1073328123159171079
14366149
94189554
463875165
2437386751
711928803224920064
837679599425310720
545946040
1075066850843742209
39462453
113720154
2850542880
267059550
27777517
2937244059
523469125
259241228
770361659110072320
2559151682
4712167502
124721984
830945452077887489
3218374211
922858225
577520742
450401439
1088101349324193792
39058594
339556193
3606667216
1051278484566396929
889692421956673536
2668370360
412481970
1075028861920763904
63723
779385662898335745
3341938953
1087917060867411969
49967202
992857731072700418
1086085811118981125
889062527518351360
1087716449274286082
1048562137671585792
3905611452
100146503
3817985176
73985303
36771202
56821179
1620332838
2797846124
911724852993720320
243401200
137358474
829396994745569284
2492474551
846202509668446210
932707777998475264
265069138
1084374216693239808
1075594963696545793
725362506
815935340569657348
963508251617718272
4363514295
217426471
4173326608
1086616874601766912
100785488
163517182
927728750
1086877020183822337
857611488248434690
1086826856794476546
1366160227
1015941315937349633
18809468
761780163050733568
68945279
471030348
1605869809
323132071
4913575683
385985644
1002137809535324160
62829070
125086751
137603148
2421838118
1344901711
854360813615886337
441941432
243377304
758771570022187009
1066988239427461120
2203680986
193972272
1085680367460208640
1062160322067394562
419612956
503400024
988105673727590400
966314235528609794
1459155175
845714381199589377
69851742
4316542648
528312438
1033663367309938688
873757684914282496
337984334
192472963
568127892
96309434
711172564584771585
73088686
1085350192797310977
1085301679568896000
721353590607081472
824618640586727425
1082667962857750528
244778923
3301437806
1085089906597216256
1065767011
208747865
888530843874013185
2151555601
75192188
17467761
904982968501927936
3377776384
865912805525864448
1053220001556127744
1084680475275194369
916999371647942657
882124034644754436
700748207568109571
11152172
3129229273
3024578996
3306603203
424217081
115833529
990595834420125696
524900481
2759167856
4565755341
575616164
767689458938503169
3259654532
1066504991437807616
1078128664586407937
269013359
70804254
47705779
1084178613967249408
21761764
97246275
130610643
308710010
2853652580
84372043
40560998
95051698
33635537
261234713
394068590
623617089
97181449
1002038273525481472
19246357
915157838942568448
456992870
3432907630
73759435
2327372856
1594399562
2165962787
426308218
2267803820
88487979
121742989
812162836415660033
3304667996
909319524670992385
702222696118099968
823169329
188992157
969256297915969537
2831897678
68743522
2432532662
374690055
74308438
347062932
2851493933
4140554177
270451470
303471498
2316569658
1041033970547347456
1076345994135035904
947081112311955456
1082048052540657664
73969800
278907640
3953095324
62931362
910205701246652416
14747050
35981763
24230328
43027753
27508299
957444356474134528
1072566913421721601
31463181
3242715826
759735807938822144
1079437752242974720
1055012818150477824
144524913
705637311132749824
848340786454376448
432157279
937323066362757122
34768706
1069515539792375808
1013667656858300416
2268841446
130452620
1044472524871012352
728373
1167405222
1073836769005584384
1081681605419302912
766082348907626497
387055978
108925314
1078953939255611392
158712603
3450207867
1000005130845130753
72195234
2357806512
1081064540182179840
304545786
768064541720768512
1080310330968817664
887536015514230785
157848978
553677276
84615764
290079627
1081188035566415874
114984112
1011031207222693889
373230632
1040201114040262657
555653345
134246649
404328845
1010893485828763648
875013348
335107337
879776139664805888
959490020745850881
1076968425501720581
987811336099807232
93417622
242682333
29336037
2840314624
1078259896490123265
442239145
2778386437
1042260975070703616
818680602735976448
1066327696169361408
1062281984993423360
758588466271617024
544053657
23658949
1080250589567741952
261697317
1059939780111331329
859739233816375296
210669137
1070948538702385153
3907914442
3982104159
137359429
1019314027934216192
1079998055108173824
402082959
27839299
155911512
1098227119
952178616
4116942063
227134654
848849680700121088
3424887550
845075030555869184
106987546
1123325017
1008695563074899968
507220319
67265136
956343352584110080
229848301
746946914394865665
25435653
14111813
2196099039
1068125960615182336
15131547
6150242
1078857295163985920
1072149423692615681
1066918650852982784
1078769108219510788
915142160424554497
36454371
2880170517
50380081
15890620
118715051
1356132590
1055334659268038657
136078827
1078223811697270784
2462606796
60390996
2352719312
34607683
28205519
1073049619037388800
159027299
3882602113
735354820241068032
923602873279242246
874364125
550738823
224775038
231100668
116859642
1068467556896391168
2987464539
1061616052294115330
116248102
74929178
824276354992635904
4840296053
997132233893924864
555665556
1077333184684142593
14195720
486785674
210220381
159836364
972055864973676544
948806880108847104
85478670
1076774764792795136
1721504310
56975161
1945457798
989498899256705025
727538819025768448
3196863193
141491548
759775859909681153
1031739800921882624
387198247
1129212296
869256888
929520594147672065
129401136
185020385
28773397
1029731734978363393
175057051
3013544687
1686352260
981215904271757313
161328280
815384820226420736
764279043143282688
2723859020
457227073
1076072227710427136
954378346644701184
67285512
12344242
354950138
112321965
22915047
1075868842386182146
29532959
1075443937521868801
998556212613582849
964379467
232998827
317646712
2875231286
199501504
288814668
168241783
508998093
2194049918
716651403389718528
631725943
2462606156
1057336795879358464
3138895567
1558049042
2849726882
1075247202388176896
2438739842
127798730
2380931
3875358494
918603769767714817
855814389294915585
1005572888945192961
204217929
121219862
85160964
771175323622707201
1074882480572788736
1075002259602329600
1516166228
1042862561622937601
709661699708690432
18306389
1074382190304260097
192005458
1027903659705880576
888730951244820480
786505891340095488
728346029695762432
3969681852
1074409167824269312
998299712599003137
2169463507
1074272257873203200
842470874037026816
2290832880
1074174587716468736
299325530
844807865114083328
1067416934096859140
61984301
749523673665662976
891197916714602496
226501989
50862300
2823759014
735859775888601088
2336517775
1002424139213205504
2259675213
2894198406
107990426
714634787357478912
442000220
157387378
1070676635207258113
332801867
433990321
839756643936124929
2672899994
1073554798287470592
142605050
852249739454287872
1062151539450511361
120455601
33491978
1073334912856547332
875017830097408001
363040410
22319651
443189235
69530253
1005349520681533440
907118796938240000
834487332137029632
1049709955404591104
1461306422
94572501
127998348
49000385
1070216975085793280
1034265857726115841
945219817748930560
1023623529454088192
1059500015469514753
44563717
497009531
878717319253553155
261720291
3019869952
1044172151765573634
1173191490
3851180956
168734790
1070201241689501697
4143599473
625944606
305961787
86579111
1560050624
1037444306871746560
182850883
420954106
56583438
299056721
2329745031
841952439574102017
100727679
137305924
1451595954
1072217380540084224
41081827
2549289486
4917136607
555253834
2709701208
859656689217306624
1072130949679325184
2993028547
110894341
803535256989081600
34386901
3421265379
858491877896720384
992685489701425153
14362005
362478793
19256641
908945707452608513
2998306463
862013173586681858
200274936
49645817
1016309606060920833
105130809
869337341671886848
382679646
967681428602441728
12225392
1070258638764236800
125907578
529079343
1041825569518878720
832858225401851905
260598425
532248271
957859335819837440
1070996393043537920
2755041293
48514086
2725659787
28155738
3309172337
1069719161356632065
1022669141805740033
173092018
177924954
2803346337
354241629
30940137
1070849608413265920
244816083
862006535177863170
818116960965816324
724979352631304193
828149548140728320
580105559
906448523494752257
54870744
2914865828
116369052
1070514881831481344
491727852
15925131
132470879
1940411430
146407992
4647922756
92952689
972402342
3756705327
896405258158657539
85575119
217511176
60245050
201370552
403741906
2874654230
1141309626
1109856872
67400778
1062447855955263490
3661523775
309459601
6041952
289299603
36657834
1069463798887501824
304055843
1069899609231646720
384004788
1069884437100404737
1014049190593290240
293644969
88022538
312808473
863803774283821057
2714582947
2284541178
1244797489
900003631847624704
989233166954180608
2687100925
74073870
267495318
18565337
459728043
332387515
114519722
819075024
14522285
804816800
1369234411
836113383732609027
472061189
127126684
350522478
4711216993
3844813270
859499022037524480
778166927462133760
985322490883911680
3579082096
1066678075700781056
910129609097732096
709938384
15910114
852942197884407809
785445331
1068793477167808512
1047777840601522176
1031529364842852353
1068866321847394304
31734745
929690253236899840
57280111
17896718
738813709607374848
114746571
1068576886106681344
2640245666
892061152879837184
3310554268
260836637
702950202
16067043
1068197875463671808
58759547
1150846471
814197532909780993
1068149984279887872
1153415672
1009795220635095040
2917482929
1068052669699244032
1067959624505139200
1862716742
8885922
1067928472176263168
2835889250
1065349940543553536
97228517
874185700626714624
710219385013727233
4842589406
1665029677
1067383933870968837
75976255
77908845
202894144
1067035729828765696
64322199
750017140661465088
176756445
437299037
943207718
17454047
1277815932
1036684074876895235
1067247184305889280
3321192145
22418850
569282620
421315489
179275651
2824379920
266575990
8196692
795778471
4541641049
3192451
1066250984857440256
1059462866946805762
100166514
939186580811497472
1066891124214661120
601382120
266875249
3193521190
298737150
909874020
3100344503
1066739024818139136
105765015
39426199
63965964
138672998
1066550022307639297
856700914589028352
204825202
90952727
56613719
26041691
197407685
17063172
1066267210501378048
3380781
54267612
1063637156760100864
591425204
946701799225942016
1055274656998088704
135592654
617535560
1065772484505432064
891084595554394112
3153384557
28878592
2551599372
827242835518877698
1065847236179968001
948050485931470848
155481657
1065642437874458625
971567739910332416
2516967108
747099816266727424
148124554
51979863
1065103081606529024
1280066102
1065524642201378816
1064021037375868928
1029365217870802944
1517638945
15483501
1688365850
392260174
2850818105
1065260166067748865
819386914935554049
19075993
2239516280
890634172716527616
379174847
1065128262681149441
926494668
1065071043004444674
1064049054579978240
24463220
914067697914322944
42255988
761170822732124161
58545039
3368203563
2476627202
70066059
780490134655528964
835398846825914369
6529592
372709413
3411429436
1064612857529147392
1136124678
1050204685850689536
707024399686193152
1273014500
864178569429360640
1063177077472534531
151950142
1063782969297403905
178826491
402442851
537394912
851529280488067072
1090504549
15313233
133882921
772139772139622400
111054533
2156330790
1064137296948154369
560463424
898723641059397632
4142227572
30932277
1050101812072714244
61982960
2786009832
1004670699422695424
3300760343
910787035
50122858
882862693266317313
1063142690559266819
3965297844
561461637
1974423102
1916386380
144800132
15846427
956875477280370690
1323949326
77010036
821762863060525056
1057760869
1049666609273552896
16204156
138528668
2350266078
46702273
45775141
12435662
1725033006
2340606007
273257043
124674190
1009695565456687104
713151977304272896
1063000555893784578
1016349475743334400
3271187581
1063199193953652740
960981092
3619425736
701110379
46606211
1046493892596690950
2966458577
186532743
115599113
49826861
3310027888
778167228915212288
1048008335121772545
23067454
4735880733
2827631756
1682874330
745847907849469954
1592870250
709381150456721408
224908728
2571381654
174084666
96930942
47990513
838645500
1062286996008304640
1077418874
199270601
1019871218185404417
773396342366494720
213205607
836930181109469185
338447193
1062171905338142720
1061180071703076864
907045819387400192
1059855137944948736
143465766
1618936872
106632207
617416633
524346043
275495796
16614690
1058634608818995200
14117880
207634580
30502691
3355050551
347460645
1060608581832204289
27633201
371163999
3301257637
2482773540
3422140049
3242699788
19313360
944155158
2786254468
1399003376
1058721625527336960
914524943014035457
134089840
1059566147299880968
999029510023581696
27605559
768083549077594113
1061426239615967232
983213309523406848
709610950
1455467424
964078777427988483
1041142108810141696
12351582
3316628375
1029053290397483013
198963125
53692576
743170300930629632
789163892320505857
362043205
394325391
3555326894
1511990131
1048053524972666880
725053011303747585
1204165290
28360189
1060873025137053698
604364890
773626760504152064
2998609595
2994374403
950986912961089536
17409542
52143158
937312570154868736
1604746934
797920977350901761
14282852
786268578915975168
1007198530249936896
705658111
1000814978822295552
2779553037
1025815004530888705
18381837
184987010
20365876
39892667
182574692
1060631769685413888
4643854900
438483337
160530536
3439360999
1051371946183675904
67286016
206976487
2840333445
209549957
1288373426
1030671957518368768
1030020194419318784
3223018734
1059429641134501888
1060241840195145728
328103522
97721915
2171369997
19531056
14066599
984344826471526400
832371694660562944
276499160
974409985131204608
886934597312892929
1006382986445639681
97289181
31163497
23530469
162183352
1059886651067949056
920281410874806273
1007685860232499200
119781770
1017887084
1056690541746946048
38692218
964885957269970944
380888276
911928992256716801
796068326720110593
942023621442199552
759767655699972098
1017065682901590016
999946475277881344
148724485
15278961
983593984487387136
1058634507639644160
568806070
797006009411731457
191970203
1565522790
236069073
492543309
139353487
1058636182140190720
2648013391
1044880511930269697
540308262
611329874
1059182245876064256
942066654242058242
858303120828493825
30284263
75712961
219949150
1027033399922491392
49300491
902113216398073857
1058987544359120896
443197141
975271716476850176
1047124860281864193
2744051664
1048001017466552320
738714329269338112
1026443352583991297
2656774657
2312619944
1380256507
179893880
218761727
191314123
40755528
822307303038676993
2174176802
15905228
242861964
38136669
2212317846
80681476
161657820
965392635492880384
35236275
1047141278994116608
838811476316078080
942447260
1057902909000728576
2680965872
36034072
765174214777249792
3015273185
3192320611
272675860
14627238
1028562103
27566476
338960359
808222922892517376
1058220963425177600
2221425450
222872538
52638346
19549583
819120482758725632
50114933
316271349
50256237
141043268
1027577213653319681
501198967
107412432
700686258360578048
330823667
95720641
224782201
111646761
384304496
2424648296
722120121448144896
1845890858
2480581352
819964373145767936
1351703234
977351511092146176
281820376
16185494
970336866816860161
271497215
807334061387743232
1003424902987251712
18873829
65160023
83788806
110939067
1004529477207109632
2856317359
746779078213181440
127938246
134259452
361056548
873872563
18944875
65674007
196983234
793849909573148674
947110287852949504
146898209
1222896236
3194668645
408508455
1052085768267685889
1027026793822388224
857977551830093824
905918195457966080
980399216261521408
1013893232764375040
877003769686487040
2511982160
1249547444
1052397003756384256
264507436
3941293873
15763633
917025032831946753
1054465143239778305
164235043
958826585267810304
2370410496
3109098087
272908382
85635821
1043176488370098176
2468000766
3479574806
788830538
316439829
979445418
438320158
88655682
39959484
947960730619465728
714564905488134145
1039586825009094656
1047941956511383552
1369180351
877647964969332736
797448008703049728
970985423743852544
89602162
6784642
826877396091600896
948611418793938944
1038146022
20145188
959631838984667136
14719029
3222833269
256376351
953767543285731328
142795287
762267687179419648
359592616
284714000
112377320
878177981616844802
22638216
809113460722241538
168733315
11412932
154502480
338188666
3966440120
2923146495
17167424
371242896
15752863
118534060
5520432
960153978343391235
564447817
607524029
621585946
2825139835
886392173565890560
4707740749
864023243748978688
892005049894883328
14542994
3304875579
14763707
3306908195
9233842
1019525612917198849
141900756
1030473392665714688
133197716
1055868020575264768
895951009
406959230
801374550483206144
198116050
715110274844459008
1056223768803106818
1077011760
946893370538020865
43074803
18547121
66899452
60023609
34271999
14145417
3239052655
472858367
164296720
900444220602949632
3094664593
946108880
1497284323
976347879680786432
62185076
982192073695571969
958208281
1890275370
56339448
451063021
59315750
4116224860
818129815668604929
1034269888607473665
899448710303596544
18435823
24552780
965178004904300544
1050854600591458306
49330382
1869405014
148335576
863492157709189120
555226309
105899866
4890244749
3317355225
4767371081
84531638
3243521307
969896534018990081
1003469401159536641
970358657694216246
97848572
139772575
876411432035864576
963014997977784321
147396410
89221442
825720046722875392
392563736
1267383210
986551317177880576
1056406300282773505
374662765
2302311979
2966351362
267467142
896455184225882112
124063358
71741828
1047443841731715074
35794290
833150364908032000
19184031
1116010142
893398834163851265
1049870677128437760
3360963599
1048964780768333824
211775434
1015950576956465153
15088390
859939531
775778516210155524
823515239056543744
3256828520
4568851
215789787
39824955
1024727193262411776
173939513
84585988
3257984323
1049311340907712512
376640677
74752363
19479109
117570738
763633458
1053963402530430976
1392342554
115893653
1034794178310533128
118369462
87184444
2475130974
64250248
425020930
2797797286
455504720
2425692230
952883013284540417
1053225815809376256
249517023
3141063560
4375073113
4788239472
3987113352
56787866
14927822
15191102
476555282
104791955
864546326293487616
2368976157
185265652
54883763
906946028523474949
2833509356
2885861469
57906609
1052380059800150018
17240091
4636779335
823527477951795200
748212155728658432
176934214
700447236094877696
4847110036
413987476
1053081942172844034
843151706166906886
1046383838023245824
1017066759550103552
7866112
902365197309886466
1051033673292689408
1053997982994063360
3382491533
340810190
1035275215771717634
1050989818639986688
1053938154464522240
10167472
420704141
27611841
1827782569
872433082955071488
37359819
630345646
395982763
897933718362476544
281979634
1040059584277303296
60157735
50637045
614021210
2879976600
264843743
1047927129281839104
109693373
618290239
79270920
1053113056790642688
1422395690
17595642
1231663999
28178103
74225948
309302905
830128163749388289
1673412055
3175989116
827736612985384962
1052385179266772993
1052736015402561536
762550250343104512
1052238580393730048
1042418982186180609
1052638671168569344
1692645649
1570681080
1050204719379963904
82472635
606581089
1051661172502491136
453913735
200581058
3195755233
26958749
1052310391928238080
998389769003569152
430660813
1052193159805988864
76537100
73365816
1321791662
279065469
700410684627148800
4794152592
145162632
1051885582266314752
266011454
770795809965219840
1535056945
566678006
1051905415448014848
3198251081
160098289
1046803095181656064
1045882010600845312
1046741633159622657
874723754550734849
1007180412227969024
14810480
1008491501754691585
617150340
1045824245505245184
86051005
1887148706
322371451
2660569798
1095441415
1049831038984343558
992360108343615490
1051028171016101888
168417131
948897512718348288
88599513
1049486971603537920
825333984263544834
4219014081
72908252
1278426014
860503604679118848
1011178637670920194
1048685627527651329
1050747267546660865
993729406739742721
19776638
1400557104
947595325635727360
58470990
1016934507239260161
502068188
38679977
2299633880
1048644770245963776
1050574337558818816
1691371981
1050562755474935808
4735431202
3374698984
14838631
3153440630
1136086322
460055751
1046214371922333696
471984827
982979689223524354
233306575
424361000
57020347
1950540619
157318169
33127929
838059220301828096
1050012666733973504
613403208
2820793540
1044451997536145408
1049483673429528577
63722913
731095705
790727136315310080
950521135925428224
1035789286598164480
1379891216
55509755
510439248
2415384188
1045379559049302016
21762641
4872035543
2335425632
1034408941642543105
35980610
1426537801
247591112
15649930
2377906071
375859118
780609170
25890916
187123796
1042087348241092608
64731357
302284145
1041527999118671873
999451535301140480
920381827809972229
995134064586842112
1048961965073162240
151560225
2737063672
1043931682171060226
1044841622591209474
1027433319686987777
717402374604763136
213266859
63167958
1002219538736435200
109412237
102984354
81108916
19324935
1046889223570305025
3245296982
20708243
1007213236326928384
1032478934431150080
142652621
19858142
23780409
1047261650179579905
1046113778486706177
4913986471
971672290369744896
175663811
328958294
379482761
761617040
84600130
264773465
3043811467
3864280887
59717692
1292432455
3291138784
943101912748122112
823057796614725632
550590465
1306133682
1046417072962461696
991885399957082112
58412992
1327794889
918624433
542693712
2436358049
2282029362
1979210240
616488534
2734293270
47313714
1043223145916899329
770222977115914240
1047108264637452288
1874303456
787199743126482945
1043906782760820736
1046129352340066304
1046545529965072384
60791490
189877322
757419280321253376
871224514947850241
834492457
898798836931452929
1022553652026912774
1333124370
128254972
64473546
723789328732835840
14070478
2946144564
847931382
3361905012
777489564
905855844339900417
824791771926261761
2021831
1044076919363457024
4236446501
3456797248
1044304671332945920
1039969088120991752
1032810151974199298
763895183146622976
1000863091121324038
18557347
1461423060
93954122
707125187804667904
1045846481373081600
42667466
280423292
2612136283
10720602
892384849574727681
799107964493668352
1045651038349533186
15170680
82823109
1045550968157294593
715170375391383552
14412660
83340156
262462504
847439552339890177
1002860962167181313
1045247653787955200
287174074
18236839
527094727
13783692
234221025
834500087137103875
780484950327984128
191888870
918105265534390272
2549573862
398764435
268200362
1044926674037424128
1044763849075953664
872477855950807042
1899098694
1018992278
1044827379053531136
58684226
1044809571754233856
2482813939
22163243
46963
18139407
823557066069417986
2180729507
759938258
831227345356877824
85625304
132535416
49065789
62671790
965616513452531712
855748402373636096
915103499641266177
753129094791954432
1039298400179564544
85769028
928051663071514624
1305130884
1043864616667877376
230735260
2793210137
2339462019
2720112158
4185742098
17814535
1043173339525771264
275979691
1038274710348410880
562014372
815593204829417472
3606445097
900559346
758372220552962049
927394774084149248
1061533729
311341290
1042494093551722501
234454455
2287713194
2597133660
924645008967270400
92720546
4898771832
51015586
1041998671980716032
89913266
2163354931
279339031
384405908
198469402
501214877
1039364158096064512
907625739687784448
273716165
839775594
142277241
3051135345
2511497419
1042418793602064401
106798337
374217172
455063857
829197624238542851
55531860
1042349208890683392
899516256948076544
1041858556407017472
817524562082594817
371975199
1039946904459718657
2773387808
1041976005685067776
3318796811
1041108721953193984
937758776349863937
33721503
1034766769930559488
977835347647213569
2878943862
928501578453020672
978628068716830720
1041339718615543810
1041721336815673344
409009468
985255205112565760
1041646874422206464
775948913798897664
927461804405436416
1041570583601770496
1002459858833199109
15536831
253133671
847279720613806081
2231347005
303254018
1028594858787786752
14186604
912538748054917121
1120386030
1040965564729053184
48544392
87408230
2883076135
3532447215
3899581
1031263030355484672
72070153
61424217
1005337129671540736
1037739101267668993
43479394
250529752
131831876
1040272906884993025
2282172179
950765941272477697
48660304
3042856056
986406030
587996501
773395190690287616
121038284
1040021171800952832
931117871752777728
952064873608826880
739890717187772420
2980372016
375273766
877166700671758337
948726538760957953
2273437627
879593402597339136
14866012
163454995
16197876
2929672987
365446328
93409747
412004763
1039565149118652417
1036302507297988609
976499479628124160
241091402
63840192
988990483148898305
2353699784
375304435
242316406
1481565684
862671257959006210
1035200215123410944
929685050064539648
1201709413
210754913
45136153
879691216723468289
537405669
1038797214531952641
86071970
83703626
3959321413
14557297
2195694110
118471677
138451918
1077319020
2569458498
1038438498548637696
1038402250203426816
1006777864220561408
700590037
707775626074173442
25699814
238157406
1026862577182158849
1034071286639722497
4476626446
52007393
26302927
553923264
967421350632501248
2847884265
829900074536759297
103804797
832659415907995648
1002050379616477184
1037033433804021760
21726648
1002677259927367680
4923233294
3279383276
1037704548658438144
39760276
20039586
1037702043757150214
709864138013417472
905410478662451200
1307130452
18744604
24362380
87392616
829597780712759296
1037293231753625602
983131678418780171
1029935097024139264
1641767917
882223694
19940239
1033355656823095296
852376909593714688
1036888388832505857
2634586735
711964988
717501171804581888
441567398
378692442
1027028926701268993
929368764189106176
295671117
2580571555
10359452
247845896
1010637671947833344
104876334
1026143939781255168
556869382
810401828458430464
1035965911570763776
2492028091
10749442
912549018
1036093455028682753
131682513
985740288651137025
633060096
1035958060504805376
406609538
14224944
264374958
825819309846958080
2253239112
922661341
963551614400389120
2183191275
296372802
216560670
3298251020
878866445437775872
1374093290
761571301
29787490
35657608
27793655
999776378361958401
911259296675098624
3219944580
288581742
260472041
974372837724184576
1035102703804923904
17228918
985189503038967808
875793200065253376
4805522178
1004200051571187713
16157407
66392019
1489154600
2597264930
992576220725481472
241087877
2430304021
18112556
1466451804
961714446002356224
75960212
3656148622
98827608
356980579
581636819
1940417887
883559840790040576
628218472
280802157
550697346
898453021595586561
1004417607586349056
1032091639538282498
457342694
14895503
14158660
860683371390812160
1030239859397410816
249760021
966746501442543616
300482563
1034503444843835392
94741707
1012742258003759104
2831699765
450620134
32249341
37767881
17421480
745654422
1034348331290570752
1015291855758450689
959884821748166657
38188748
14263989
233640186
4266475940
4282194377
905626723361882112
287217218
2653051026
198110022
813431654190563328
543238955
1005101920757919745
199505951
3366383800
255388497
2394810390
1010497351302156288
175551284
1029652127197618177
1226837810
93455698
4529507741
1021679658985771008
1033678126902128640
1610791892
1031917918135541762
1018074081105596416
514827105
2406830180
2967286104
274189812
700735894274371584
19662475
3428036247
191152081
1033288593903689728
3079079081
982270936110907393
246890455
25473541
17109172
956775481088524288
98630701
109395030
2919075619
35846973
1947114037
601925504
28896389
1628964678
1011255298785447937
112655370
1032888131761201152
1028564702660419584
1455086263
4729317914
1282272680
2542964287
1032745424501854208
1032691941744541697
380920400
87200095
104260613
419941240
1617829586
2469829202
425929169
4742699587
229397088
27557989
316836136
1032398563441954816
227928681
1043119297
3289982572
3657331
6491222
78671023
607591211
84430335
56264961
410988385
746654162994135040
458370616
309738016
716438275662168064
781562979330424832
395562273
985893345535787009
836843921900699648
1442288658
2258006250
951528511885344768
101155389
1531020266
14054744
895944268656893954
21120418
159462942
1017172749603794945
956857386932715520
1663979880
2207527920
3232209632
2257818643
1695162091
1007683253992484864
840528957611085824
22877921
794236277000458244
923873340934066176
876064271968370689
231888711
731415524970663937
21149251
43688264
1030890101457518595
751064022
1021950721283907584
116142560
43264869
1021828880502407168
1028555769313210368
1947723866
826466188125470720
802278681691328512
203489039
290682157
174221803
730002244679110657
160071790
1972157846
916025995173535745
1030511024384827392
2853277763
607173865
2510521793
1024370869408342017
3056613610
20459372
380267617
20429553
964899559494307840
222218193
9851562
558121283
1696247118
30037781
14567381
373718912
19175718
221772467
260372015
771676183448649728
1025425533289615361
34489832
28317168
1029675197983547392
187427725
942196219
217896088
19622027
376016807
1029854169421819904
95347396
1002082672011874306
160290648
2997685425
149087663
1005144111224147969
1019354886427824130
2737043160
918623169401032706
151908708
66633652
1025417108312678400
107666466
2663390170
1860698498
193237067
222257007
1027653264299319296
1309823700
86606179
855552702822133761
1029344171281268736
78101866
1025064155387183106
940514476205289472
2243214596
1224124932
90658569
1029157099333345280
1517280650
2577222259
3238842148
724064511003623425
41765284
968074921938124800
169920273
181866741
3543414933
1243481756
1006525342008274945
110244676
1461173186
2649605030
849777777142374404
2657015848
247285154
916941117718802432
854927980593860608
1028492802756243456
1027875973335724032
1026217038543564800
929775420639268865
462487639
721196252
3331081
913258386820554752
1898221220
1022158958906273795
3429450598
153078381
2921782837
3926851815
58816599
1027931687555158016
778278790065709056
2872510206
735492571242352641
1448087995
15955121
23060566
1027652999336873984
4701373039
714821224212267008
897063016109232129
2188140335
966571313572671488
918736914332577792
927554734151565318
225981113
746607877385773056
958805717917552640
575285435
1002536673132077058
1022912408363442176
52735136
84335480
19431462
4880527091
1253195558
1026279868244213761
2936984322
112654518
169445344
250211377
2996745903
921097850527911936
952127338577149953
1938937152
251696623
613382983
28305103
629799189
4002509542
1026516285050380290
137029516
18774306
933652096720736257
598808650
14344641
914424918531387393
1916527866
47015835
802887638344572933
1339095002
4763582189
1021252492502421505
3198145961
281310143
1020694182460084224
880355027843502080
337411103
1689572334
33599387
395234731
69231740
867035747563581440
151818973
1490138324
535697445
1025865080834064384
972839922
130377957
27248755
1862987456
956548371510120449
1025647150695297024
122589491
934736512544935938
2880822308
783380026246983685
191201712
348996676
313352126
1025438674463408128
288899116
987217695723704321
1025390758713483264
1956195360
2610676713
2608191570
1018963388108623874
837939750757613569
1025000349591986184
1025031370442240001
3408021580
1879996548
797457225325215745
740912174734802944
2710362655
396699164
905113917617254404
485014024
486029102
2628902063
886743848205942784
2913337962
521468241
3029369453
1024445763508523009
1024565934122446850
297894644
22117170
1557987606
2190679104
67243895
1024471149546102785
409114305
92716085
2319291750
831360671950393344
4461299298
89172148
3776322556
106791513
1003268012391256064
973902575429996545
992490865267478531
87914521
804383175426371585
1022785987263582209
732770067855859712
804283562115629056
702943870452113408
939600663809576962
633694973
66330807
976444672188080128
16428799
766829215299821568
1326233714
1097367602
1001359173534277633
1023515755458060288
14101121
1011524774
38869982
1023382485910994944
3198405508
787294115922784256
34083331
304263373
927938660342808577
939506035139547141
963529184193626112
254762998
10111872
580112156
62240289
895946554548211712
3263457524
532032837
1003184042542432256
732177761675042816
38481319
797142473462153216
65706816
1021535849660461056
2363246154
44657144
1370823950
936150014287663105
1008443500181032960
928320641354301440
269836301
284421562
388683298
42464605
2808205270
3733594889
185565154
14557183
575229455
593032468
81719182
217759727
785198204472008704
38151278
23504037
195039130
971974672454639616
1020868232918360065
82520231
3860108915
14310414
46933329
1283410500
3138427638
2502542757
951095086833684480
346879871
902556122246258688
493316491
199601418
985464784253571072
4213942399
1534427395
2247444301
819658762386599937
136783347
367218674
389695365
255618383
40371618
103501819
4329542352
34866582
3410410643
4498351181
14343272
1702076594
14976544
958125748216188928
1019966255090974722
1378889448
1007251294149492739
916265068559425537
1019860995521605633
919057764
3805928668
4034530393
4833086043
794586538327871488
907418454528999424
252972317
1010682558567284737
1113018450
2249522227
1019101692158099457
4817460165
3390676139
3122470971
18184224
164783008
746364112754597888
20176114
57275753
3233337577
215188676
1000825296
56258741
1018875263969628161
1012308064136024064
1018696237019815938
3024861851
156299795
174288780
940756526272200704
953188261
945825758
1018541473334218752
406787518
120146964
2787725070
904636237884964864
1121986466
204748194
846928526712492033
287652973
1356202177
224181904
724560139710160898
1067836406
961834915
164636155
906535683392602112
17499028
8744602
707123298690174976
869333880750440452
614684707
2306466350
1017284931213496326
882049939639062528
742846976073601024
1000962983089049600
194883076
3212508727
197168495
1016683149437227009
376837833
80143981
588802475
826709087853355009
1013691747619229696
2799259046
18269413
263633108
1014611543588208641
929069302019391488
30485413
2365054582
3151376266
1005824220809564166
975099188848549890
925797519803764736
1010181492083867648
12834372
195993270
780110222660599809
3615651556
20423427
134446944
129762487
3187496377
1015479269357580288
1015833499859742720
21385382
1015760389529849856
19261800
3315698084
172843894
1013401420274339840
3300395761
213069491
968945160078766080
894338565085306880
1013819943710703616
958681876398530560
796163850303246336
360376211
838238549052952576
737947959585689600
1012182691209535489
42190244
80153779
743944619671576576
2970270507
2665303729
959779274768179200
171235706
2265738002
20429520
10194092
2330222256
2852604954
10840182
1012625196879138816
2978406328
1940314304
84653313
3337720355
920167372639518720
106584388
897716973139873792
578464013
1002189928984449025
67339762
17772988
1014096129103990785
271468691
199773779
797504
92299611
87435291
784724002044600320
24522174
75991205
1359045792
559121873
994258185652490240
65821465
1804274372
4805430752
478278454
872734272125272064
123907327
430340897
141099972
985306455854104576
1012619609772560384
1614217195
108951387
84224501
221732459
773561146792116225
514390507
215410555
592799082
989614968633995265
158219994
16436199
82509532
1012634240243007490
1012534149461102592
773367386
14776391
1005998833812299776
1009302057352908800
35277893
2561407803
138183009
979379439388774401
223059736
318810685
14448996
299616818
1005671322876334080
928149740
947344396848021506
3589745364
45036394
17997731
708233216
933048624011005954
80257358
181289732
302425104
770263160804737024
4858563561
33468259
1011805428936822784
415636634
2595891845
175654444
1010958801367982081
4875592384
43500578
1691621534
813589722551504896
2962300148
825124163132280832
132088466
814694648601972736
7281192
620805513
1011351893648527360
986276261109657602
1007734804585111552
1922490727
145101243
973536376846139393
25391380
29816606
992878089163231232
3336686039
7196022
17380028
911162263
122931558
247683915
1010762445025972224
348872594
91348681
500726541
388210108
1007737453715841024
975082678876647425
61986129
298104808
3228059068
383346138
49017631
999528768988303362
14602304
1007454197699129344
1010250292808568832
1010194501959323648
975038048126885888
775690945467674624
1004519242820214785
760279519966167040
4099974209
906051709
1005105455914471424
24041104
567604042
135210389
732893720
158350260
17870597
212302377
383314473
327614909
601256140
3065465039
36847073
38080431
1009535936038916096
1629341107
2958945424
2899662594
85815878
762842863365263360
29977436
301792070
432197759
338105832
993703050391961600
1009245090383048704
888519927430295552
1009144410389602305
736828446299557888
838468838937268224
1719959593
503778933
905890810012594177
37809878
1008447111191580673
1703314146
335595134
324737922
1479527354
83950763
396555343
41243901
6006882
727236886113214464
1915602972
402203970
934876848630136832
3097883420
1006462883750989826
733723826870231040
999011101550489600
2348240791
510927510
984057709539373058
1332695599
56224086
1965961040
1007951766468616193
922814584284680192
1007345934844465152
722419037360287745
113649324
141894952
86328489
151182680
961498023107878913
1007580115872538624
1707061741
14164037
384431029
815260282922663941
1238353862
2149150558
1007096093866373121
492662994
56681158
238237177
3230129491
65551488
2996126167
1006741444462370822
972697032224837632
1003855358224289793
979546567
102783886
14373096
9361782
1212725461
323578713
3214579775
934635264189743106
1006482226933129218
328314455
703579068017549312
1006367336322994176
4839881229
14089591
947651775594627074
584960692
1006129083695190016
41118377
59384983
1735471028
128845990
985246267042246656
336110546
1005630435211087873
14405017
1005603698947624961
3187868324
1471421688
981101
4712615715
1004587252758925312
132391419
1005040915424206848
874660632062173184
1729554296
78082912
2684506861
623331814
464806211
477468826
186625525
459259695
539041061
340893261
344082102
14657528
251127832
1004249935670382592
1477060261
62367112
921579997617315843
575951070
58346512
18373504
957351463
920964592561422336
945502955570061313
245717508
181450691
866054082611601410
445995862
373543093
3054303218
168739476
132825219
1003837246666104832
2715099847
927042512337829888
3013478586
180411223
980820494101262336
171986201
2845505469
204898527
29439838
980652664265629696
101316819
59118755
987701866921259009
2627998560
308764894
705785205722746885
897808754644631554
1003021437140127744
316355674
148195037
889594298794221568
459528282
1002971604345851904
410845030
1001918171631243266
7445542
20745285
880220745758109699
1002530734639407105
1002512458458849281
240805571
139708703
849515847672639489
1239433693
1001122410459009024
1318649785
4696667840
2396999659
84624452
914862098064306176
51516803
145505315
2254587655
19729719
1414883736
1001841924444184576
79302007
1001741780965056512
1001091991772565506
1001673914706259968
958641532873125888
355042432
508193414
996778370192101378
124728022
1879084957
149795045
1001361913916280832
1580355020
747704672
2225231600
200619202
999286944323592193
898879544
448032857
1034747341
2955016158
983400261979967490
15268375
385591091
318699348
216375264
910254330292375552
3223029326
351168742
16359199
4059911834
151454783
996775452889919488
1000322748139229185
815860837332025344
1378751845
799945837677658112
450850183
496287728
828936779977916416
2567221351
979227634449002496
253881640
506691245
76369200
940714623329865729
765827551637934080
703096147
926496822482399238
343184342
365295343
999585336727560192
2345936820
99532638
167546342
16160213
41245759
116486444
230397892
8817252
87701033
982156211368804352
999263232052342784
855824442605416449
960907429872578561
1387007330
309712768
971044688047337472
40462416
905967233490329600
13405372
1951754774
3171449605
288178444
149457494
412495600
3888641237
48556172
339233530
949315904893939712
3332554624
3413506311
998608910755024896
1943210910
4127988813
83859371
998442797941190658
978446443571752960
394312648
864075144
984019914250964992
763674674286977024
926467993898569729
75899107
492582769
254204713
14447637
255794900
16346988
948172707966754816
959868384832839681
2780008864
14617339
997698584932827136
52823562
3376166231
14894725
829933718655504385
16134540
14679281
997514322195730437
2934298279
81302721
996106452203900929
115270595
86420858
996521159507283969
833024161194852352
997120328865406977
214409340
227172797
988519506430644224
984082280711729152
888121039447666689
15463569
964137135849820160
989295758967894016
285550640
311297728
64694659
370416600
996194809114062848
23505722
3388633671
18768212
741902455638745088
3408605865
983039046820573185
995274926364880896
2782184890
387529716
975962233879478272
932717522
811560825336905728
996113988974006273
899661205140365313
840894199637643264
421692549
35569456
2326959374
160866882
968472942031134720
3059160804
303366979
995792030772047872
26292872
1252200384
249039620
3266785772
23751665
995737760903389184
994969402503254018
913226317969199104
931328544088698881
222942243
67268654
2424208682
57996046
224689245
2196441884
746870894
18309740
972740121048092672
407292905
158729310
867263637559271424
118411523
63130704
949106921285529601
17828519
416782236
56722449
14160539
971524060957036545
2525745547
994988700235980800
140165355
994843707689132032
992736007752577024
544592910
945173850232446976
994866747302989827
957307925697048581
2377685419
310272075
370726252
42994017
127527382
994561274611748864
362380525
992922021549035520
19532284
19119893
73683123
289463145
994488278073204736
1773188473
2600887510
25353224
284135210
1069353030
993474600150298628
158791972
15089318
2463337165
912408028476882944
28561781
3985983559
50438579
17814604
146273710
92359604
67284097
3358350243
730461129453899778
914843255174569985
15190498
3096972918
3354669699
110035452
33023084
3362971339
926572330041651202
72648301
2149011793
214252623
905180649824280576
385779394
869385230
728004254267539456
1470288691
160730814
17172396
73516022
312486886
895391785542987776
2711217571
940627863207923712
785513377187688448
993468510717267973
978036715158949888
903631374535426048
925079542687043584
855393787048206337
74948963
4139590252
964784327673434113
199185647
1358897587
19132903
4866836717
43566693
18897243
991334058138505217
2578303620
10636132
330575604
2589427910
924634010160107522
825713696764727296
19485194
39380589
2903032665
941995873126379520
992610680690880512
963281550275092481
26165102
3862502123
943803297416302592
796070349091799044
982954033408348160
3270222924
14745550
992291992309657600
575288130
721068669653106689
857627907971088384
982517412166885377
1535880192
894556122123612160
986165655392137218
64244798
257940412
991390394842779648
41958463
989590231597830144
40156897
737216390143344640
283080534
294673044
85597412
625324657
991495682128310272
21107916
3848243721
623863
140363336
898919727564808193
910729152063455233
522246555
3401221545
1316245741
987071315654905856
273581303
982304783523442688
903671394348752898
2754014465
820330312945123328
29183118
792379386976624640
965222996951609344
984499504304082944
990883672541851650
804379542
1316012192
152710895
16778316
4797248242
1314028663
2816192395
242876353
1169561
2707065429
3993242294
102958596
3308916312
99088436
3265433010
822425
926161267483652096
464241437
15341010
961984060703870976
899327116847841281
28864945
745955818575659008
989763874978123779
38714810
4654994768
977553908406026241
719623761
2881380781
243279552
899001732671209472
771488794478542848
2195835534
989512599640399873
832763493099073537
982853756697174016
989272060512874496
125942506
370984952
887658628806725633
352421058
576277879
470369282
59161548
3380354052
4504782939
1201095072
848404405166723074
766167
276040786
2521329476
4439706912
22331270
918113833939492864
974751078590877696
773576383
975321506220617728
326514316
19044391
4864841713
43665783
935487035594432512
4362092966
933661309765390336
197769825
324104175
1211128794
817910011821260800
466289134
156180627
969021990924320768
3014803287
988138575186354176
713323105742151680
987294178131361793
724373151048708097
1237911739
277564998
198600704
887663041
3288966336
1969495188
4843145061
193556399
3151663383
2984305514
3349517830
84638347
2471794735
1534772784
96694795
4902343126
998941800
39694736
25774119
306322678
869115160656478208
4481067028
2180373894
19609665
1170188900
18884342
18577998
55487740
951315919053012992
987211668215169024
2396504156
31381470
960279523135803392
986655992468463617
48366432
421150887
986906473010642944
2214140844
701553954
248349129
844252720282324992
887010363312664577
962277847007158272
2238247404
14612975
2912251349
986661752631836673
267998218
5654932
986528915178119168
948515517870084096
86001810
21640722
235217227
828833124884688898
1334893310
823816573332824064
13425242
852179016052350978
832285666071412736
62575572
339916754
26163535
2402201132
18130193
966455545573007360
18677659
63356532
974723637033959424
2254241084
2575228506
276109111
7974112
18174265
923998735130120193
984876538280730625
984879300167028736
1864347624
65880597
4032643803
381553865
3095154915
25455921
2943924593
62746712
415120669
976823990168760322
839120473145368579
18381657
811275399204257792
985016463395258368
343982138
21777193
65429272
15553173
453973818
66472646
3680791
886836186500562944
2291706200
945471054461505544
865423732877139968
19043507
785375296681746432
14862376
848336177534992386
1029540644
983187995221200896
862096675812159488
86736096
142645942
893779366731169793
836092203504029698
2305514742
345290984
1249952150
195877243
97891996
920290597629517824
224355613
983410066551435265
90865550
399842377
784509282205126656
356059290
15085915
110225659
3214562171
162365341
2503755925
148816082
982924423106908160
11552392
14637338
129382872
963361056805588993
1468940293
2423885422
982585455542587397
972189971510583296
138966937
2480075917
801423416133754880
3991022953
3100616050
981965926450061317
3280860602
86644915
732245305698066432
445417189
922764699090997248
972986656176427009
99607170
4888093301
971065370743394305
84162572
2840128253
3085549931
712289862
3808947735
1966854596
275813700
2180677798
971904254226165760
2657093942
970958623588454401
4033376234
1594278877
886903457466253314
964602639387262976
417836529
4300037435
20512593
980747357456248832
28607561
759817235762286594
551417542
704152180945584128
979993854643523584
52632438
953942851821428737
173857057
2216989716
3040404082
979392076415717377
51481444
961170376570044417
849550434217979905
30625816
188280826
742934517716033536
513836938
932440980
908682522313314304
189066530
887941179022524416
979391331427594241
100382420
27952001
940722373170524160
3139675090
3011961035
976355895411064832
979005139427082241
2942835132
949703894136967169
3331373709
1243016624
1862464212
958780412238512128
2815677988
2363425704
1440719353
114818623
249606156
1481704994
53006223
1435924795
20619352
15300519
978315371949252608
716088252017430529
19111367
957962727913328641
173151139
3109235330
3189130976
14867520
948921968891432960
176105101
977941367274979328
3393919012
21654317
153123556
18426696
144774294
3194299878
977515579065159680
428262605
365959357
2258139325
28571078
53972003
2652582764
908288568157548544
553518666
2594812616
749633384
19301408
608194198
430034514
539560511
15020600
76860942
111525507
586658978
39653065
972442283625926656
747671688553369605
118249878
42972679
811694051993022464
456157190
156642646
186265059
53259763
2951804705
4853328683
31457385
716965011097161730
243812034
179638463
2268655051
3392730819
104398685
161603142
1366959241
938385906938998784
484402989
800419060190040064
726051296889835520
10636032
976455209399586816
353523620
965713808156184578
3401330397
2460762217
2582589666
105095041
967923054952304641
973882401389711360
976130101971623937
103063623
749590103970881536
824875881373978628
975896478760816641
975842856312147969
38580139
4905827025
956921931357450240
721998469704073217
167088049
24762063
974104769290674176
120090961
975286474764627969
44936611
951179269874569216
18897219
17760392
2414751704
85132685
14376143
2649258007
974726931051679746
481375296
794430592754524160
99040057
2174343144
965160450345263104
1149180846
1656730640
87447550
16237237
6691002
2259031388
179216520
18140727
790994664539164672
2449385748
86505982
23414163
878453711022022657
973130429556457472
154168579
973927253338927105
973927158048489472
1424410981
857999191
947225127175016448
1219603488
219833797
973504004570402817
867514824
245707660
4002237977
767638922805600256
259795733
563114753
953865959512535041
107662715
432029942
838505013932666884
63523287
25785903
2935696087
4175365932
470510238
192043453
258354205
269483245
43107668
81590220
2929025108
22392720
754728476343754756
176086851
265942168
971399925031473153
101785860
961655737545043969
52381196
186034838
960512661350944768
258988172
124382170
239729793
972078563393339396
531059131
278352135
989038496
102746247
878804734232084480
780083303143530496
700011451142934528
15163953
864105541320048640
410196289
834842569934663680
883409774137573376
968313935966425091
22804234
945651459013484544
11436022
629589267
3675671542
96547399
19244527
2460254942
3575325617
28196168
104503155
935179489868374016
4252581197
971078967267659781
18313673
832010606861496320
460097148
373041401
908673498482200576
200435097
729065690586550272
2576293980
2563716920
967042854349692929
967497408098783233
2989500418
890171841888665602
970079631373164545
63021010
584935160
715495697026564096
592908921
733329855127912449
813887668346032128
912647694677630976
261910659
14953188
2256249930
818810926845411328
40674253
3319968878
15081120
969596348403212288
196227328
960537306695380992
903361195259953153
1059674100
968523481624252416
2409039104
28580776
969219252740874242
80819061
5473922
864139574800523265
158931372
171993313
959322154096459776
89524397
164712893
85287076
4831167784
200557525
1653206834
968085288974155776
1962560377
126889748
2387158015
966779143198158848
2922593698
179095285
968472107897245696
968407156197294081
1901649642
823434790204506112
845106166216736768
2533101615
954924116783411200
722590470610661376
968260206013636609
3060267161
1937258899
40556808
40971698
88108409
800863015
928350836933189632
869683043388325888
196065396
788987841611259908
207632948
847839870332665856
967121484778000384
954098636203462657
44019254
219829106
907877323529183232
3130381294
1717322438
138021589
17302687
908238372484907009
14165324
214017796
90871213
26371840
94691317
756089688222339072
123154043
832037830146740224
900338105324105729
940088209
258783862
62913125
972449197
911650284253966336
2567697420
949268596416569346
545928323
51806720
16809007
537327307
965906945252167680
1191358184
134734897
908587031810342913
2191844725
2996064846
3315324666
3773643614
925362348
908478484019900418
887757357555601408
17715650
965615509084532736
21040099
384809425
450849099
2244757243
1910779818
124461903
57825385
253351243
702945438
957668995146055680
871398697
956980260045762566
852507456
818201778
17857454
2561377825
331629113
864697770199863297
962462414829686785
961133971546533894
246812982
886537209695748096
45539443
767921601954193408
6447302
964297696638095362
15678738
2902543365
720638831800774656
957218444125995009
558642533
78559674
963811180950294533
963752355916402692
938658774872498177
961960562505715713
375795581
954133747921809408
889568914019164162
234276043
963440975313022976
514506290
1437470826
2788622206
962373187433529344
939719649964503040
358742926
862413780885528576
955989285215154176
962055095905996802
113952492
108246713
14936950
80505940
2848984196
2207402485
3269594966
3666221
719965265962917888
951166365901103104
958732575069036544
135188604
818395988939444224
296759811
961964678107815936
2794773184
898474585024339968
2858884641
1633383998
899467822014836736
2511277304
602804895
612197185
775583115565760512
960872888139223040
948931180002447360
14324805
373803483
297779717
3039016295
958086417883828224
2361350799
961328422738898944
831135240190038016
960028666800386050
2866060391
137739138
959107095747579905
2363618412
113583550
215577421
989269488
928662798476959744
747875948884701185
195561290
22557196
945707334583627777
302711371
819610013895421952
118510917
955517926966165505
820630564713676801
302660968
28632886
870339883
128126321
921769705
35439682
51092776
875704283890565121
939299237019471872
362478661
222668568
14374806
867925695607046144
22168634
791236460
560899646
960497200575991813
951932455845617664
20038157
351074778
53141981
556154902
610592914
139372482
92778449
14247105
3305665972
579209371
11872442
412867651
107716735
777542873059299328
920738009292660738
130279247
958340748696580097
394176812
67379726
960209423921766401
309219416
2708646460
334880923
749974345
834122664193224705
482769798
950070417410097152
2226417762
350024595
807679909061595138
959846509696159744
115972732
950351735855333376
91377235
178886136
42493839
67877664
515933945
1002021169
1468098312
265307597
3352421649
183534932
381407180
333773493
2354831283
816364047255932928
3153617398
921406594553856001
91805166
936066658686423041
863437838972575748
959260598436532224
2873611167
96188995
214979032
549906814
956235643272777728
47530867
1729169804
2753783802
491346951
959548755472277504
44591412
4737328582
28303462
352113218
783120201739108353
920608147764424704
771808411214290944
83721170
591449150
87480408
53930062
42898787
4219592968
395374393
15764536
756140496
2821851422
1070367415
746669238
871394574412820481
712569578149130240
2956576774
903287668271857666
10283302
120358106
176545480
919972858448830464
55184756
942769987504050177
951058672741842944
901175974988881924
1411996164
958114425042448384
396794154
375230080
15928665
248209052
14392562
46706765
244356648
623265148
890954784915824641
718516961324326912
211100378
46334502
188915155
1542386618
918563602537353218
957829844082999296
64171513
72836529
112227981
3229637112
107366172
723826592275914752
8094902
17028671
947389854035218432
2909382763
153785289
381923833
21497884
3150437256
722556587638960128
4055648187
61499915
196198008
958441057330651137
154094300
878265571267276800
2343345937
958343800065114113
1291040017
1062443042
900115801385992192
21150660
958260884069146624
235026526
51194704
942129090349420544
2883087439
905398518172585986
255394450
527355225
39219655
957996570024206336
182841512
957972535856934912
14997490
65373108
799261376082427904
926277858619772928
874636652508921856
18614937
957573952754237446
160194635
2451489332
1263914198
2191812044
82997685
4891807816
4324751
2491341864
2774246832
6836922
222852435
89176929
15784197
234115181
938525981446459392
143377943
3397045785
956910328490606592
48958732
1172264966
351845027
956771355965325312
922034387985735681
117310744
557026159
371617276
956573326394175488
51930616
956249751829262337
2515334798
230433463
17156162
1375102844
11385712
4820370352
124786612
753926567223451648
955009538796666881
4012203974
3300625809
951500962509795328
17105225
82452743
1704674204
908748062931156993
855541003100585986
373400862
23592571
147019572
812430123362201600
887382241097244672
90472685
68117386
149095901
2368061793
4586746393
90387516
2365208386
952095811629797376
832232275815264256
800617923542859776
2801854439
954226925895143424
721356461113286658
948702127660072962
416020903
954731438666076161
923432083036561408
763041590516539392
955184716709351424
1271655812
21241796
821620916887101440
283016162
81542742
275157236
2787746072
25367675
98290683
2480015678
2535892788
434044420
701473424724488192
259564191
954648041298059265
79298908
21930698
56147528
788102520
952476417169637376
2969962261
236206607
366710055
14566379
205561768
142608320
14290995
776271606289092608
953904325578936320
1424257783
954021454672224256
2594890507
3666649222
67420127
123971546
890932741168136196
70484222
708964741
315348411
14861464
953747352036225024
116724158
3331568229
947532843965595648
946943272944992257
433419744
953211594963603456
953463687246790656
1356781088
2911105938
912651393877577729
2526730946
952618527814504448
456011388
20037986
18625319
44114760
32852422
23575276
235614066
951146085807992832
952862276712677376
931679762409447426
209353041
213148877
436156115
4533518355
429014680
76612610
756595555615342592
385665490
2863554567
214308561
536358706
952293071777157120
80797029
72343962
428625228
799031861192380417
874928708406177792
158719528
2213625072
948205442517426177
951390735991001088
916603412187308032
195795571
21840925
817423545982681092
51057658
633943125
90384353
171471253
45325955
137407445
1264017504
101564447
837852291151581184
898215903887847428
20546803
103923794
94091569
2563200393
892427136006598656
89432721
109862266
2923693222
950831819569721344
793514556542910465
948612434654359552
760159238375157760
179135867
46641482
3043291461
415052375
950277665222688768
875611919821922304
947349222357192705
144672218
15955870
2322814453
847190167542652928
69861853
749208064121864194
246840228
950373049169215489
2371300197
806486989755346944
2334468469
950028639084646401
913535480
949746117725605888
743532232829083648
828290071942090752
53298326
938408161333018624
19875548
949441761641926656
19940123
406181078
1398419803
938171211833626624
55419028
949132426927722498
120780097
616758679
949009287266873344
110773409
2369299027
217361621
948932097976258560
805814827121778694
2334361
140561542
109268243
830226879651184640
892680065183514624
381361592
242594458
303271930
28670514
799767522568523776
400322236
43730818
3817764694
948446552875520000
269627246
3235048495
948149901459783680
796246217856385024
18915407
15178544
830092807805214720
48637844
2243313343
266514926
943517218960171008
2279974934
3257606973
19122688
928720552612777984
826980055175671808
947519154936049664
752735123980759041
946756870328393729
321963690
19289933
546840720
23389233
946838248763953152
20381854
210751313
946668126652981248
903349388340105217
216802709
729707049618165760
945720053458026496
192961444
3404478053
86928340
220051266
1011832950
4266920654
362244985
1030914768
1331232954
918130327347978240
4847859600
925838297519345665
919897830537302016
181735609
1961180222
962201425
914252701977972738
924194330
891311090725920773
885382660754882560
927044714217349120
15965566
392358677
833319305232146432
777367424198909952
941594593031741440
945126754913419264
354970508
941270621308227584
858849810
944794580515352576
842109797986099203
944701515176054784
944661372004118528
917973959819350017
3258851579
885114215144357888
2447453274
65760179
63913188
2573970848
2650844906
382616427
63660695
928966775240192001
2891058399
870290955450109952
50550121
943392662316568578
13391682
2261311980
797328885960437760
1336071032
886969942796414977
51656510
119465359
157259185
942973750127026177
350167173
16692555
15948159
429681474
974355661
26114694
935877073536737280
931362058616029185
106486016
2469003138
997882316
488624273
942355658799591425
2881941379
5201391
803449679602126848
152350142
942173532255145984
51142471
846618170915938305
172698703
16023676
920463322259980290
732338548339298305
2917986154
941693701583093760
3352837347
15237316
210872855
838494039573848064
1078792536
925330178502303744
786212929225883648
884299531713617921
264973232
940952345889746944
713192294854369281
446788413
940954385651204097
794026
35625306
841649048339783681
2945989271
4886640678
2788918711
14961305
527512871
15243252
865681503098990592
329656576
940202797840166913
115801470
434583108
925973606135410688
27306075
96684208
839265276512260097
356571716
4700459369
2259213265
164838552
1351133310
4915794077
939385007482613760
103988625
939187836930134016
2359469555
2349075116
2227990041
915591447096651777
68508911
791700355641962496
4737637696
23488784
12518332
394101555
936313346328023040
924752174915244032
938361862500114434
351028549
27431249
555752071
1417693968
717109960983719936
4855457081
793477897537282048
302818838
1062503029
133743890
4019444795
929077740476751873
3718606997
456242671
818872061498040320
245586142
746781696993992704
2342078696
28945520
224934297
802852946
269652222
110823198
933423936913670144
937706720830283776
1634500286
1169624402
14372026
84955420
937286529290047489
2270006013
50916252
701377522907410432
937268875019907072
16172734
36116918
2664524569
935862468772904960
730936856045572096
322845630
26663707
893375707782406144
70044214
1837408537
1531858435
51042191
4031406147
936075458063601669
703144099281436673
296502945
123076992
779635982010159104
935583517056086016
2299906604
2613535148
871612150292369408
719821363
1849576316
826400039207583744
935513349219143681
14205283
935495765476167680
886700814
935470857044025345
2303366058
935171533630083072
94801793
2274541081
837868858207674368
727159588634533889
79606430
63991560
321233590
753552040199094272
793410985
854856406343847938
1565913781
934744388323958784
4872536631
11436992
1189119919
793152916265705472
910677887287623680
931961483642187777
3395645303
797612940732067841
3393624466
969675794
933902539459825665
896402295750934528
3195886429
1509780679
66246314
3379620417
135298824
3411033892
930778221028827136
831800988
933938746021384192
18946948
168837181
21782072
2366406254
93883392
113879432
887091300092100608
153750906
429053716
4778366069
931446644658159616
933341835467964416
1069830320
75552638
1918749972
841023040834138113
844316920123940864
458785613
360997302
614147566
932772604024418306
932601449908973568
2869746069
2775460392
48270932
148435472
872065922168745985
3266121
842561314912374784
932716562
884010503022022656
870698185429098496
55302724
92371960
929939994617159680
739686284088639488
3355208381
2570783070
65615310
917660342670344192
922571608119705600
777209737897213952
65551820
358286676
789397362187735041
1001283048
376494689
223021601
129369854
118829521
931517947356397568
146817690
931503638291337216
430554810
1448042053
931350764395606017
871831856005730304
482281035
931176203528097794
177248029
706520400021159936
2913926531
299709185
55917998
3024327409
165516388
276879011
859066775543185408
1022977460
875510006505984001
137229087
930793114117193728
71623060
44612144
815259482951393280
756337523081801732
3299661935
2555891761
94577284
235576433
3000268547
928455851320410112
821409503736373249
820938050679296000
235569556
527170483
3028849432
919807034144342017
39943024
930085314248417280
930284718301495296
930262369741271040
3052666054
73115871
804973616400072704
46931553
2437271462
22427644
34364418
4297828343
1448823356
2912499610
435947641
1540625600
3154802894
93851057
73169020
517811014
2407617140
476166474
2970037673
3057086388
2224192268
895511262205014016
3145199379
466816676
51412270
4854269842
358191590
83181558
520201084
2376680295
268443336
596201858
2180531022
14478293
928642657039060992
816088715193909248
456077259
720666061
718146025
224617562
283766362
1403870594
927555746027335680
67676569
912289688366575618
124494553
6836812
22514175
22158595
529254537
919920607675871233
1555185080
82656930
927539841142796288
148774456
632321166
928064926488383488
390837371
4365590835
374595620
277373104
746711922
104028257
494379323
28438516
927808418412457985
3605202492
111080736
1640035382
800631550022852608
140515615
866958262083649537
111503301
719419296
7965752
14856367
25627852
819478934970572800
1372465812
2527716828
905371773083848705
770477639043780609
155356208
785815889035730946
786553497646829570
121889456
739568727193190405
4852112626
859035602670321671
4047498561
1540228579
179100237
4177155015
791388670414708736
140943050
101334172
915084564019650560
236694292
845883499592798208
808575837435924480
256067480
15492217
331020444
892062413847232512
160482455
284432022
60027617
926328562600333312
2188968164
1199038860
180431323
923383902290436096
288152891
185314273
1629271832
239778335
266516789
4649500514
815104806608052224
295827894
718493111429763072
926082239074586624
2479548662
2615654598
437375502
18430554
923430404626948096
542935303
19180758
162157593
748654460679905280
798749162669912064
2269965216
356511895
3243487597
117156334
16990143
841932356718063617
215210451
887149561696989189
2645743259
2914877384
50688722
990088591
1049344213
607377547
524935036
832659102643822592
2709528793
57070988
1969590229
53514752
3816010100
836255650053181441
2299311270
67356328
14898216
893689856248827905
20611013
38619715
925290467096514560
1305291031
897656202
114757705
3184430298
333814476
815108677837406208
751659994911739904
902978776774184961
3290682540
359010269
2761982663
64954580
923795083891171328
224131970
63286208
10476752
134194959
2864303955
909574790997929985
991659944
372970076
34701209
376229358
906907783085166592
900366844619616256
16166044
187897553
35307027
920407880355995648
896058752444518401
822629020386861056
2668492302
923883062563401729
923867904063492096
100662640
14921086
784062980375900160
552480758
923759407178985472
2946386862
188321906
3159484628
42115995
160194341
2186115684
863246236207284225
1569191930
60890393
607287868
731027743882678273
901551146
199757756
4856904209
904883812626186240
2955262611
146091536
1493833267
781820885594505216
2398164565
115920236
64262725
719540678720634880
920720378548424704
344289744
258448469
923204118180696064
728525143346163712
915116006288347136
922864495785017345
179380159
737444653373476866
33246454
921218823084179456
384683891
855863060904411140
2606741256
177054453
31304689
3456355572
1948621165
2854963272
852057954656411648
594576362
1357442054
21329570
847171396388229120
418570615
875086578749767681
2439012991
848990612628152320
920420001965678592
826415175989391360
922189926476795906
30500021
2887675769
16478636
201100524
723496542
88340869
2392034580
909760200151900162
47995198
15161746
180872487
132865488
368172640
18923276
3252132942
912266818869276672
121567873
429874674
111966015
788315617
862387970741030913
157519186
964551355
916677815306674176
152962219
1413793638
856734972
909846939990151169
4234699311
2860576032
921451384477704192
843454599096946693
870465612245610496
921507102681681920
15313850
792076562862575616
59345667
19151403
80546789
704061989891416064
2940558034
15355316
231864201
298077410
1092975630
18302028
27975465
801549386920710144
880413860708012033
389512973
865928189012570112
442755305
827661113156390912
395401860
836294967739969536
896347267002773504
104947105
844166376663252992
908325476128772096
27241881
915295501720879105
918071621625229312
833279375831207936
187733092
27278700
78687973
334968594
851314488431316992
920422761113276416
304969683
92404745
875915283285905409
920242825089945600
917337251952111616
53955984
34001738
902344488881983492
42702559
919577408109387776
791227723725303808
906651236643905536
881872099169665024
2217612109
877804181494669313
43005278
16610449
767713925198647297
343914216
780995717095690240
24890123
918785180961263626
916625984798982144
71205340
913034691472646144
4490509641
834826639192252416
902455300124495872
15446838
19801714
188634412
103183970
738669605409816576
170605097
4758778814
36919664
3144857139
18631393
288154282
751477845944336384
918381129438085120
1485989803
899065499748794368
916351584824684545
49214385
131126550
3686420832
918169464201412610
69561068
3470992407
82810321
139575584
52611457
2329430118
966182563
917976227482357763
888025853564768256
14168112
604651156
341663684
227040204
224296782
1605522048
4113318382
473003741
3165020868
236289968
917530599035781125
177760845
98705166
2970467500
334297708
871313263
248275164
913870692831068162
420409248
832627554
29270717
101561563
391253052
136273256
3253930642
915924716363354112
915437322119901184
4185300977
2880936009
861635704467722241
575993119
1179701280
272181177
901235793456267264
400067238
4513147152
281429855
767169942512959488
220086414
517607852
278294644
18616412
275003271
3188974620
96752471
53883723
344640865
50070812
912441160085397504
131792719
20577767
91503139
102102456
1131154608
2208650906
16590076
788782961147584512
124396286
886435202091720704
913418563746242560
1325564346
34423028
56686123
3279847387
1862291760
45525937
15482668
356106893
909984996550598656
506872472
915356808272789504
859377668
206735800
22224852
631788662
1544460372
22218912
2188037684
122893802
335972657
879598760023789568
403850859
37640155
135462498
387697529
4796076443
124067925
1409308808
882969961932652545
64832118
1106925818
4623354345
2305591700
1280924378
14072175
613792863
443838129
914388298579267585
66708886
144253691
742263120417198081
223531039
904077489571549185
914138390169358336
2826483344
856977454979612672
53121967
550493109
913841644620959744
708174572151902208
906034276914782210
881921151647264768
206396204
16254801
913774741554528262
614606783
3422671745
53108141
19106580
518130277
1586739098
15284202
15537881
895738250291101697
6697042
913450262978756608
2469237181
912705842654441472
268394347
2507906120
4113156275
3316553633
247186337
913257477835288582
114596699
1737831
48764616
2252638825
913121664031916032
507285286
888798961871409153
2426583684
790102253172588544
409188430
94050559
911123816025292801
912894835937484800
385360296
310426257
912762599237922816
2561683573
1353092527
912638425026633728
4303632034
3061211634
93543724
150512036
604248182
1178535139
809008346757877760
912346068985278464
3053674653
2861472945
189483783
4164520475
1261280196
2885764070
4703599824
774457208084033536
2853357278
2933731422
406956937
70146674
2646173174
3184506577
911307017137950721
165313008
4274820557
41540689
15129893
155339719
761198263227736065
33420908
3118543700
167650253
771247086
834275021686239232
830914758
76016567
1098338340
911487374281994240
630205805
755722737830604800
58599379
108512211
2399890242
888509028799717376
1015215499
489224000
910936697453477888
1482833851
601087774
859963951852826624
297588085
719375260
12162122
910689283551432704
804524166699327488
3325878997
85195068
910604705394561025
1876961490
909572428170272768
181707429
56667722
3250476949
783676184722800645
910203048265502720
854784111185190912
889510895344377856
3228092005
64606874
777286333
82668124
203453167
113438998
198460896
4476923600
58436373
312809551
3024688850
2838232381
884678181327847426
908776723642245120
427733699
909863506442305536
12075142
198583143
909787270755913728
1706760032
145646902
886568331951521793
803055796611321856
75732080
13347812
3351479188
396121528
1736451
880339204596740096
4919972024
16947151
822541975299784705
905720556141502465
881757527074938881
909050345413804032
3555230354
742464573043834880
113731941
309655574
908605208
270155910
901796454867468288
16473816
1509822620
19768141
1560834170
1359630480
2526932095
424055118
908913259864092673
844714876371132421
908858915621711872
809708555003686913
352544404
908079912
2806000111
882963896
874229107889913856
894820464652042240
26570916
421311719
901316000871727105
90344295
125332799
2383992210
860354782036344832
355549535
895165035345059840
4881541613
2410805221
120325303
476996463
258131266
908390021488549888
78959745
230305796
825478992
417100230
127705456
895097436586168322
3625389322
16883225
901119488476626944
51373560
3444989843
231497386
40927000
113600645
907999633435234304
146972431
275501094
903685291680124930
1410769302
30008264
27815510
2850089490
899875457427939328
1679245932
941858472
2399947056
3310750280
735823720925650945
907641342737731585
115090325
3252998685
41955351
825914837972553728
2801379952
907124293422555137
875985257119404034
826790199669649408
907410465420075008
866439910047203328
249784454
206096159
1016677993
14653839
2153607013
286504062
267951401
721950605661442048
53884973
43672741
767681262014242818
852553818151809024
332605037
712651254552330240
2478559513
895586291974144000
895529862336847872
907083426649403394
263336875
907060039751311360
136097239
209093267
2332779828
216988263
867038405024141313
399629648
91044970
898807421472079872
58688538
2545341057
72483881
906714577320251392
23418952
64815081
906199789175545861
711764053887156225
16465631
851107240740311040
80703
906416557458300928
62127831
70202975
90053339
198731007
41766062
241775415
3605245519
748579061971116032
19706905
58039810
44411607
436453556
170752116
302920173
537943459
805402137022763010
242088520
712782206
88668010
900275301455876096
80740263
863574395469484036
3001138189
905952646669979648
458273748
60210671
43761185
14351134
756322187573735424
66118745
3426646857
155335877
6440602
38665323
160696282
126967278
129847684
18877255
2184613176
720671041916379137
12117212
863793708105334786
773830976459898880
843443123208577025
905717216922005504
856221778431049729
783604883370803200
1695466584
451900030
40849099
905442040393162753
905317946901352449
106226076
8176062
47281453
73347668
315625856
872455250250170370
355695014
298388269
22246130
3367335785
273113000
902539057762324481
1164080245
188422079
565107782
99200805
902707788731863042
14198774
213105621
739458310265397249
124595912
2852770944
472975659
230522540
82173920
219396698
899324319456800775
76120945
483268709
1725007003
904202643689488385
904189816048422912
327408161
2719010007
121513208
1463626848
901790453606920192
863928685
726646231179649024
903687597653970944
26636699
18431283
712429920
902897399647027200
2662225535
2679291744
14931303
2556499237
1030471896
1886565344
903389033329545218
53802490
393224183
1519541533
812518458239893504
29276011
3504729312
1154865817
895904050444513285
3877912453
3537340585
849063286922522624
62300236
2782617125
43126284
1677377371
2552546797
896912191370084353
279462161
607396480
829059824
2310293062
1583612792
1389361106
901345820980658176
902646668314771457
731963118625169408
166558202
371828271
828684438
3302542954
146765898
738749490379653120
116743257
14359968
3231319316
895173047380045824
2478518622
38522432
822987950
901126457598001156
902089394798166016
332107007
901951688462004224
862392079506436098
300857120
2166130208
68558850
3018753030
779623483
137573219
587519110
900285144300265472
777216295
759488612895379456
758702611
25267777
991670820
2886217203
45929241
4193394489
895231087
1240632991
2865973644
77810367
123297277
897095809740795905
3108945359
29793018
1311326324
747796555
859525597
1199490871
148501892
901111072039612418
1090456968
900551981835603968
14068528
3519054375
871561514662076416
2291486204
3324548512
469222309
188423226
241081108
885774252946882560
2390551062
424093473
74561668
900623811535486976
1574994852
19376741
161343185
14438086
894576384659652609
896908813764358146
847305979
885571688242569218
789431259789492224
94677026
57904512
297249751
900265473912090624
839471
895639660151656448
724566974072758277
61682462
1585826922
894720661922435073
540917605
885349635828490241
279119861
62519945
2424836130
2674468294
509135900
2828136297
3082187354
4915700844
899579720936808448
880694835207962624
795601238305882112
3527356153
2829626406
49096269
2477461519
92575268
839862125749207040
14065905
119132110
801124524922208256
2680536547
15689436
801579108887052288
29157596
43586925
899048778346508288
898950688650252288
124387554
898950794325540865
819589744443080704
787580355775598593
895514657745764353
272549439
2907143964
111318542
210140870
876791874551508992
768871896846835712
248059181
265994604
2250778921
584047075
113674735
94292327
725206745392418820
793177714387812352
3263076589
779453788746838016
124950507
63242017
21621749
1477019234
31188203
73681463
3193068965
136867779
348712663
837970054222393345
415964131
894452145436667905
13473512
862720328094461952
809403280560267264
304470478
60980722
897241460113788928
785132953651208193
818463402481827847
487584167
289514413
521704379
14735227
891060206033096704
710553890
3290899379
2931947693
1394363983
2363773189
48853819
865946977690947584
2444507809
789086718540460033
896757897765437440
895484351848235008
399941546
896515878195515392
806473356975304704
867563043202277377
15137106
244407965
895666855897182213
130804959
711149057939529729
1137333056
498697972
896181105522552833
25104792
369080279
707663685557346304
1307762311
3049907417
894059413446680576
18144436
895787210955509761
4173757635
811954363010715648
796715680678760448
3261086452
895669701782536192
74139740
15010952
895570692938379266
93853215
888107354582994944
1509560496
549929016
839109380
1659139501
2903058789
280285982
721029108524670976
93885882
895370078518091776
17481836
762564785254699008
887288044704768000
2746717091
19350236
550725506
1077817560
3081530098
3121324498
895204372568612864
2402106458
890523038587904001
14760752
197240334
34908202
128543208
1157392578
244882240
575142769
14567880
894834562123149312
882791702389415936
34907875
2948726044
2594994052
700490256
15646800
34261344
4578633077
43547447
2296719769
893892953734864896
892706367898877952
885855737481543680
232806511
544734471
891207383367602176
16210881
232686539
440965745
57924619
872948951774875648
893889794362703872
119311578
893373568091869184
3404736071
893762230554054656
88623055
969441446
56001585
332625212
229597855
1352549288
260196663
873018058213908480
893486933527154688
60462010
55604008
3198451018
108049988
3091889286
38253562
891148765515497476
783639162134097925
2346641770
97046756
311908920
56368041
210773390
526291300
3013801298
24264125
127743082
408573956
9716422
35771967
892753261161328642
873911731290091520
361473330
853441372401135616
1862071417
14597870
21182778
49637751
2265530365
208200472
1351108340
20885226
360939053
852882416431661056
636374724
128119649
760890331927711744
2718313540
57381088
17532972
414682388
3284569884
848029586629607424
600297900
891729521812004865
930717211
838419341364367361
82261796
889801354839031810
527945473
891498973248335872
367702699
2250341017
2513005393
1113376302
889528370693787648
130787131
403259820
765801354833125377
2566730594
887032393877639168
891151515272040450
169505740
34743811
411194733
723664126531100672
2435106595
882580547058491396
232357221
4874289952
372339551
4776540587
115812513
841925228800446464
1104290202
884068000558698496
177560265
3743621
449795845
11101332
2833688211
2503724066
503313613
847447338
223245277
1526209382
556935704
304055701
148651922
706910608663453698
710493188356706304
313369003
19788536
105163668
884326062041305089
357119602
2769609890
807001549243228160
430434688
3599521643
498289558
2919151223
175760893
881607995968376832
1157505348
889906634910257154
834395910901608448
838087720874430465
18058960
790813116519120896
374537201
4315956759
907670204
988796012
771367383495745536
882231259
343281698
3472720519
539456651
56726050
889466693751152640
833161155103252480
849517450236395521
786899353621237764
132135586
56901350
870933800632627200
268631542
780407517457309696
15284488
144441675
18801408
888997654293876736
1180656978
29993779
17373258
90838176
2534630946
807538092743725057
236246837
887552919985410048
433230336
314846260
504587513
14753316
111408661
2516158640
285877455
20270554
885676786817921025
888449738533724161
1483245362
16040888
17570865
3119644745
415621194
85356524
688503
747462745
3171283993
758502196648435712
840783718449053697
415309815
34924488
265275032
45751888
2341804519
887972172492283904
176771835
55269591
18232585
2253727544
270185200
30998492
1350216188
17812044
2300785070
16215661
950639570
18389296
32522915
615743141
885425407897477120
882238215867912193
127783011
57034621
737193583170752512
2428618608
524055507
3208146761
937658821
773766083597729792
887456948110708736
165563374
775348388078424064
2589617972
818812567158079489
537236928
887194486769463296
331440958
16528388
33527449
172047915
882220639179952128
858424361212104704
886981905060638722
54886078
452468177
524300998
175575019
202368205
879495085779546112
150497465
244280627
2912071952
369678415
305812844
115658145
119203103
2942068694
886097902518419457
840921090197094400
15416067
782254547213307905
474881561
1735766192
523944908
1449573278
886096497753935873
2853234702
612233521
11103092
2363582579
81512418
880561791528345600
744800524826906625
3235187965
2389420492
2279198336
106423653
14871367
59357563
36337340
318911085
1389909888
2265466932
618260369
3174121111
460086749
860884116161605632
747968022611132416
16191727
324752528
884445801916895232
998302512
156877973
971796410
17654075
257600962
281115249
85912628
11788092
796669770473078784
916040131
27169238
233314086
590983
2834480303
855296207865888769
2289652796
861753266803286018
882717861789278210
24113207
867785464635211777
46692210
883598230185005057
884263174505103360
788463808020971520
1366202960
428715130
778294625681354752
836298977528152064
3177326797
326335024
2355888524
224606066
880423754723188737
1265981898
861617617936822272
1347938856
18544209
202681964
877018290983501825
76851850
876733548954357760
881131762235133952
358886112
463706823
15965783
824293879058837504
8105192
20192481
25224257
882382083280191488
882582751664377858
4921020785
756730837585039360
49139995
853755948644675584
113165513
863035524218486784
882020008909352960
824913934746533891
351426051
881856560728870912
22432705
166223949
880412889181564930
2214040735
266019772
881497191612915713
881634841699209217
355565578
3037116899
816222025635115009
1360091460
3129192334
27132262
831483849230123008
847822934
1401830244
813801354057629696
1654119458
880940076313841664
874288570751746051
880846960865030149
831864050
521846124
556380435
180795008
255128359
781954506
38854603
2707115215
23409102
158112985
267350882
8849962
880489611071561732
1897976708
294980948
333232786
879009217411022849
135080672
14103106
132835653
432698695
301172582
17997259
3903170236
47570958
864459026792423425
3013976454
755304531328544768
76453696
267258126
2794596518
879824029099724801
892135310
879842491679354880
104105548
879742179681480704
754179503543517184
105463085
879573282244108288
103713423
20026041
2533077932
129002331
1257512443
873342369583837184
540853360
4404809963
197890929
879290398660849664
879281414889275392
1326182960
3061662743
418495770
1015304718
2951526113
906702332
878868557030866944
2756151069
730862834041655296
35307259
878701586658332672
3143824499
84164835
35459680
777522730648285186
352435385
2892175822
878403179787845632
71618106
878279306740473857
26069040
301285595
66748381
743785652735598592
3024584497
250688367
55266901
876952214928883713
2953647592
873961862592774145
827173669214498817
877793165272633344
2354557722
15845428
64034408
1566544662
14544173
876606334954749952
280657127
875698811099860992
17529294
3226149703
243136688
877183768246845440
42121298
45150094
18291331
14350628
767331849517535232
216515585
71331075
775218081580933120
2206953492
877683577
872407203675820033
873550294193508353
19530384
794516248424022016
366769004
876447052426862593
2196367364
714103343409401856
317922926
2233046618
590978890
4696822262
852565425590292481
751415508709175296
31359483
41408707
127071176
738128482379567104
873444167665541121
2417661084
167687112
365427970
14599350
201474325
42407621
172243158
136131395
33092593
875593145722863616
1876258429
250174596
59164895
19676128
862945364239712256
443304821
1620534860
586554498
216321267
405449772
163796186
454886226
2180184592
120152280
26169119
960657738
1392959546
737510278963691522
844288443291222016
845738519838539778
283892690
806080908113494016
845186475117297665
753130731497414656
368837085
155078870
1878687728
2240281975
40853860
370768754
110228198
33452128
95968051
1534594350
707355572
873664829755621380
461003279
766011160680423424
826417311825461248
790205989542694913
868583027168903169
102500211
714627985
57141555
16816193
14620747
603237997
794865677844840448
778482754308616192
17369964
873220991962558464
416228530
729144870766575616
572977285
514330234
78994082
3263991011
378803696
226900035
1539658807
872809793727102977
546605608
32306565
1619625193
129552029
98200642
57178886
2920973988
63952199
553035969
763520892
798213298277806080
843805238222045184
388650835
836861419530387456
872328825333579779
1477010150
24640786
739903081798729728
2210731834
278740809
871860839103549440
707671708367462400
863338790739300352
21370983
356539352
146503469
182853424
2656267118
799709818034405376
94188488
2756583241
3105823230
363176619
92834732
797770783548317697
870808850517110785
63943737
109490409
781140547025141760
3778319717
72437541
1474091304
423059750
870212767906758656
723848603815563264
197399284
868549125423456256
3355760473
552599152
868446577265971200
33534306
55483309
1159323056
35687184
86220134
446111614
850037464815161349
2536487676
762472737734406146
780451982083432448
796173517
15470561
30322301
323146884
869824744568311808
14782673
3405107152
2467614001
755216797884944384
47621240
48717531
434653068
1617765421
129156311
4034746431
854668847806369792
1404728210
1364696983
1546138591
321902812
2749730023
1623360229
868896930063155202
312680354
157218341
990168133
2960132992
859156829556940800
833353034
858922418328547329
19032620
14842798
392904407
8356912
10865662
184356864
23815322
44686510
71749537
3824338882
867993048189251585
223163606
867396093356716032
396937291
2475625328
867800492457381889
185449566
48685195
4197131
73103017
2834280681
857835247832104960
837856728142217216
2793455362
150958507
594439355
196233619
142273653
817097473764261891
88887773
838327979692425216
560860336
553482515
27402847
4118956049
231029173
70811302
377213760
127305139
704636855271231488
53964377
864229380838567942
2276138046
823014178411540482
56297271
828025596
4829925739
17744735
3245835944
1709669252
721723314
3161188730
40122040
798808681068363776
274157429
863640443170549760
866221164888240129
2222053783
75927094
779320919495933952
329593276
843386465186955265
2951497592
140403984
231915587
2463189619
860829008354828289
2182719054
557359168
193613374
3688880433
85663573
865256139859968001
861497126282547200
1034253853
2214979950
69461574
48536485
16696609
4700249496
741381863873339392
861976276202131464
2207466918
864453385650655232
2265583385
1000658965
17185142
864142772818907137
862782855348457473
743232897922961408
1107505592
839734446706184194
35009216
862547634946531328
1155466178
847417321157042177
805126867116314625
850500146697838592
458432336
3514795759
1340480276
1481533560
227071535
388133683
838557396331003905
418438835
847311905509130240
1106719897
834641557219328000
823502729846947841
799581747205672961
897495883
3363472032
2336689963
3279958428
111994205
379178142
16665452
843049252037255168
14339360
366799066
6295122
863809368982265856
862058299960774657
186537123
3297072122
227026641
4010314193
410052793
2918194188
863422840510525440
859051743988133888
202870951
208111286
205428682
344809285
792876735490580480
863096850584223744
316875164
762594496425046016
56694772
862979746061099010
851762698480168964
2252546575
50353643
10451712
2511676200
14800175
82463
120508614
880280989
1880638908
2157238010
125985188
7730992
22253220
14625057
91241883
352677464
36857466
828873072094621696
854181585981145088
220081311
16821341
2261363155
34598903
3290131304
563915039
20889840
19454390
9123712
860107638
242727807
190568124
34964072
2872720562
749713311533527040
1469756082
1449291114
861473702201786368
860498385782091776
2644716823
362619702
854745533952479237
308715744
718475512834846720
931245294
333162848
59223
197379941
2225431994
1570376365
3131692948
5922312
4062353494
89129446
15852986
248968337
3087319463
778585340785360896
108603561
51032172
17347349
2266148904
84990731
363607226
281365834
2968389496
25753404
807926751376637952
1432234520
751944121
100911260
860058328423997441
487772950
859770635828047872
2827088730
9313562
961108898
911504852
857396642466611200
855372301897842688
969689552
17913096
273328149
262280911
14119684
149893976
749638403021369345
48133385
1021237946
190087115
2376935472
14302568
859392580529815553
37760053
26379044
766417458408329217
37870090
859313097852555264
524161251
71287082
36249310
18410310
587830259
2888578798
21568602
2868385149
1099805390
858841795710472192
2685187482
3699544215
732922126609436679
714111902
4096515012
2866425845
858398470004129792
858399331845640192
1941528368
1219197710
858293547941933057
17723465
453224259
828876176961712128
2926492406
852481141064036352
219616174
1421178500
270526858
849322159604453376
2585367236
81048930
828667346
2596531657
97929640
2935145850
769165178785132544
852759814027354116
187151845
853279370177282049
63403223
1280956327
3547244777
20598839
255954619
2864266310
41081312
29292422
760171541355171840
856974536813707266
792378966484983808
22280257
12846782
710108262469730304
312912443
3062441369
3057444413
203604281
851508980488818689
817439522120208386
112952489
802433176727592960
2860859300
856213003758436352
14887815
115446209
856075807147655169
2919692277
84921208
769793030018764800
3458424449
39765069
843062640188506112
847156369119744000
847158650850459649
123595638
790401
853510993909092352
3026015829
737360672040833024
601953556
2914312443
801298262
381123886
17489232
153348057
700999029161857024
632180527
52041834
2712207402
840814580590764032
3249871370
65156595
2174987165
800706570178826240
65153019
749073171488333824
815459308364103680
853219505035784194
16349718
32737849
282434654
388460562
837728252219244544
787198115350589440
3219246491
34171912
847788538628366336
2792208925
144559716
737873118941810689
135081573
275470944
15659403
1370886038
808961840793391104
20874358
853359544617054209
42588019
25267440
806000155988213760
740560631674200065
15643382
103808731
817871666663587840
15896666
28074817
524732367
24375585
32232254
3231290160
3814347502
17124185
3017834970
228843105
852850511506137088
74888723
842070326909517825
825157333
53415587
153793466
69079953
822006798672658432
2447396844
712663
828649155123896323
54989866
852191006250459136
225522864
852133399343050753
14908048
18531491
38916205
94677940
17620399
851967278820274176
767772696251883521
465770681
211173426
833845214250807296
298460595
204182284
847563126115618818
61015333
432547548
798887015731359745
39844028
2863792853
2525481180
599406233
1459021880
828370262731087872
559056404
808028603736690688
2541842736
845983800769241088
354525947
848924310634975232
744259176201781248
4142439918
168955625
16223951
3352631414
100264137
838778605698166784
837670733195137025
4516893455
850885527532392448
17019632
780087765555879936
850751735832256512
3950989516
31127160
401391536
2250897983
2908475156
850398929745321986
3081639334
111238851
4044148933
122920336
32359511
850037204705476608
3077746454
1066246525
332163946
2279100180
792894994772332545
22486605
432439480
60241676
4456200220
753584102012518401
280103320
2416210829
835642503999127552
238010365
2166797784
849257166796201987
9596912
849239439436066817
239396173
770269927618084865
3866011818
3182419272
2406899890
2960066918
512110276
19017557
848936931618471936
3197470171
210392925
834278257914556416
840808750617362433
1384932878
474224686
833291066841366528
317488341
106170107
824198052244295680
20905492
18674883
848220660786749440
844175737775181827
840080922
69041246
333670134
391589385
2398521932
4922905692
1683339728
26179951
771079548620398592
838194878387482629
1400508264
194130095
717617618
847631859152322561
1343004344
820802089626505216
134079270
82363
725671020678549508
139331155
3334741647
3044943586
1578400560
847387076584546304
268741220
93697533
19160801
755031145251680256
17518751
14870350
3179039598
130371735
3846677712
292282822
822790700
12172812
1093001845
233255853
320061870
2821234257
581838569
846321855405293569
17431096
846448921547296775
25436116
3054719724
193756068
147137485
194492483
834249008
1517393341
3355752869
759929091336175616
721207227764187137
802463811387015169
484870056
149777530
3197222496
3885981860
126500448
563768654
23473688
42422301
845631713015418882
101541162
742913410447245312
845325338309808128
15647221
56215579
148311586
169585090
16151252
202502047
3209225002
18344450
844941161311584257
3632010803
842362172525182976
844775825551482880
219758089
63448267
844615756688097280
3187659649
844582791920660480
830048953055862784
17617193
444908743
2857007096
14923504
4030760653
327972174
1101129895
393254195
166848232
375313810
429180654
18631489
48828084
9161602
306181687
2919951138
843783286254133248
115412571
367490943
776317567589900292
410423261
4493136144
843235977212641280
535161205
3075697722
168418233
519753794
266505198
2984421133
719929905077710849
576867268
24624023
842723669851877376
2510446796
829946913281576962
1179890594
2198061500
16351610
333947036
717192314515562497
80400208
2246872936
73493293
841683986317488128
842407410069307393
15897465
842342615471251456
3121174384
156648437
15215877
553174783
624059973
839206430322274304
1216144465
841955139367903232
43308861
149912395
3020482597
13759832
97028658
414662565
734527411
727182230901129217
50680770
130308551
1512767874
704299224733753344
613599106
351900724
841533873498406912
830409404075749377
70158812
2385960365
114540557
806371948079050752
103017702
21327912
46354117
830050118976073735
1707113196
15132153
2949726107
339787756
2872259499
765549978697674754
2919344310
2269436123
1385945461
821303504866263040
835793708964536320
383939134
200224818
1008915187
3073226520
18787304
6562672
159537136
840359847124205568
77462053
2244222232
4356955473
23884988
1194510890
64810943
119089438
59415684
839145847988305921
2646491288
835808199932444672
165194118
760852101001916416
2789247091
92143375
113359452
36268465
2469624188
417633879
940488692
22950319
1092361698
417622957
2887815553
823731293691215872
318310062
52005707
814523931591929856
2292531098
756952160890269696
322944700
838614224616173568
839217611804184578
83395310
711880255657656324
69853443
118644741
837476808706535424
2396589632
835140461014589441
100775621
837603841038299136
754875
116839635
399322179
2461130030
838756716963581952
838280706367221761
348347950
242794568
483193298
324147711
784299569630748672
750600948335149056
176767853
3194059538
91950141
20423798
114079251
838027709636730880
360047961
838316854766678018
825025773073473536
3321711847
838029007757049858
14120402
838212061687504896
837927320849641472
2149136974
2165552778
752580889419345920
802312269807943680
44335750
453411184
20207847
57768082
45654796
2861650272
24051331
48272685
190038605
837714194136981504
1480358611
332364063
605564090
578115120
87696360
804237764208234496
1945357956
456679793
2309050262
2418099831
946830488
581564982
96113627
982559154
533478053
278779717
4289410402
731100795425427456
2323623540
835559522072739842
92007072
836533274038120448
786516671611580416
1534165646
836725802414800896
796462672149696512
1648981951
4241846114
3334962225
727662042476224512
20492164
832052962599931904
4707965839
835425357297745921
15609012
452632052
835985921556217857
329146910
781687625807781888
28720274
2261311945
475706748
835778655007748096
2628538208
173858235
741997671737614336
156234083
32385240
875702491
3098698076
2779170396
753019998768074752
2265343634
142037442
3236535232
148920737
833237382220697602
16329099
807304797548199937
2894065954
827828931604643840
352886000
29524035
125884122
96530410
543161612
172678832
756874116
165687086
4869839951
21942708
86484112
759319535958761472
787968381219696640
798256599529848833
235229693
4044882495
470766789
1265528346
15313947
833674097552924674
834070784419229697
189168880
1241896956
580611734
346459622
48901760
4307815699
725565742133829632
1021356589
833727713651343360
104788039
2194381665
794088384100610048
62014405
833257635491090432
745469490368897024
2518723292
405013311
4268311220
831559695647248386
2956862324
74527851
2284293344
824274843210104833
826080436807806979
1459187840
2581496114
803903438161661952
766221146
832336337114120196
3180258532
17813069
1032106730
3390053073
254155313
3735640693
576096243
4074339843
1461103561
828312088292552706
130949112
218496577
1278238820
832218316794187777
299305648
395972402
2333653291
611515886
395407854
254491421
832054700409237504
69759145
46518661
374127072
96403503
26632776
218677706
26978591
1537350780
830792138107527168
111784650
732634160
898102242
260647436
4507897514
771458969252483072
3701091381
830959907113426944
4634053157
738329398907162625
829698681947439105
1174207728
123792453
102349974
828688517962276864
3090377191
191797811
43298888
831516054874632192
108914284
829772767939661824
825975227226025984
2565850364
24364202
823532881494425601
831396507077242880
249842936
821394571607183360
14321857
2228811793
16802919
829353899094114305
57885448
28602661
88578336
21006211
705308610339999744
505968604
724601877992726528
802707017689350144
68740398
144959598
4269776302
133093415
48426043
240001256
3432203560
830258231427559424
467549618
752043070737227777
1155977545
116762432
84608217
238017357
148463606
29333894
2563607737
792013455117004802
830482213900840961
135384716
614339314
2341575001
67837334
829753678714204161
830269593679597569
752313151639654400
23557124
830149510823284737
1968150516
1443435727
783610974880268289
14752976
221240680
2429866245
828895765724545025
2859824787
4460742333
827520932772200449
816895783
5877062
415454505
3182903403
3900593433
65964890
1640299747
779734994109407233
784091387377623040
74197604
522658625
10192142
104777612
787302710852915200
417604595
2425139960
829220905352065025
796133574558683136
1291014349
829152660137861120
425289944
31025573
807788236684853249
1262092344
253016535
2969921963
46157133
1374258949
310428211
14636002
724446143879376897
519234362
791265865
457433538
828905882335531008
220420224
107998507
827964560816558080
4555761
784314181398859777
2581401481
24222570
20317036
734351644285140993
211582043
2860457486
3315658777
552908374
3239085384
65409353
3563351
828361853021646849
805831352952164353
828313378544304129
123624166
19284260
449304290
54927366
16125527
728684868813623301
39894100
3327185475
58352346
300114013
115917070
553140543
2917505033
13080142
3365643201
371295281
12855492
826864950417223680
175407981
1903966292
235695465
16908384
52592871
781810924848025600
287812350
179690026
819716576475758593
827398702855647234
289833041
2457189276
2519116597
80001027
2555207335
2150214601
772733724693766144
1369763227
9802462
32820858
28514988
2316687390
1884645199
557821969
184802072
232774039
3252340153
2495417635
826909190522220545
81136165
2739874449
826795269886976000
825709020702871554
230190848
51675144
826494221372817411
268542269
15219220
18845546
2905258279
818967196810387456
724167663359021056
819488670940073985
925649268
779554574826819584
823565082189824000
84776912
825547622777765888
369182412
345039590
825874448008015872
50235555
146077801
3101634931
3230792703
517755546
17761236
1144273694
355903608
2709776184
19505769
218284571
2157002171
189041192
58084388
4171687583
825425062345965568
818922640307986432
738583372771917824
823737668882333696
61529373
2824282453
819175190877782016
948239360
803707995888766977
824606660530413569
825272671495663616
135467184
84268421
784134001044762624
23321922
17839783
156756119
464871521
824932979965325312
406079083
824907539221508096
220955286
796295320086847488
304438930
56014709
770256598329597952
58804366
4053816691
824677689445535748
4819352177
309345802
725201981376221184
47257304
824262458034429954
16789906
3352215623
10506672
817150401233514497
237534506
3251251000
54347678
135605841
1689029185
61172038
41947315
32168395
791585661702828032
780248446041063425
2379088693
824209201358602240
385539394
793701379269271552
780363852198268929
27142371
809519775735050240
4558561
243297935
1020125814
275814201
2784402001
253705316
4899501611
593497455
816615848261599232
468399802
24931222
823735366599348224
1168515829
811264968804868097
1871946984
165273287
1688599111
756718286
823547114261188608
1634567796
2156549658
823422441657536512
1489512642
437229342
712516322119315456
1538903630
28988189
115831010
1412172894
813777858422329346
48031306
294486192
217543385
2578967040
3707812815
8122182
3092644240
776142859451990016
711670913847140352
19394328
27569600
3056168579
799577451386925056
860939983
164966924
18904978
817142183375597568
822444234091483142
367792691
822065696477769730
776738133518016512
354489873
4468491383
3006740407
68766598
2809698728
158022212
751582318561681408
555247097
2262194795
1456410162
69752683
2769591188
527154890
235386448
25062790
796761081389662209
747519480784388096
2545076269
71795977
2276303210
821800861940654081
317858863
36161969
780710407765757952
1334051
821316202781966337
53961905
821619797154824192
821637010670686209
748842313804242945
821610639244349442
27093494
98427551
937388622
2635769563
66988419
3279726731
147773869
1516262784
4821712505
2215101612
335745082
21068687
702732144234336256
736915438345588736
2771859082
220417820
63807024
821035096300015617
819569700841525248
807499243959119872
3052683943
789483039743176704
461576749
143064863
2664864060
43334711
398892866
3570417316
108987589
43377380
110649917
792956110135300096
21602444
2310506082
1701113760
791711393095360512
2218856630
1667197380
789815375646986240
3321042917
423517323
746771396823486465
808080626603659264
270237312
4853710288
74480742
819904291808940032
4203693262
817446220260110337
819930489020682240
769045151385849856
3233583716
2894313110
795993505885720576
819782903617851392
2152974340
952417838
14973137
819600523779260418
547736224
752863243958386688
119641678
188284411
246416840
28946770
749244925921886208
2450976349
129862067
20710722
806010723805655040
396614672
757727098408726528
2741214652
817749527511912449
1878675025
757017772299849728
10504412
758563148660027392
127769832
292813841
816615290603769856
207562786
1192831202
818837841933467651
723446064
796743305493102592
2998435166
42187887
106769585
85644737
4848586270
808718389979947011
183769524
188407345
10853012
28054579
731344260914679808
596671709
731565195001253888
797048041135947776
818400614342361088
723063369662521344
260473870
2570868201
1523922511
125051185
972105092
1721784883
66271182
252124344
12385802
4410911776
4882131563
30890607
761283368377954306
813576688009297920
794174381392019456
1379610744
53435609
3243376866
817646699384541184
19358593
817472634082525184
18638888
1529158226
4530202839
22888699
25295980
6175092
210159483
210840859
232070861
808476240722231296
775312005880086528
3859650925
342170039
776328686094184449
1661829043
3493755076
16203591
853429285
248118885
185345868
813186732506181632
3035674129
1543933975
172304407
407847216
770797550
135643788
72027945
812891958943354880
811400725
513687698
76905528
109226758
17678149
816560423390441472
3448308076
2312863928
806648455900839936
379342180
3166177053
89933441
96295904
3423788660
518316316
945439933
810985156056141824
148546603
790333626328100864
814188740109303808
14241973
736104119534903296
166077220
815828415940964352
636390457
2811480301
18183967
13231382
317359077
38309766
3892000635
802308603449315328
1493023280
95175579
199503687
3287548699
473466767
251083813
38731550
41485866
1022017646
2945761769
805198018597232641
4848765854
794274994343833600
756016462205026304
9509522
160630668
1917044570
780583463019618305
814813504544772096
813843399958786048
48515953
792103164552028160
278541415
582639655
802452701455925248
2348702314
810165829870288896
1245482719
814605030967955456
2310661386
4829709574
318459003
188756842
714471718761287680
4706988975
266522724
814173091844784130
805664241306968068
3316647325
25477483
708309747833950208
1596152298
795179196213432321
813832621478137856
562333253
4875240353
808383173302292481
4860842851
47211275
3751277428
465085533
128483653
2237549798
2481086448
112733015
1466567449
565768515
806505042584838144
311537013
3246607658
740265589164363776
806665002644017153
3068276908
118931740
985789902
443145287
4550400255
292254175
2874507920
57060501
3151947316
3569968221
555333669
100939954
1078598905
173714586
1558952840
788789012785950720
788119712718880772
16308202
810190315684593664
18630040
8448722
431999504
382878093
4204823477
353537035
4859601434
812008303278649344
355836987
107156822
17428015
14299206
25668806
764102651755638788
372908016
758677742250520576
787207022533980160
77461370
2745043974
2253647371
119027978
2646191274
781186153231880192
28111044
805671044321157120
4907319918
22046805
8708162
1064751660
64482133
810910162198425601
794769847972294656
804652328854790144
807906114444541952
3385607758
2956679589
751898565056888832
2152985712
772112048612372484
810635260325048320
245409515
793801243130900480
340901491
22092551
2564112595
451004179
442328363
355762237
131370441
18203813
79825614
2515866923
787036516258291713
600496077
137370150
89093615
797992177494269953
4094145154
1163888852
761028373124526080
47966930
809788060930031616
2348827885
809831939704287237
3672748512
775350408709480449
803160436728299520
2396332500
807668873428353025
758946309860581380
1657279118
142746588
2660104374
753867268010967040
163527160
3359958592
2470870986
2434855159
809522750800789504
192282327
185141820
2250305426
238061771
14106605
603305852
186662038
2723807042
378406754
732624631308406785
800844164854325248
795094617830002690
3271659912
17785882
4166336177
124861689
270587103
2841683792
809127901979213824
801462603168026624
808381797562204164
754268318962331648
40918535
1377332196
2527399890
806569298718294019
704196260
309573320
4107000740
753396145481736192
771388100798844928
2294783762
76292797
44035105
152204891
738455340161892352
17483697
790216342834073600
127665692
1133001391
304629179
2656575314
16309716
14974709
770957076428447745
808357674203025408
1339277468
2353080906
807275865134379009
295707088
738281544855347200
31020144
405356692
3854169094
440027580
609422553
173371960
231090887
4232833762
468044250
2334011
763256953
802677293923663872
807654597342871552
75819486
712829870347317249
807608906834792448
424830680
1860025957
4832260709
797955084227321856
798106708170145792
800349587277901825
2222113733
4767404946
2938162967
806311743634837504
1271264647
3294383029
69320935
116355740
3102702745
786970453441077248
11223872
970041499
46721825
736999301025501184
782192042893901824
806849792060047360
84222541
801778247184826368
3288891636
226072361
23554087
157295110
779670608850345985
13440842
776636253890486272
1946581080
949734475
2459927904
10103612
96792190
456591117
3891775283
552993084
755264267469795329
249142324
2600286865
747253980233768961
59036562
117863395
247862515
69639984
748614946410270720
806157067597873152
778939388399063040
36372963
509191600
69012259
487772657
806137228988555264
438701862
803499203997691904
321539646
28626477
3836065752
1346883385
63819362
69389291
801217552466616320
805125012013350912
237293113
2278241777
2908692365
172226227
128897503
14931711
3648005299
783086188425056258
42842428
805162631824818176
39488380
3944572163
94346981
574628419
740937943620198400
30056683
23676038
413273071
14336291
15600771
76614125
747693811
4864892301
27736484
310260838
2725815002
47564769
934714110
804421273484828672
310827861
434398279
230791823
804282042984894464
2928023353
2989405362
1507676030
803168090959683584
439720692
23748246
779639675401170944
3871020673
84667720
803878046780522496
178222135
3008174672
2508256640
98966460
870217945
3369040318
1520514895
60629854
1254169398
750289240479727616
608795158
334526529
803532788196581376
795888868935561216
389863610
1195113114
238642312
425852632
45299195
798652335824261120
90939596
2341959798
26000695
16483116
981730016
1531256563
239946328
802871086979411968
552529659
364409509
795624196600512512
779392453
258079931
452767156
120079523
218784516
6694172
802194823746899968
98364081
67885657
1347491647
735408272707096576
123943336
770277595418021892
16543369
4034922556
1898899188
742322971591729152
50636347
256535795
800597853273931776
30747993
713238444600897536
2247707349
151411045
148421617
3241049679
255516407
67916533
14849475
80334099
296005363
801369155752644613
764730794
270606842
20038399
887211842
3089361313
1043023736
121224818
2234494071
1476227539
557376495
838482614
357070127
793776567939850245
2909196196
67290977
1127598715
278798176
465686564
772045109005324289
800795881372938241
793329277802536960
245131276
246570115
787031822370738177
705423664058126337
15414092
164567662
38877619
800638684936577025
2563125944
184282118
800339986696441856
145720747
788568961235427329
799000021169541120
3270540602
714821886249738241
162625063
797790818887036930
2262524207
25911312
800184689776463872
1354857961
86437405
65221155
79595091
1281056845
232459546
758372150512328705
98208670
41059974
4234919434
45180506
758548142
3646759152
799629395350548480
1436744875
799541498610118659
276072005
1575847291
799468722544984064
878350494
331262055
437666082
4717997242
147919972
723565590
15597476
90590801
605622734
90667410
3439074820
796288776
799079665147052032
460536290
790312927
1448381226
2895139000
30011587
29596841
11027182
113723195
61282296
2908970600
798860412426932224
1071686016
1222341938
96984063
446237590
483643943
796821265327587329
19339317
1391075048
342054772
1966267646
1951218727
4897047005
883349978
251036110
114195196
781188480219148288
165696573
61015343
24027933
14427635
2612996053
791397191512383488
33918861
205030003
798171331867066368
798160929846218756
1858143786
75233884
125789320
314184127
795170295795453952
786583153309720576
2919971119
136995226
55096098
167322694
57359274
318407048
68643392
51572611
66634262
47572226
43026193
709234450995871745
3020382325
795569739846139904
32969594
41582608
84108490
406569890
168393133
2164660227
3934005015
18741491
258581589
17569027
2960945765
328027297
759769367181754368
3091034879
2495115085
150385905
155898445
16414032
2978396208
480160336
3488024896
492079506
16310783
26111325
333328542
2740572326
14506947
2360078229
107613276
760758917429354496
1206459463
479016805
378760420
435714932
197815269
81270419
205172088
3054563860
201972003
273387609
796413039218200576
452260966
79706517
125594169
134123313
3003264646
1557697645
743345469682651136
618643414
2538042355
1355155645
41138354
15212357
175706393
792793935282307072
9138212
1668503017
716165709718532096
796010785470287873
275993540
795483162373591041
69521125
94248290
1868875338
1289668566
726773133466697728
142415570
244188475
1878660061
1894416025
370842284
229513997
182749813
394663621
2353018722
96055795
740661599204212737
1930701848
255845079
100216641
411500858
15657784
95662265
3372731540
2423179179
61931101
17289693
779730733514444801
226901732
4189033155
907269883
208008730
4890661
17219961
547382688
760136961734606848
452282619
943134997
770920228024881152
2791045367
497006519
313161841
739355112896880640
3232969665
704299266601316353
10569482
2894108044
115100078
538696653
703411120850210816
745056470
3029079283
1538572729
720953173557379073
4892455978
148085571
2925562129
3131559347
76054642
793987949230690304
362839929
774806440636739584
9020072
3368283934
66652329
498003227
611485586
793850656478076928
729250953111740417
226524773
2982023974
793542295270203392
3570867139
32750210
102930707
758611710
791231516567363585
851454380
3219108282
793300855294353409
797341980
2295902294
756716126478880769
222547614
791053117034987520
738960464240087040
17837514
793125686261100544
2744979020
806468006
15434607
2563060196
790227400235687936
22933072
705066276079722497
14333283
71494688
2873481
792713871106666496
1151160302
253702049
211926959
121697896
74157771
97474632
29506461
18525918
720878860896612352
785780704734871553
151936696
32875005
273460367
133148373
13238182
188039587
3103158350
162308233
789533857775284224
2148175284
115655492
4152669974
298081597
58863486
73470687
791142851728015361
791924823127654400
2148312943
791902716221992960
195638592
3780948077
723010754530566144
791871971210457092
20008499
129193561
14268628
94052906
323204058
17864397
2345172780
88886863
529494245
409201096
1164564660
702696236
741277575184404480
4911338571
934552062
41187172
717715081505718273
257005306
780897550878605316
775704086159233024
214551955
790553994355675136
20462574
18225468
235662876
317691904
118355251
93144101
2561803200
2455229020
16058280
3429933754
790956571152965632
119137134
779250110
28231872
3517418007
788736880049127425
763097036958883841
790999297747714048
741387677816238081
2900027818
266198325
166976373
784038868827922432
506477832
790260638807232512
89477419
22471584
70895047
3004290447
24283976
233390489
3442447395
247789617
17814887
112808855
778999782530514944
115669153
2431984000
262567887
1575418771
178246115
774476265864634368
1020958998
61772029
12530452
8942382
70901652
511585897
121488669
798539648
2453338131
133660194
610811637
470896427
1388954006
136981980
741151923190046721
2489013674
3138147018
864273746
75143361
1239206318
391444866
316644341
37339033
789475045479444480
2978530881
526625246
52788609
580846714
114165648
1111119564
740227232338186241
287821253
3192527218
746665482053357568
2340401742
47016794
21614331
3224368839
561107753
2445443664
291004149
2431885515
2973080732
26774443
569728662
26813296
2451785162
2798642108
52812195
3955703553
17022154
760581511527661568
340371434
7978932
35372779
777776376808022017
4715176820
24397600
2799630550
788732717697335298
106359240
4017827735
182729288
3681659474
467743719
14691489
773020140577316864
384252159
2951388363
2396069012
41061114
27069547
340784208
51428423
798172026
3342941414
14957078
742459056745504768
107694241
353861082
2904678638
91826016
2243620458
22984882
596384619
59308805
122092102
3600840137
19574406
2369281182
781988299653025792
37839262
258453879
711830496246890496
269575866
759222083574431745
525687264
84084454
172423478
585811581
37614390
574247951
3239258069
235923961
2810196386
21775571
192197906
1280412314
1294965319
94448482
64642414
774488820439846913
2848860298
170051300
3606381
38662885
787293866709905413
98922458
748819207140225024
98669795
724696285488492544
365449424
3384263308
2886482906
2303521385
2832082358
11553792
769189155754520576
18973543
2571148370
14602581
211495455
1319182428
126969433
141692077
3406939517
1730877139
2786515216
3354732873
245810260
778600542448812032
378592773
2291537700
4056279257
45233070
1484497622
783109225954234368
551151352
402122615
302422947
786349472158625792
786476261841395712
3044669453
768524677
774864234698072064
170542030
492970729
159013540
21669296
118759440
4415126112
10466532
82137558
6810142
120935796
1245554408
392003060
740469522931408896
2468748721
707466599528275968
783827349632581632
701707650
48388985
424347820
731454254515294208
24497309
436584302
1517195498
234498712
744855480074280960
322517080
273783565
332653777
602560873
774539269058732033
3366381467
32806504
319323862
224017184
780875842779873280
193044694
777858200917991424
3300848445
785534447038767104
222372009
76586331
361112879
779048299965902849
2176951734
753637943810588672
767214305058164736
4924076429
1514743278
15296157
12325402
789043
169815769
102673088
2722287403
39329911
217117295
3215189361
784406829388427264
306820204
784753723662794752
69578834
571510768
784499563872694272
2876630479
2309050772
3236506698
1354033728
70114857
997235184
724613091305086976
16432248
488299526
784310995250393088
122342368
715820063555772418
1243458613
1047586548
2425781887
4226929092
2468153764
52497534
1206569666
65291943
448917089
7784922
242443632
89611274
784049347184951302
56130851
782466191503785984
777025712649674752
138010355
1042114620
3063909297
46122888
1188728358
2906219071
2845309755
4154926648
40152056
3333262877
741705832811892736
777541643738243072
783711739166625793
783251449333645312
149151265
35160268
4519438653
2217038118
778758995884511232
70095804
3091286067
783297976609476608
376587668
701959521887875072
752887178074677248
3334046548
2289259057
378217899
16150229
116006673
751769475498778624
1309661413
31137710
3180386959
4717081560
500555952
781555030239408129
381795604
57568399
3177581354
1686020359
3837920843
19757288
1264326408
253848572
72472485
955627478
205655833
244537474
2894945752
1348457960
3404779636
320338839
17955298
781967288085905408
781947232010530816
2669343551
2960514964
2167797132
331575521
11158512
781501332666449921
167689091
3415869142
12542362
778248358993530880
75755450
1492777716
781387738553651200
4778216738
1353308797
43059012
751115534519918593
781203720549830657
511925335
366633799
492542513
2280983726
778411576214847488
782184164
424851856
33185227
492037656
774250762763329536
176681882
527073996
700217384
59298896
780870960081580032
510952683
460486469
1709403222
170982735
1251211189
3789473653
20582816
416164814
2984177754
256853583
17904051
2733433947
165444536
2293904521
423560146
780421680153841664
90376831
2927360952
779137201934176256
49226356
3893418975
779942323681529856
375475559
773335197119049728
779847155808808960
778789024370655233
772487740885696512
768897739144835072
2741949248
2835652868
292216127
163028591
414616099
2864386954
779661086983200769
716493889
387149996
4429974372
18746870
56677768
2290145571
779412584281899008
324706918
75760525
294174560
750136863231447040
76413189
60464914
3250721351
204825441
37051827
362862835
44544253
393901202
75424636
3165193235
713323130446450688
249282078
18438854
33716014
2808735090
778855400892342272
1594495164
35308317
24808008
2434894970
181312222
2525794453
778609197046964224
2380262371
2433248996
16158293
1450851050
701685305871458304
778526935718719489
316075878
165908868
135995375
247580103
2809405870
289893636
2208327609
207604689
991375488
606645846
29267189
720277859089195008
435982968
3024432505
2992753411
3216310466
8892962
777386826411630592
2294927894
1897973870
3208180774
1308210066
778004789691047936
439246789
95799666
706845708813410305
389588501
176455512
120414128
1148077513
3241197904
2799930007
776808168890437632
776917716431024128
322413912
2203135027
1614810894
777477431796039680
3028276407
148350194
1339601948
3017831377
2353270907
70055320
3276251414
52382131
3227825865
748129736795136000
1334973426
56411968
380504846
59649532
1108110012
18004144
2668990819
1410591109
532130303
3426999611
1931745782
758660926883102720
2434110376
3242365691
776476784179212288
776780422382399489
387315581
12436282
742311641115549696
563585182
4871282572
1188484062
773766864388448256
29920191
27200244
216576282
8249862
2238045722
71455737
700405851702607872
927547045
72342360
20324247
4008926178
14953029
702474097
75475434
2605873688
113783969
714930746205425664
363771841
84176619
87491674
720493196439130115
776082763355226115
64519475
774783251483332609
765638198982799360
126558567
293380476
750902330694963200
596715558
816615692
770267267871436800
1534955328
43099424
2872663025
775688216343183360
122672165
2334416409
177082336
66027438
84203667
214340473
775435158262390787
123614339
377752128
20603484
66484193
735931624785883136
3289697315
3082612101
2855579415
1356186187
285140711
556283415
169502014
2302611758
348538910
712697930939928576
121920035
19109614
150149010
774727203346980864
389521506
2589119744
2249065220
2784262633
99641121
3161353395
762643863907557376
263716800
3148424491
774610069501669376
3255077070
3029973071
358822968
2345391811
898370642
708287726257213440
1031196246
446173674
352901366
1114609562
14560620
773535876186042368
1056905228
834192372
128093202
781310
2452061082
20443017
2561593510
17718839
773919685721124864
54271326
78725458
20731585
708681445829709824
346060712
282739245
3322572652
391025232
102073720
148776630
234367179
2806057257
76513711
713691399498162176
773584450085130240
772584440115654656
11099982
1911467233
1620376699
751598528229761024
22802010
743145773425106944
154580024
607762675
773285449263702016
14111858
2284128366
741746283400986624
600420439
392292835
26918001
114239882
2203543618
18631820
302099479
2385605556
771109138264911872
396294628
765183577894055937
533389773
246305421
624832096
2229573512
3296708679
1543015766
71816586
756431294184230912
772313802733785088
1911549331
772250602168524800
772264037375578113
3359315967
122763714
3289727265
772050815301226496
49582082
1161729398
107372567
934562514
325737446
37659185
4236542607
273553501
710531714
771779627660484608
698011218687164416
322749067
307739446
750499627766542336
24042459
709390558293319680
2385715250
359319925
1355368628
770935524810977280
2309986877
4459036698
263295247
887995302
49852718
213309340
136879130
115627224
35631252
56351884
1010787806
765592188243673089
312049164
770722902530486273
1872135894
767001284729647104
1909086174
92543906
134445434
1246823173
714323084
2785454444
14158973
770488351740878848
2508243194
33683430
64739778
18158047
972189811
763699217235779585
770164219736195072
7370442
420094976
279105198
16031366
394566980
444140714
415382674
43648501
341088483
769873784635523072
2382482840
14656443
36998555
1524422550
533914075
769579375817666560
527352813
98624018
389641839
62283077
19482842
4027544597
2417603577
2629021174
755584581210771456
2737526584
4656572066
187853112
1312950024
35824333
753720669276438528
769038576935993344
2261757954
2177016992
519242822
198385563
92480061
147316418
2844697518
2422275289
457951406
2785547042
2275262586
20377385
3178680489
48855430
768666116574941184
23182095
65053420
2908017364
34020740
227364293
2448026767
150902699
96491780
767707343324782593
6938572
26936228
2607782970
201556603
766825049252782080
3190126329
211721357
2254478618
41687965
20931273
49934302
768075703241826304
68685437
147948244
63749160
178556739
2596684124
518888267
3041064621
17527705
1546261020
2237727246
623673322
178242988
4838741292
117409787
767554442648363008
3437379443
160403482
767501500327297024
614358757
767328140775526400
767322592218931200
2227537093
254773282
4468325962
767185698071908352
766581282734280704
543634352
719097633604653056
309862662
2606884520
385310686
701728599154434049
758797469467549696
2248760504
87950979
3154787828
741127461296046081
835914924
52743593
18958875
14266074
145338135
3376992388
91756691
4603036997
312932654
14851939
85321653
53919629
766547275187224576
754512871200067584
379239040
13545842
766480174955241473
87729254
7911762
3098292728
748265044211863552
315976247
757732674211418112
766190866037964800
1279231740
765841431143538688
548657705
743008596523241472
998889337
2895167296
735461490258522112
2435855138
46107535
593162692
1715504834
765617697677803520
1370300316
3257566364
58895510
1030284374
419977298
762729832409169924
762999478416801793
2188496685
128130967
46104861
17437328
763619356169347072
737238013147779072
765418462525075456
752880067269787648
80601747
271236709
150621067
765329980498677760
2693616451
100633737
733182382388457472
119477285
115598472
294127712
2502776054
52480967
225528207
163649424
198639504
761525509578756096
2228569771
765019909810163712
299156599
764977759089197057
190696281
3029316628
3149456364
206025155
2927960484
1627334509
2218272520
484171729
2393783336
1179910675
42364169
284580856
764208941463109632
83221749
285972389
195420889
233187409
321987105
356173036
14470784
764103199800250368
3087711984
20266880
2690065661
16629451
761005975641821189
64194762
2360023532
293644462
137006731
514204370
3646669883
709758843056742402
98686459
763614783442710528
409027568
87572156
755753505520922624
738173773875056640
762617763940671488
928605084
4801306393
1790831
937163467
3387384491
192388942
518499926
362403582
196266476
174319287
444152066
15231737
60628030
3927385175
14645163
2966700814
151064132
86932753
44889698
26202382
109403355
190726716
26379156
762839593750110214
752165486817861632
2329172923
42419064
52864059
15012163
223317192
3908970148
753775800034394112
434559329
3184271076
760936730254008320
762461917076074496
761271948324241408
4004142874
28897131
14385270
711602601180012544
516676494
348602269
854497308
2417436049
745795856243138562
722197961745264640
762002187203538944
58020709
21381035
995289067
505386894
3169231580
111512475
720322524
1307986704
14297139
761192575805947904
56310649
4924696578
3457511112
748369285
1655628048
123594377
142027237
79799238
2358392750
197620311
757464714473385984
2305710668
16291392
479934161
50962307
3231436580
2584104528
204041202
551034065
788492328
557362400
40026527
41334479
744897419020632066
152403667
2612747286
714775800
372134416
2162991392
136571960
760550157213630469
115965833
13129852
141129210
627507329
196961264
300304650
61753506
268407315
760441107033559040
760390690970808322
760408521254985728
598842581
760343661209157632
236805741
3252650057
2955717424
32422003
743044745136644096
111640284
414510772
18858798
759890316677619712
3025996546
3089173570
301879676
64136129
51295962
222516157
2421608948
3605021785
284486832
2379997868
15043781
4007796743
700550693329842176
54910578
32299882
68237006
1698562728
2992953502
3535063221
769283455
14344367
124547876
436136947
1330089990
416772488
1609832834
117742799
26150071
2402696348
226987351
88340526
736301291429892096
4221122615
377253782
1705191031
14715458
2665779632
14418397
202542646
758622364313743361
332915040
3250167931
755307950697226240
258954133
120570266
995850829
2888189275
3079250116
245041034
754323633607217152
702775615192068097
33814359
2398566349
296530673
155689536
4202004778
50998150
718907413236035584
199462117
330302310
805471326
16348975
757917343238516740
103043919
374659701
8392462
241128896
3238886083
3317847105
131468960
132934332
708569982809071616
2321385145
757590052419543040
757588768597635072
1451403901
229078416
1585778154
46062725
1959570649
1291899716
147609606
756764821
3907392136
15752946
752822336701726722
17101500
748247886048169986
704748060002394112
3696435742
157251915
3267885320
2491086829
297053923
741149298763694080
756867181632163840
502035496
2934018950
15265234
1163862265
751881966950027265
218748879
519160163
756583687253352452
2862358010
1651829544
756515133782892544
128232798
720200638311874560
559104687
54008603
77029723
603000905
717536795659907072
854101381
3501931161
159157066
738598098
261572166
570715119
3432281650
15062840
139820134
476818705
1855312584
3149757040
1123481546
729726901
61154770
749909004688584704
4492685904
328572053
110402963
501764726
2944166750
2973017518
746372549043453952
751623222253146112
365750734
2782791151
2849065624
296547330
76075579
18214202
123170192
1540193989
455775298
249876901
91617502
755317358781206528
755243305827504128
80602640
113121225
2649880843
267227104
754064531450626048
89791904
18736047
740256645234757632
161914952
755052979116470273
2153683560
71562095
735832593522917376
17943911
3313824224
4518686415
781764548
171092976
711387590482595840
3046980666
3055037999
2580171103
3646761884
491011120
736096878169706500
14396071
708182395061538816
1551904584
754364259048579072
44422482
290428584
269341444
1371477721
256076976
47352744
162397341
1554393534
2674184339
145309687
84114216
18675970
752864099017588737
4249108433
2392325402
962809447
737455411822002176
4154820499
3054020007
396644976
746848885440536576
4025115857
753627755380486145
4748693203
44674718
159581166
277132662
331727354
712616087188291584
2248965234
52397331
358086772
263432622
373229633
2405794779
723722484336459776
1355369528
727187911632781312
89120267
740620724998660096
35093478
2318747108
753238108582273024
361307017
180232083
752864827064717315
25318107
757321064
753148763888357376
1417520904
3219020060
15752488
234616435
589182656
104154997
16857755
712048697803202562
73943678
3337187751
340971729
752874111312007168
3947539875
45632854
236712747
752842248409059328
751975263068524546
752788897550176256
2976619102
14939757
752592362010972161
38530765
402510733
466286948
288462455
88919440
750731680634114048
81942983
1048861050
14386374
725321992014962688
1625724344
54260286
182350349
38181549
3078832648
1395479047
100953817
30513418
18449660
1687658840
17236949
275294812
128687803
711932477854638081
4842440645
81716399
82587876
739714542956097536
1914899970
136267550
364039693
751925517981364225
25008651
106458491
1623164870
2339957255
102506266
892264208
2661472469
75461591
401612045
2961060677
274168091
314842443
723362353526398976
747710328058875905
2924129664
3618433693
236724173
99272707
456841364
4768198875
136422640
745847906830278657
4747822346
14206243
751144269449232384
578082079
229308368
89276193
14048086
14782935
174257052
1168770192
321245673
3581246899
1910853758
88647868
3230123546
723965109886808064
173139919
9366492
2363416867
100803659
597667499
386611566
22005540
14202072
1658355854
48552691
750385678396039170
497699500
233099962
4568581452
2664113296
93725268
229946074
40023326
3345333261
749488219364986880
2372271157
750193055857192961
4754307132
191625675
731979927172620288
1576686318
271874668
2919906539
169886196
2397921684
1351387525
2284954620
51813267
582606648
53447948
2932821
744531051997892610
119793324
696076117313265664
112991747
186809148
317947591
12523662
3084335652
216947058
2273302944
868584576
2557548542
130759188
140409716
240501092
4709021246
36614364
83210200
187376255
14154046
322294370
527460821
3130938635
2462201630
15444066
2894888718
40427519
145774612
1607628812
229560716
714524676400160768
182896642
79743692
748918652066422784
51277081
399555710
3721778899
480439440
612075026
284948539
2286060426
1291865400
62528274
187279146
14908436
1318795194
459763569
3425445978
4480736298
2818361053
3272279803
138898653
100612270
725071454644133888
748153243470016512
41648051
31077598
415582359
1288266644
84197314
17342656
29286887
731104273245818880
1338112333
100895210
3035240599
3541825574
343607822
400147211
484752306
17399662
213964583
192569186
204099979
3315027445
988157604
1150672890
4512107295
748025503051825152
3267661
337719717
52752129
22259017
18616399
49026387
2362151
365233797
1354487833
230449958
12447272
430921203
747821901242830848
42312020
1543611260
745200889275817984
206967483
198077685
709049262903070721
702933532503576576
746283626984255488
45953069
2953635995
17899663
3179330602
23867687
254891897
2611363712
2795313771
69318417
728149965764075521
379548491
1268900942
276937034
46647102
606596078
996598218
2709387140
747255199702515712
746768246796324865
473709210
1126333459
3415977683
724894947032338433
738443546760511488
4655591654
17196564
706157393961312256
27597832
403501712
563215075
104603709
1289699690
27984780
9634632
58246172
211296777
47129194
721715925829959684
252833566
243853063
994317001
741215640
216619159
746530334104117248
47359815
37178861
171656208
195462306
130819994
19289896
1429374456
746277337046581248
119610210
744561561197547520
118238128
66948686
501848686
109542883
3157840038
2353021891
579664556
39019300
1445459054
1347896750
20235645
6846162
115763934
290880925
66611262
67985833
16325358
3721976423
109735799
561736745
548729548
739401593422897152
2201486593
82002835
2910254482
2872853723
22965465
76120255
3329005847
142215332
3353993188
734560607979110404
16024029
278748667
706995840607526912
38219272
67683986
17198156
3846021087
49574394
27932188
745477313861550081
86095512
745430484612587520
451419719
745355702412140544
3226574704
100275760
37474591
25539647
1979546190
14055926
4910060455
3266725646
154416091
40703894
745253531716722688
65511957
4262978055
274083068
88428515
732942954747297792
166401254
720247419028439041
71576115
48494975
32962327
2530298240
1658462137
62557207
36854082
744132812803031040
160968221
4713859416
114097987
53630990
712540273474187265
100104425
85751345
3435323375
134665018
30271900
3125277449
1965942637
2844868104
59514829
4762072933
17512692
14242581
227081558
83347021
246911714
712255418144260097
41055574
2149531460
743955202726731776
743943772053082112
815348587
724564616135741440
743882146452955136
468623079
3422809048
15451665
2587748395
11046312
743738576341327872
560032762
120109993
456770208
743475904081453056
2743150207
4851071519
199588114
9708382
2320300478
2298117529
495706105
191361770
219486553
80917996
743163328877502464
4008357312
201218810
373358328
3179987172
294510881
3238645787
25416468
18216475
159694420
714882661882310661
17025388
263345211
236510104
52262842
2941663842
720207881614790658
128859668
124199147
729555602746179584
117854018
26294072
61140787
335433424
241304988
23997550
126975208
371037606
742327841937862657
107039845
54723793
4314040757
24455561
1023172477
628517152
240818926
3171513816
20845694
3276829352
738366505201467392
64679006
584922725
848898378
137520613
75802724
250109950
3648005234
729047461503873024
47985184
102790120
741087101383364609
14329278
14717059
740759414496473089
37606110
25478859
2395773717
151852246
66139078
481864176
741127597090820096
386224523
90265949
735960398566936576
525388401
190649751
98363724
1589631002
884542406
728673057250922496
4354768882
66354720
51828154
22443184
34607104
155819379
936073814
17466973
15412360
2164480574
722773949726101504
738689147670568960
9405882
2613899154
1158196489
170232350
241886658
740244662506639360
2749870661
319169458
1670200644
422954575
920504328
141269188
59603457
33876237
4440481640
2169102231
266195204
129182201
19487188
270303484
8133312
49369758
332077413
1270136126
19293105
736693517129371648
3343776953
704746356229804032
739354491066023936
211900193
5443332
7506512
183618621
757418862
584216978
216440239
588879183
460084602
386908329
42348163
34320149
374588681
17518142
1392579524
23401438
72463244
225573180
69256734
3727998136
2588686992
738584889058942976
227152284
3015545271
738449897268056068
2616638600
12653142
732377257927270405
94524613
2269041692
134050862
1264433760
1389166530
32860663
83154341
8141612
371676292
703760017632006144
733023262158905344
710352916062679044
145690621
55490061
2585871522
737922036199247872
526708230
87680685
3322008536
358224270
478989216
81222959
737707890170040320
17357229
41136083
737657055033622528
14903333
437857673
734074414623522821
719565259934183428
71266955
91825026
4197457785
742186861
737549058898698240
389716486
491769645
732091273159413762
37330933
276784745
737380546330787840
49462888
633054323
1735318566
1105059337
4826513357
3079730591
121647069
3807789254
1557721098
3285795132
10295842
1405243694
147434020
1882585087
336966768
708665891802615808
21967836
51982160
47895615
2314334089
4201158858
1544274396
126571665
429873032
574880510
1557290948
209301840
33269844
44580451
4759347774
20430048
736443998479523840
507264129
736216209843212288
426741927
4478256820
736165668370976768
1712338218
735768429563510785
704719237059878912
2736946725
3076535035
866309510
3097260643
915564475
607534315
287819240
98600711
35287743
733267532963033089
3092996811
395257221
1285174231
823469970
728282860239638528
24977359
258141306
735753418728296449
1503556602
143212016
301945245
2845113935
1014108306
734011983914094592
730148007342166016
728641977831571456
524794949
6496232
3504776365
111551994
85909374
2725702407
997821324
732502745840680960
20143015
1429786442
764622732
1251638552
735306112870670337
24974925
188230987
79453839
305551485
139686829
4726085472
732582901393588228
94496934
3272059122
182463773
501952274
356184830
192938141
137349574
734839824092270592
408551950
701690832924053504
731569589126074368
3111733196
406534644
286536538
19160166
140733726
966343052
789722707
1145029938
7264882
721123256598728704
800645785
1628431376
1463650302
162916630
63897545
13183682
490652440
118419824
1140975342
730497942801485824
41645719
199923702
714723577354911745
4175193988
2163853860
142757099
179466789
3257479196
43482238
716230134185873408
206232416
2504287117
371240359
2351377763
184456308
67278063
259486489
2958867535
81575887
1489482572
2253336354
241537977
730423598691827712
1005555823
3827106338
173822495
4715062407
725872477545586689
18914794
14932079
779428249
1188532050
3035297955
363698650
398077944
364290306
712619890209923077
52009074
733362517544730625
725000360956403712
2427548162
25488857
51839838
15945173
2491447382
704426608187334656
1297655334
733178269336514560
367407516
1021650440
724987159938093056
731880320132218880
732831209999503360
10519962
707732683397406720
286602124
108665895
36405176
715222015846666240
700979136848744448
717833094292709376
3038433842
13218412
84419662
4210090512
2461740126
417846614
58776845
182699670
57250750
44343314
126760716
730163444540952577
2161637092
1464963714
827641466
20567028
15865053
537103506
575215450
303618007
732533657680916480
286871276
308783116
4889683905
712396141246193664
1275937171
334026169
76860477
730263674993188866
149218594
176272071
703058440067944448
331865823
734466006
153956161
4238343562
11816472
731592408018780160
2490184146
2745256278
3242888264
55742903
727463668552708096
922030440
4806149340
56128153
221691868
3293607068
704727654067544064
246540041
730439852643241984
223981753
3089306084
4208709559
248062460
24860966
97380617
114758167
4214025965
51584928
18692018
162987097
3226836860
2988013167
4065708799
1145594084
78478380
730930580737671168
2234895150
15840417
2437552016
24662193
177971832
730685758554570752
3277137716
147662602
185380827
1021578938
176874643
729717515631378432
324295133
147649482
85361781
725908441458339840
3457764213
246882586
72446237
2574192619
42284346
1401549709
136833086
93134883
16632438
730609683204079616
61625996
20396615
3029854510
2571743389
729507634668146689
3108369027
3090331929
724793471337385985
2281769150
148405845
730412607933394945
38019383
2259942314
2836302194
612224207
322103845
730411556425584640
191734762
23942803
211044731
232169356
270273833
288665985
150156284
728272002021208064
382168816
77006449
136201802
729823827111256065
23058675
717068475580043266
723040070538792960
75010145
206157730
1104816259
3390944151
711599790610649089
175097303
73021084
3286521848
719502633938116610
905101513
197342768
4461195198
3068261696
3069294071
42379284
225975569
226490330
729631565148499968
720578287668486144
729603130627903492
120144314
86919521
2530823173
707843133606748160
711712877330104320
181425230
417203581
729354488788701184
552847532
196451266
2234559788
2222639228
713154180051939328
524311543
55665337
93224338
145919607
1682384574
727479188731613185
1015768872
75926289
3279736922
14847015
85781958
4528848326
28360025
252780735
301327202
61286073
4011785632
3280035630
1692668521
81796535
633964128
791670518
230692680
33881497
2875245819
229642029
238076772
38613191
4716654561
2591763138
101888925
1296413341
723263581471531008
3192643333
142474318
4135971022
3170789679
424789357
1118404034
728073742199316480
61821433
716043938654588928
3260995489
2951597242
4429369214
727903643505033216
884035110
101253474
45492252
3878825602
376461592
195305996
17260804
3131429301
3181879279
611014165
197284271
44612936
280477264
599284756
1482971557
26773026
14058908
69153452
727429620417613825
709574753841905666
2983116148
3589493954
756646
4364112929
3248363755
614800888
2374759626
722697930
34849709
712645014812233728
43204486
4243854269
2588460378
1448492822
224917718
86783587
3062072333
2798327054
187014265
103819660
48287904
726939523528163329
602240614
701333858332102658
131777323
236477161
3110572465
2718729573
21282452
409446263
160132903
2308323710
726724499865882624
726689683623821312
460963258
704060395619807232
1426419493
726448923372474368
726457966086344704
4912941334
726464267692691456
279022989
85849539
37668355
2723067330
3863509040
116927787
4236808132
11647942
718034809
706797415769219072
480826417
27386210
723962049143803904
569164843
725773727183589376
3079095810
250881708
154599103
725947748952887298
157391332
172234101
1356869336
63111483
1222129872
2877232450
308925878
393286764
2907492242
81487184
262748717
3286907317
15300225
4565473274
3185615706
541638178
18941163
362106752
14334385
725394104998191104
725390472923881472
724857434171383808
1037793642
280841827
32396910
725049113545416710
48707104
97961098
177638937
621076382
259677053
1930225909
725236364300578816
280422305
2473095798
3065896619
188295570
2330047670
156575485
111046878
1143015978
2729236224
29201349
11697712
3557691135
2665521
456375678
256511368
482310857
724090671527768064
701595812581797888
1460752994
709129286586748928
41025492
84916875
717108369463635968
2834092435
1193790037
987681367
836471124
1710406369
262368555
120001222
181902116
531025201
19446353
14069874
724358911084638208
3349833087
721961027839995904
1867720644
624919843
1002648420
3290864174
3236331723
702007129830363137
69523257
23242540
14324627
19667514
801375037
1103480522
908733271
162139948
57791389
165263694
2771536662
714786037466271745
14513496
2682672972
181086186
723586518070247425
44780703
314909170
720438990302801922
2362131232
394285946
147701309
41107313
499476264
723419276393107459
135131520
123221029
723419643373744128
717704700393623552
4818276756
165467389
3290997363
14665571
365684036
872166524
16552128
386161595
131902819
50792925
3421551133
3085155412
722706243169738752
13588462
4746481276
319583562
722979485847543809
722890672844382209
2471256176
22545571
702991012218540032
3022766085
706577943
2396649055
329892990
23982470
14973436
98596344
19786463
722148500000137216
1010752585
454130975
278184642
17210733
3167838207
1640681652
3400516541
2590383199
357944701
720167341699559424
4598604829
3649892353
73635578
266570654
176520248
45505561
2379790177
17217477
1137746336
4654080746
4795308031
112867796
1323847892
711963913311666177
813402
722187127853723648
191187000
208687707
722119637010423808
227275459
4788871969
42533416
622937807
258944989
39467713
1670269075
519637049
2680098410
36097362
719883569896812544
27604014
721740322250862592
2558550308
295709566
68820557
4636232134
2885771424
43665440
81535299
721474568024690688
714815061139845120
2797920636
4696512697
586941998
14949999
709761924758638592
119635747
145787855
3817102634
17273876
3014404352
305307725
335583874
256727624
13995832
65450951
369453121
61500750
31411014
184141760
3735330079
3242841600
4356005172
127671425
67320270
4212378819
890466613
134171632
3068653529
14847496
92529274
635689547
106377667
377622967
742814491
137392810
191333897
115863844
356022774
719962247032938500
720362783183806466
720259201654763520
718663748710477824
3326939414
218210024
2296138922
588572744
86007867
437264978
42592467
439942511
396375571
244265393
718154504638738432
221695031
4374644293
14639334
250395207
200265067
28338894
4832243841
706010196372393984
102755048
527312749
4867247511
36220885
2572998492
356818116
51571587
15339200
3167584932
2963335619
4640926101
4143603619
89185308
702617568314576897
3187318413
39079406
4137077543
139427192
111309777
346822274
272021713
2895376495
168945271
709424963971850240
717727276050227200
134067881
238163813
16169077
501335686
14089038
375400103
1063794289
110374646
718430965417140225
70900287
65079383
1624840435
499630939
717818530008313856
4478949447
18996139
370118948
718148139446734848
50048032
40701962
514918102
2867027079
254872032
454166954
72393353
715927614255407105
55084662
717606593345368064
9214662
3026539282
93920255
27058547
15453662
211368127
205282315
15495113
286252097
717457353256337409
125049610
303707186
8057712
349020390
2558667465
448517621
715063031323963394
228778381
20282723
93174154
16102172
386743128
1060558386
23701489
4178268142
3184731295
227761787
3051395473
716549133901963267
705109034865713153
305582963
2816146799
3194981108
2724435822
716404051500470272
2936451780
572487117
711486969365266432
583114076
711511504034476037
2748232418
251309746
222332770
581190735
67589143
45773731
3267298999
715980452788613120
14200712
88543554
10606382
2787466354
1733385860
88868718
150158737
2864975337
705586251626213377
42058463
267248016
3421368915
2539138990
1555700905
3431041899
715386740257587200
15773579
4300291157
2513099162
18868868
715069106748329984
21546595
339571223
257837655
46913359
127798636
2387719298
194120258
950464814
2784378588
714533520886992896
336013987
371524426
48705749
714747354847559684
714735413156515840
30896868
247004950
148077233
1428106950
246387489
711504300590104576
2804448200
44092883
122229346
624655008
1030869110
302545288
714312622259048448
36064288
712690321100906496
2515621656
244122454
52357309
581121065
344590928
1542508394
1873782577
943865216
2898141521
901298162
98632276
267510939
40194541
20686752
15997016
3121925125
3061861104
713387170669547520
4749009506
90399093
75142963
713309366724603904
1652885444
14702483
7383632
1128235453
45748930
4033838595
713102596765061120
4483350623
346171376
575585769
238625482
1617864313
1500718081
255681617
590653234
3187147592
165747424
3239158709
77140805
1143178550
1389432638
19912176
81732314
449335867
2282656489
710522829146615809
712248671740497923
3834247157
711680394760949760
708371368849612800
440712225
538618426
333518451
404166992
702056014292631552
711128438736707584
161273174
695476008623980544
711850085710225408
3294608632
4612864649
96217351
544162340
710639671865257985
311461609
2620257727
711571812518211585
316442482
68156137
585405113
702493934484856832
1575746090
33156382
173218457
98964559
14102071
4157360584
710911265120497665
8511102
710842780642189312
191145850
3997340632
3133673459
3258409719
1225607011
32843865
571364359
2572904564
610635654
411644831
1513149715
10113902
2920693740
14262029
68435020
24715150
3304987925
446415076
3380188461
34554431
4522801335
151865360
3687063023
14803901
1537783687
537365268
260911304
710052030254080000
3533272757
224253355
4481050333
296481177
324566837
709865869241790465
562835328
515886489
4789679238
205685979
24192863
634680944
72301409
702708007738720256
386717055
29685925
9693272
25515342
2540725591
2209015263
4692985056
48683649
315441225
143079549
30595566
852718369
2370670499
799379898
2480020532
362175921
1512968299
4925867927
708441721483485185
209032873
619588120
5954712
28053121
15601824
1348670388
708290597153419264
14146629
404016155
60307878
2580468989
357541437
390601759
968317724
209181382
28423426
4578250416
1367882509
707938312468697092
721165323
181255680
729940219
16499571
4357453753
1099128025
1165600146
3416016100
707398496702357504
707376421719646208
3032572933
3006535391
1413787724
214353474
447415971
4870810017
1434818467
354247893
179954146
2375579071
4877667269
31727937
26844167
47350883
3004440305
293466159
17591423
705523691443060736
16605507
16513072
4748631025
1115706060
14612507
384813206
387244293
2847898224
322841629
903739704
2920466522
4877913063
217793239
40552976
263636057
110861578
149590236
1131130230
3015082107
76350257
323569736
704148673635160064
3202629994
305217733
23429280
4626558493
3287247528
704050399951466496
4842072035
4192180048
369143999
16176456
705406475821125632
441468694
705405926551883776
704695418626551809
47913646
214476897
705269898788798465
134119638
2171771797
160419509
705144852946817026
287096539
2356962940
358234191
4892056552
161428879
18703242
294168196
4297553608
15161226
454544565
154876384
16512140
7621202
1675331869
2971015887
24916485
4889316022
23579006
127848290
14523778
4615605857
128881374
703291281028415489
4900211926
407555218
4710776287
876340376
1229044166
634784619
4871157237
2297389440
16857547
40829528
120019432
4188086181
594463836
792098810
14904260
9465742
316878086
279010594
703130034689564672
33574120
2786225760
1949483760
856080661
2375430650
4404309736
144799813
703202390950879232
2850898501
224695962
1043686752
702250882973491204
2159018136
17789552
1124280026
52451354
2894505496
460243152
3368050324
20313210
4665589516
920106961
1622270486
701916780256595968
4916131424
4606377380
3293497545
40291103
701225293839618048
2506203261
4824271906
4256866572
477838349
145162951
3006199766
389555015
702355983293681665
24700355
85615623
23436198
4448597721
1027233402
724791649
390263764
402106375
14804841
124453301
47563395
462201586
2193970902
2799358884
2917910104
702130292375420928
8643362
609191576
2920495390
4440964756
396183929
1481045977
1418355308
701631712288112640
219458206
9279522
8257562
538349616
288731075
4857353836
1382121398
352871356
2369849120
4860600220
4914884055
2709191420
1574063858
701198758822825984
35650986
4898579878
1295218988
4445224154
98419088
558429767
222901459
266304954
4866419728
3309779907
700770717789327360
60261061
1272318097
3098137308
1261666016
92250753
309391678
155228827
74167432
75327299
561231106
3305945245
2996316019
358167169
138667962
105769525
1631179730
373063319
2393510246
8748292
131281206
16588240
61195350
52074011
4923724564
2215217965
553226733
3285907069
467659902
3091512220
4920997253
9705482
21305228
192151552
285361996
2864373755
28016897
238004859
326122577
4912533918
216495584
20497560
4889801243
4024931849
110971406
308402582
2255310084
48779175
413633547
92695919
4917058810
170185432
90726368
175368433
4914469767
1423089638
4914107303
4902151825
4300357648
3676316961
1107621007
15968688
2468889384
260788899
17102170
4908520386
99130743
4908101989
59151401
3128814393
454604383
357754002
24239319
4903853846
461753499
698565878917554177
15253015
540492041
234714941
25520139
87105163
520064956
596302060
231723415
3454969947
2748730690
2327560616
3313216021
2403538924
86906208
247688980
15922101
482295264
3438318718
19917791
2260340642
4869099305
4884569693
563475651
216639195
3038556857
131631481
91816477
21991789
3130698495
4891845158
2306578064
3805264283
51545415
234799371
3084423112
132598067
29461754
1149287689
3432858311
4866673696
1045830457
296854671
519133667
520402460
3883876762
4664678778
2715974321
131873899
4894612379
2285700569
22993074
4893918227
226477006
2693898259
3327600199
414358380
4884465674
571146156
266711196
579146268
4827668099
15165379
15735507
2429430397
2936758016
431296842
2577521751
261419978
3066054939
4887774749
3419191760
1465408039
4832383863
4879580685
4884812866
22347409
72254760
1265139162
4872200067
4868078271
3164631055
77933132
575256085
179564534
321555483
2228165431
212978798
76005468
15005347
3339993922
27999115
1226026860
10991642
1496212208
3260122232
508921440
52498696
13358122
3290380912
39521730
1566257762
48257049
543764595
1360030260
3060871520
87717624
145560668
343351277
331720688
2181172856
4441708463
15405142
303223641
695324652378406915
4500991880
2385294096
926521
4775996600
1270930094
56554275
262327481
38092677
285012445
88988272
27427219
60173076
520244095
292566723
14215067
172089302
84222638
15247341
18219946
140212037
14511551
2842173017
4540561
4187815941
426725318
2179354538
4853799554
1109807628
4873776406
162422162
203582165
273397750
771977774
621273018
296934358
2896560122
36018126
369135655
599167617
17948640
2730396487
2614073449
4871607141
425080552
282755493
57804258
4850479989
31456934
3670171213
24682844
2843678518
88955570
41303270
34250326
200046598
3009207885
2831201451
16957561
37784610
4855385685
785031848
510438098
1860429284
1011278382
9034112
389010394
3883804767
14819764
734722579
120948509
14797334
386003527
281912290
488734462
190320677
79140337
3120875150
23583912
4728603617
475673341
2398478276
56409421
1112199157
238704448
680523
2479405603
217411689
2267347185
20410251
8314612
60014176
4863282100
12084222
35944447
2265705620
56764663
3091649819
48143577
2927435205
111457430
152160586
3672224715
289907701
21772336
414337843
5519412
4860290459
93759312
2988794827
124544069
428058083
110673186
2533337700
447110736
280700952
546645798
21159472
45358215
4857019239
593577636
403386142
4855579942
136583288
184769297
150538067
1112616968
2979142698
25143937
68213728
13011062
118618671
1126476188
389099353
290602680
3114322894
4848852778
3307442383
148218717
103476194
26255296
4846425010
2897183988
18077313
14078262
11423042
46341079
12833292
4809882855
952268258
229420540
4132799919
335608817
78417495
177596997
86852515
76763485
4832764857
232064083
146609682
293726520
552682765
955373576
2855726737
634386051
453673703
345009815
133194173
305238802
98431412
4803451634
2394804930
2168409373
3094005974
111422244
2236412149
88801950
488126139
480533415
2885801489
4834861743
134305941
11615082
321965472
2757883046
126368510
3297130938
4833871041
483007498
4794516006
1036206458
2971044454
603862988
522313166
385739254
412342087
111986469
22231350
2207415594
1167603314
57755544
517816065
1176137719
26356928
239966220
3222599878
15254690
53083788
4784257296
566552134
452172692
327254242
29615139
202565205
254814053
240883718
5874122
1013501160
605872152
2742021985
521308544
2351588726
2467933562
2374537842
194612814
3841172777
57079850
320461004
320470566
2964680753
22385211
4820957735
193598596
1324481863
4818715564
4819092160
542825060
4797208361
389060952
2963427874
19351749
4817897019
4719926358
4765295468
148134487
2247244062
1090127653
3011903115
289828338
104146112
2902857368
189070230
211345554
826069104
70878043
3310844151
886716829
574623711
1853832306
24432043
2739446652
76400378
185773872
89154635
4750896157
4064659275
272102301
60602470
181495955
81820224
4749245060
2151409370
3494781
78845794
410692282
4688797441
1408507346
4734300553
600353775
4777305209
2803817755
323145119
4113578356
1582637508
338206043
135537708
302076177
155179692
4711692090
17825768
55807171
4734179119
4695114284
32294908
262387913
46903427
749966767
358169435
2914800305
2345213923
2421106058
260298582
76422759
4512346695
4717168280
38008841
15497568
2719956144
11911482
314771950
894564439
4716397219
109986826
4026655048
460548087
3068897240
448658730
312208933
734644010
3960204118
129661927
4593745582
467292981
27585314
83223918
22642379
107471115
13201532
76906820
334578397
3002955942
3008551265
4508497821
179086761
3103290186
148284922
4698769512
4697670163
1270802376
2860770146
1144584487
105083
268847165
1534470114
74614601
40669597
162657441
98580270
8391612
2561324900
50803172
65476385
139787714
18228965
326536407
2355338197
605546285
113810024
1687801566
20111159
19414130
1899937843
1685871138
366876649
490781641
4662628103
2872750691
4150432173
45878474
147043658
1276780650
18789471
14238010
60019273
2429278393
432743458
43101690
305745330
34507577
40305791
37407874
71001523
1176264458
2672954920
1869399738
14706686
4645207093
19332423
1687171
8592732
2560349880
1041731418
2228655082
205502764
4613425053
2501324845
1512649566
203287978
46343153
1051783675
234236146
2713001983
4140950116
4671669212
2613678127
144545869
3291862324
24672740
215308067
2271050653
27064840
2797743910
2483306636
4652342436
14283972
114859904
111370990
543186168
2939090949
2866496612
2203139857
4566613285
3293345632
187461416
4599161669
280754787
4195643920
710434903
420527297
319503250
332754755
2804467255
134125643
31517140
774166034
119938240
440119126
4568234746
4404506896
1681540104
263274256
1081904412
48153315
18394990
146178343
217690384
31611929
22775965
493467203
2485914139
4615921038
3948813430
4591082455
3282885931
142753131
4038516765
967149769
353591970
2285312361
2153549784
532477349
923718469
913445630
4503669209
2245671746
74705466
901897592
1528936105
472337466
482408064
1471756028
41597915
107499510
2710075369
14742709
2939182449
3413485433
4381604243
339653183
4455481185
196898581
18776867
4575592692
280998401
285370024
1181565876
3290913086
227379155
227680231
3863072477
1391226937
4529501066
3097372877
3822003434
62616337
4239443608
144932567
2429266836
45105114
4407570615
618918870
105086781
22730314
4420790907
988595142
14700823
17705183
23898123
270262180
98489292
2322315139
2892019346
99051163
4451804259
60637030
349221795
60285479
2405492986
1411062008
259880365
3380448707
268766344
1463276467
3814426453
343248356
2612202624
24790671
2788892282
579717571
1138865732
552148139
91331015
615934692
50209390
105096298
3983906001
59804703
3539952861
2777553280
3228121655
124314905
1244100456
2778876946
68441416
235186206
750532897
240323296
125494902
255022265
3363040814
16265876
298377878
3500034801
1429577346
4352103442
165280306
28513680
79414193
4404026116
334856601
15181881
4478757978
33160693
515622272
82158037
46745236
1362404124
169859921
2435583920
333603380
368545530
2835964179
873726085
371477329
229232512
1452053149
419581994
17991386
964863355
4309386196
19115732
3960540329
35275640
4298751197
3017700773
2232601002
3438159286
2805072889
234768759
6433402
99125668
131453133
309755712
3230273908
276236368
2465874037
29472631
4266513201
20833573
26053664
37679359
546128469
227265050
34011285
65341981
2470853388
51409026
113003242
2324220884
4356568274
3085541469
701361533
56967759
4330165468
3218598249
50384598
4312498522
203147503
302611422
2208951721
2990602405
4317857547
3786264197
4322315895
958437878
4118211495
44106837
15055125
3000174335
29135599
259680484
137758826
1669064869
33426556
4304252596
2538328886
14945367
3016888315
3317114714
881697636
155621556
17175204
4305785834
102322506
1394792240
3874552033
511251106
140201735
158658855
50600843
1132733436
3941996893
4224211763
30833810
29265730
2982271885
1133448008
14216643
116614425
319541323
3595439354
1358096665
3891618733
370099262
60329743
381620853
398779996
7766682
819564829
133333025
331057063
20433030
3663218835
90208576
213404590
705153
121344758
98043382
15144994
4259408255
298979152
14235419
56182398
4257993219
3829642874
2780944784
270818891
61385490
1729744855
192840168
42684509
4249468653
277406930
1427642923
4247355316
76671567
613417972
345957420
3438819297
4213668707
19819582
243025318
23414927
459894853
3894032832
128930768
31879822
120726522
475487543
72965535
2427131427
601659744
286285934
21784878
4234692035
151070328
4125617008
2265810403
990765404
558210463
3386492242
3986102713
74464849
98181601
3357559564
160167398
4229218511
211887138
478390853
3335235435
176915762
703326345
16156466
12287422
126277983
459284845
18094402
2323668846
362081263
3742036152
14230055
2344116498
14419492
54092766
4218708749
49862261
92443958
171128522
363301614
280895603
731078276
2250024594
74384224
3410274489
210922147
3749053213
125955407
1148147600
2516551
313120824
1894904143
73172153
3299109393
162068963
106898479
14451433
2361528606
4180886293
85004269
3994058181
124516910
1026637946
574223829
268438559
14226216
2809364404
4180660841
2531844129
18792475
437453535
4229527093
87432901
584811421
2502627931
19272366
111450959
4177666265
2360589341
52365962
4173575999
246400842
34302069
494936566
9451792
306982164
1968589566
2414616908
505056983
77572844
1380643285
4039256120
44730334
194335824
227246899
4162424177
237737885
432483278
199033393
531558505
24941705
1260549048
2871900585
2427460463
165624024
16183707
2438738040
4187691078
1622069804
49089164
37126430
2610629274
1358251357
4151822825
39752988
148096117
86856562
30959548
4139244507
3729821847
1360762166
747502158
4107250334
7056162
219455780
4010045295
56657913
1720089002
1363041626
12513452
14120496
3692902645
2453076788
567038521
17757336
2597466379
39278110
1404195253
11913202
499839023
404406998
561245397
749254218
4132099154
27732371
25698588
4114306653
3763253729
4121439793
31695584
2675183378
66303231
1229198138
362799962
2382099616
3344016909
2821243479
212510911
69653514
585753982
376000801
14749329
23055667
4105997429
37931584
47409741
104860030
90842194
3914543240
3901211900
970380775
564956881
2363163709
2164241042
2737187935
103949787
106740497
1664410580
77503704
4098870798
156037926
484519574
608072805
858839946
15769241
768641232
3072368249
4060866587
143158390
4076759412
47503085
2274966672
2305845066
49849936
169354889
116943056
2300505120
617867302
87758994
594187567
3002432849
609569565
4075301967
467428137
1479067806
24907371
2782321504
54514761
457037325
356843391
592822241
2915833174
79294341
536177964
234978801
397791032
41694193
7855022
17979451
627050387
743378251
81400063
260751723
2556533214
19313606
506037285
59454746
2470632947
2420429713
3696590542
2825062379
176439506
43382067
13684732
133794472
147712539
986328931
4001437693
193423293
139959137
510228555
1025849528
749117282
95247545
326527012
2176325413
3094512006
28526306
3490450459
2915770350
221039212
1200401257
847306999
136992323
4013169761
221127039
96321932
1568063760
3968995218
70637495
3198064441
1418142714
11757482
596476309
19579359
202701231
473547873
22091808
3959153713
2684267046
100535361
3171588422
121305920
408749334
378847531
2268937711
40411769
92645031
21885400
786003434
3983995949
10382652
14177909
441083595
175141481
306026358
333004935
565445659
18896399
104645779
472387064
2418491631
55395963
43412464
181333648
3971181197
3282897128
423441013
15005377
3903372571
180802580
26467595
487608436
2845283656
100366610
125905490
289936333
1547195653
962920339
314541926
211821689
22981058
3406520165
3798760514
1344201835
2995668950
88628928
91065574
93661109
384627822
135317874
16709806
555248260
3180838713
3910104682
60666137
62217744
298022133
197146545
384090237
26054087
147588467
44605684
2464605080
16298988
1414075584
51451739
381466127
26514443
3872210379
66323
49842942
279774570
28956204
16795061
466741548
166976147
1025983585
15506722
3872407042
125777518
23191417
1282853970
1927985880
6316672
999960972
931492657
3118318314
1018221
137209236
97812465
2741472335
125637697
319515304
3755674754
24434586
68830328
113636764
555899250
1195400694
3106904507
526812323
3817762114
3394993414
3405443464
2872492462
3240034144
256568779
3662979086
113173367
3301621349
3835159804
3588909741
12703922
3434095869
61469111
3439921993
1231146043
134098906
264562670
2691329989
3648612617
3737937013
3823804275
3727566792
10784462
380146833
3515865321
1722445178
3366171251
21772152
2905197401
85953837
15178294
288555299
329024656
26180274
222595373
386263100
16601896
349758213
496955808
20552509
61167113
1400586834
14659031
119818210
84924284
16331539
99590742
100736074
1528784814
298135721
3217002377
2950830172
337006600
931464650
138639503
247274909
1514173789
312952318
382348546
24972070
1420771244
1027073544
215818100
255884950
3760061477
52772830
3762198316
3326654069
1296081944
899261347
201597613
330264904
36630202
2568757549
2374206281
3743447121
3742814957
3528644057
3597599954
40419558
3224712118
17244175
144069498
125271687
72410884
29799972
175513032
78464905
197671066
2940580395
1460729839
247208978
79868514
2493179774
3427905070
990560371
428483829
959689442
3436350131
1977786618
482754386
2712035623
182066108
293166162
272864407
907924568
71981474
2799768252
611395155
52503094
2273703972
105133107
34923649
1230156913
3671264597
18494443
755589637
3094369734
769091329
505068361
381567242
145113461
219723542
3295022850
195856867
3266580090
3126097298
10983962
2148776496
3613743682
135695974
14786133
3628645702
1007429461
3301052996
225056048
422206061
464172796
2711532308
41116169
32873299
3525870258
246800845
36307327
171752175
250145057
156220564
1861562977
40080737
1927788625
28114330
47749628
21208707
3063897713
192105258
1166219364
555512732
3131434251
2217667688
2218512816
2217941708
2757009568
56928751
626827315
2218513417
2217971119
2217910465
6561812
2217969727
2217948750
2218518655
2217966908
36669573
2218539668
263773240
91978191
2218532335
2217963097
2217969692
2218538209
2217966590
97131942
581693213
2217918007
2217930613
2218534633
172744856
625299437
1331923160
3513267797
189839312
3187566757
578978004
43071828
2217966200
2217970742
2218528334
2217965132
69225182
2218481935
2217677767
2218509152
2218528434
2218520090
2218530740
2217929809
2218507364
2218513478
2217951128
2217952916
2218520887
2218522518
2218526864
2218535210
2218519046
2217972380
2218522819
102676989
2218506882
2218508958
2217957319
2218517827
2217965328
2218519596
2218526515
2218517431
2218529527
2217951325
2218536474
2218542547
2218510092
2217942170
2218538084
2218514730
2218545745
2218538731
2218515894
2218517089
2218515656
2217933732
2217957240
3561547155
202674012
3324697467
2465037235
289367225
3079353208
1384623630
146425220
9526842
88989112
3465834743
37878209
116156887
56754757
1525186668
2675586505
3369638243
2884549937
244474169
1101647822
86539074
1688673218
1355440976
335703270
2185328717
22946247
903773808
3400871298
2829361853
3398224154
39967367
119099191
38777767
3320903857
36138005
60190719
2893437164
1132049353
116446638
395119253
779647
107681956
3450456677
25050594
22099467
3397400543
480096083
5381462
1454550127
240243530
79183175
487430040
211014905
261504229
1482113941
1144117730
621024476
3313602559
3194242504
1598704039
84259669
597335337
1737011
263260718
206397443
404235941
347258629
3041429222
23204397
38451694
128826719
206744577
257999154
2468307066
328441258
3434771745
40154882
3322459411
20236781
2578027830
438234592
2545722114
91483848
3351167531
14088591
123238672
2844907094
2393639618
707809958
19517625
97136609
1500111374
92019089
18479569
3318263179
3315506803
330132342
244045479
2491416904
242597171
61171056
15419335
15915396
3353248607
140915296
1240234542
103086031
123541844
39950964
925057147
3175473676
353603304
3420664199
3315514129
176099082
1077472177
2179002914
347779782
865151322
178087393
2643544070
3312649129
10283352
1115374579
354006536
83121975
3313616227
3298177974
127091309
133809203
273921917
34406772
1599368977
585625151
3289082263
3413197839
93018711
838325010
838706732
17968171
88160788
3408763521
551291723
118327268
3403311399
809121054
360522992
14081367
1637385620
847620619
2155889274
3225388774
2705638688
412481261
247398195
2942885880
43117897
38343264
1175388018
3392554677
161981747
3308546313
3294256128
53798174
3402200823
3402136073
185226497
3315405461
3197026530
299875862
39948320
350755919
243995625
36089746
23213874
2360763092
161772392
609261721
33975671
1244317560
30227740
621926880
18690730
23622967
95526575
14322694
3126858647
289924733
1887066217
266589392
586586969
12040082
2761795103
96344834
557590813
15027254
1428151105
3392777859
3353681295
297285011
47794570
32369216
96999475
3327232006
13027382
2957612547
740814734
1117261591
3294448789
3291998214
54434819
497839276
212095812
49649648
3243187069
383693850
459241325
29693358
3384877857
14944569
632013607
3388037056
29192235
70866010
389934808
2872121791
16268143
3387817624
298676897
32935484
98978944
3044823857
230786806
1704599138
61714133
2575100833
2668796328
606106564
1241684636
15200015
81851223
100210724
42395628
412212508
15952234
58114829
701734254
15791604
15607995
3380973898
3008420090
922016503
2223032728
409053335
432371580
3379781727
453134179
20495689
1109084744
787268923
14662473
57233370
24903902
3295301212
308218344
380796603
3278861726
3288014188
2658566696
532579075
10836542
231734854
604427710
128601587
356357252
464896420
20479814
154401614
2737540318
3352382548
528218150
3219007974
2396812408
2149087297
2314417717
87922760
2956410177
26803375
1074781856
2375234785
199435197
204533562
2316296043
3063434629
3317379425
3364247789
241232984
1545631248
86309249
360644168
358656924
492971212
2735001490
14079705
3363562888
110311470
242753006
3341975397
2274772251
24488626
4833131
165286345
1538688710
2419633447
1359871188
3167248457
2914364771
27988392
39642510
3356965601
302062797
438725431
380967019
2394099733
53643693
9968392
24709097
3247228027
22225357
869875664
61836063
65878560
168274998
587846458
1897519646
23542631
775991029
321494996
10500282
18108612
2780860578
115095443
195043388
1184666743
3256301227
14505806
2788268246
3031507907
15022994
10814712
529577737
3243893064
178291800
149507062
127330581
14658601
8962282
45328185
236983649
3346814830
14741188
207572721
86526150
3344085412
2782757324
2611769318
647713
1873131961
515731585
69353990
3309109469
270502812
2790642493
3253445377
3344593552
3344276783
2338556905
42145090
493542318
241188333
18640520
1471492482
3342796360
353874454
204057155
10275042
368879607
138115273
2276379115
3072678737
890062952
2374836667
2705734471
3335791463
89804875
2741340473
340259012
37861855
3333074307
19011629
2256689412
101022391
1553071
606552089
824401622
3248751696
1545547764
2522667685
2236823090
2830627522
3321007509
2741959959
34842747
3224478028
72942381
178929102
1275505626
90462159
76738163
22259988
31248890
17344769
2580846073
33847801
54523717
2900611011
14349950
34135168
500762905
13661802
3007334143
185150744
1684806954
15456578
1585751246
459970914
24510260
14571453
3242910126
41596730
21936691
3242776070
49420481
3317469251
2916894308
14406950
3288186885
2730157021
15809225
14264767
76759179
1209406800
2946610993
466005509
47318983
99484927
1967009858
18350530
3198862224
75086636
78954254
87969292
117975672
165196051
431420754
17105300
2552948971
2678169458
180010422
2543703025
2339272123
50405672
10325302
157165497
17384178
15101578
60613611
16408344
3233310847
2803844473
47196254
154885144
3305420397
122615955
347835234
14212405
14426484
3302878433
740785850
273068377
1416711110
372705066
3300497135
14324887
273402305
3161370146
3188245080
220028389
151023736
136597856
190726179
2992427179
2999739898
16466158
497053425
3295284567
145430772
1564684886
3292749273
403246089
535718085
76464432
303545389
3293064142
68805745
65927429
186053264
55405152
21430118
2874833721
3192821858
353543118
57726971
48429557
215592904
15278439
2509900704
316008678
2607842448
1015471412
3195759183
14795196
2876784616
340455906
3195618165
3195851189
52699935
276788810
186255229
21751446
78134881
54521099
37184026
614566571
1448451182
60880794
1046737872
870651673
50553003
17827840
106687244
2755625018
428805040
633712521
114994638
165716019
21637538
2885079863
3195826823
3253786217
398865923
47936576
3190345816
192064732
105065240
38427697
3249091569
377166528
55786545
404051183
3247784021
18059811
1115042737
235992066
2935637293
2353378285
131153725
335860025
3127026183
115355950
130882554
14601735
3242081421
910480201
261162803
2739126615
2159499590
3066208663
483197967
594997226
3187629164
2615986692
91174174
3240187024
3187286150
15937273
532133490
112901897
873328614
1575329262
177520183
14925802
51186864
36132121
18335865
84364568
15004932
163818972
559257128
153435507
142241896
2290591021
338125838
3086635386
2386587823
3124121145
218810287
17383915
2192502661
189544626
197314657
2282742396
3226347819
131649151
128282852
74834978
108422437
2273872698
229955259
906758209
505624877
3117994512
1899869048
2945123707
1966316496
147355126
33189987
305398075
301602560
280503592
155328948
29271734
2858864629
1177153615
997940280
185992915
3132850792
736919767
726935143
186071737
303763428
2301239702
19945879
28922055
358212062
409351780
238236920
3152416415
3166439862
3187250609
2816553390
1451868559
276005913
95054294
82538634
571028022
2822645638
180287265
46756327
48194193
2724205044
7663072
2456683489
159703771
3160734565
2741600947
3145640620
191467550
301051371
138452925
27231457
381247055
275608108
18549797
118735510
1373037295
2249523511
171844064
71576096
214794191
2722070217
3167158557
174576108
19937789
20368419
3160613997
503894080
19825996
449137603
114868809
292732824
3115454990
2593255744
412630114
91253603
2220214399
139212646
2407941865
401699479
3108461739
256491690
614571323
187210030
819782048
337151657
65642351
2270907105
15959872
2652405565
540182674
628516837
2490984650
17165613
6788142
278571539
3016819115
91143553
3149887367
320977163
122280834
151195104
2195948273
2867192968
1465464066
487597051
295225839
2851944063
2875185083
15463097
3078387045
568038040
393180020
19632846
2267088457
3118719168
2907868598
2941526562
189914907
3012341500
3121639981
72111475
18646447
2839503561
16704102
19289264
1321049100
3130669133
123949305
103156477
2799899454
252320979
2222790469
1378680288
98352964
1144902476
42111782
2450010338
310771096
93320617
70602548
322527525
558660926
3092780860
21911686
3111027266
136386519
2964766168
1975644061
459763384
195121377
23052909
3115204485
94297407
3058852306
53668289
127060682
2195635268
2176416139
288500476
469041467
46866265
1611764414
24130248
1031745169
2313269726
19232628
128338124
181910802
741088411
83776031
3100484876
118480977
1417632308
38320147
218020314
14833048
2483705712
2897595033
1075320650
185669945
552577253
21749279
25290426
2151415951
565017115
3074471871
76650588
216834062
2488745713
887819510
990764761
1703628073
24118008
135690871
62836862
262288777
2923388145
2395357638
704929388
1328160296
1105724400
505462576
2800639198
1944857408
288420495
9723932
600703397
1540823454
972881736
740358655
1972149666
15624618
1379554392
230357923
589122906
258409881
1576438136
1260767808
509773304
3082581842
3079226132
2934765150
430825469
2996145813
457237219
2164519766
2585172710
2493771198
18114715
270878673
3091369985
426531390
2540584452
379787977
1949022751
27084790
2849825184
54246282
271501465
2285434321
61520133
2526327233
283171651
538303914
312624910
273030851
3083632666
169806346
463799217
3087512519
1029676548
399254011
164116693
398540128
3053172073
424064988
2800138606
2990671469
3070272078
3055266043
2945840194
346536830
1448519288
136403321
157702526
58962861
2829553663
197428268
235427935
225384336
3066883303
82467122
3065796768
84961798
21706387
204613194
27541179
2415260515
62050215
2471601471
271521079
3074134828
277102590
516353099
210474052
2425062575
832857180
15723994
536054934
173029121
346156394
3067825876
16103019
1683195636
92501939
33295822
3059676559
3067457145
84589017
14632982
1325145732
2205107647
2622179244
215975564
296877794
551146083
1270164762
1091140909
1119409808
19746235
14146231
713916294
1959354288
26742074
216426370
2749938667
79381606
3064245677
1897197288
103550942
1543784234
243217148
2357754431
124132349
16323296
3038857996
158652242
26195394
241914132
1624141777
2374930248
136140719
32512628
1966927254
3060296542
16255673
1859751914
980647831
49941670
271281127
3055843685
15747323
12481732
223396305
9400592
250571173
19381900
463192777
2870320347
3053421885
173816291
3052203705
2310840488
459235730
67158643
98745280
2372012234
330641376
2535241309
1333637995
324296299
31378280
168261835
19411589
1071001260
385537613
3032971145
325731284
17863977
3029990137
101032775
14550576
2292957798
56758938
146226222
52722469
2596552676
43192248
105083659
20844779
2180788608
3024658674
2301963115
409934404
3042495039
81857496
2395652120
20489651
524649249
255396301
602639420
161343407
394135467
2190298616
1050360494
65659875
78827178
233575257
15696660
22995982
35435164
3021507908
337649912
16441788
3012862700
206950547
2933008854
3018929580
241470654
16060326
74427484
45420830
1187073116
580766785
93213506
3034416581
1430378474
444232926
4997621
724811082
2364775861
309941239
241112769
14585205
195677904
35481085
38358799
441542967
3007668047
141950173
3030859991
233549709
1907852436
96584244
2920002706
194681496
740951756
1380198374
16130949
166180469
2958774306
726109332
2887674291
226323148
156550404
14079912
143615042
43148464
75012069
3015811428
3014905567
89280349
65654220
15344831
52653479
344684948
1157574523
2378636671
83938884
2491819189
564918206
2579156551
536803014
875468936
15651798
50595062
140905474
787385251
1347096116
159568485
51737060
125075740
15047221
1007504335
3016394909
17407196
3011618396
19367396
1691248003
14116027
40333911
2646380262
2887225418
1691036347
39270336
60470792
884417364
247774975
6196372
70781225
2977763117
1183684093
49625337
1157281700
2163557070
113483753
20634911
14901463
2359947662
14355853
141390058
94189066
26724637
2840791156
2993074163
22050354
27375406
19185635
23784104
3012453629
12486322
1613885570
42102828
2906541162
42829252
356040233
2523942448
41443065
2908768185
3008151864
342088559
63867114
59203720
2826943823
300577549
17441302
59085158
385272319
2433297882
1279892798
138864670
4438081
15708548
2870142231
195534933
318649792
2936350801
3008699393
2752823207
48887796
2951631882
42567666
14089880
245916207
174591864
564518908
195888998
584673330
787108333
2207700187
749292618
146182117
498949255
45701910
3004073787
17896409
270842725
1071926941
532044087
587590516
3004103907
175840941
19715246
43054537
2903860727
167533114
2189834263
2266664395
325413337
209090772
9715632
167134256
904477844
34361769
9930252
168703570
2600055487
176981763
215766363
1487440321
154239620
48843
206382011
352719385
111979852
2992589489
2423532368
1096461325
1266171368
111275445
2294646020
558475271
1022932621
2534140117
121273300
2515090176
2234590507
377115972
2997138592
2963336100
2959263819
2998531377
31294073
497455300
1858687284
2997827489
147481151
106891216
930001290
119611893
1152078242
525304553
469323237
71221461
2994417571
49730610
23663005
371427581
20259521
33198455
2982701457
1230028746
30802285
318417683
2872506472
837842810
2985405620
955299380
1448218405
2992125016
20845024
2991622011
385511415
25814570
15945154
1648679509
125315736
160541672
16604901
1846412876
61612784
213804467
1942991
19967357
200826890
35815359
2573070673
2990644902
18309987
18124965
2861846201
26486972
2779979912
2985360899
2859004677
97461644
34726113
280056038
26723019
186081327
118158329
352937206
153853749
45659609
14408956
172826594
52543921
273093667
44104818
44842864
217017161
56823695
3197621
2201394253
616131648
2233329924
534277947
2977652392
2982135295
94520824
2981292960
2838062288
2721436550
2258466851
21246104
455830064
2962561029
108191764
2443226072
23452816
2967590667
2975868772
221764073
28335302
20233905
2845608984
749576077
13103292
36895788
22753719
53040401
223201295
1581385591
548636393
14826052
1338647558
1106096840
2970948139
139863821
1605838352
1680887875
14539113
204365913
14862676
110368132
1371921
2342011352
20010763
53011116
205332151
155017758
2687159076
2927209036
59911425
15493321
2735167980
2817008403
69330569
190033308
106130770
14809487
2336875513
320314718
76815628
327898742
2336953087
2817150032
2963965917
2218450518
284985001
2964941386
129117290
2460142873
14969519
16212833
112226987
622406694
1678400617
2963698361
367997404
17833669
2613792335
7410862
249264198
141519584
2945630133
2950787142
417669502
186027484
508526030
14624596
585980213
1149046632
2924660484
798992857
208421444
185561210
2952972550
407626121
27814454
27959029
338323
382237651
901456448
15255729
1955098921
252017783
2191913347
2681923513
2840701870
461054364
158195986
48688257
378333107
2944618585
2228501186
47852392
18376141
594261479
166241938
177023460
593843557
21212367
177093796
325403489
2731106413
168752612
250136365
145437176
523452847
827537970
2294000726
55246812
14904849
872073475
2903259044
1261811012
264573315
1493631506
2927113600
9609702
1484771004
15402077
129106821
17969421
2425469419
42319229
82559883
33456028
2906607965
2266658287
408912987
1633425380
2929284610
90863309
47349959
16614487
1583779237
1230917808
23873693
309148297
502123264
14657686
7506022
6587342
2910619725
246832851
224543004
17775217
587047824
104069725
2378792420
142899492
199555469
75767921
244173178
2917852109
35137814
435884644
391604973
282219230
2895425567
109021664
383993741
2926309550
546446404
14759503
1030101643
2782030261
52296298
2667016334
474272442
188695286
80545926
224978714
2910835863
190227604
267973088
2891907039
14887946
25674718
16294706
2921126521
14710159
153383035
27083255
93615033
1907832560
2153225556
103958152
868116865
99822069
37176645
144499491
49246337
2378355062
21108057
2457035887
110018788
82300605
20466521
57397399
2900165469
2665276580
167763271
1411461098
166207474
1098859351
1547399522
43918633
2887370614
2198848653
309042954
301889383
233347290
17598798
2912448632
2894716186
1964927580
14901362
24881598
2910972590
1903997053
763063272
2884475997
2608616570
95700876
2873482777
774595525
80848691
2853258375
2830176416
371132004
2891084411
107115058
2908014540
570367033
404979934
2888398427
2198487701
2888555531
2907384660
578357430
2464723728
2887810253
128407170
2887246079
127205347
2550278658
25489060
171313817
244626226
121861922
21276302
36010272
174242247
50396384
959946908
29628969
21724477
139211509
291212848
42709854
217200684
549296843
16227146
5426532
39827272
2881800802
789225
15482338
41833810
142314596
416935312
21268840
90314547
10184292
2721351248
102012903
14113658
945432906
45240857
2900201917
4922591
38146160
303500180
17795341
1596519954
17487292
2855867655
36533787
15943542
310965860
268798423
27224003
516281454
2874139617
2842148117
147163025
2586384571
274946870
1568039240
862102705
205985247
35267754
32430415
79559758
2753069838
358488101
2856662383
2339325434
2580128468
19802719
2326531620
337598933
184739186
11586382
70914003
300471596
109074740
259307014
2374482901
2207287990
129345396
565000146
2893534075
1392972086
42770719
66435999
2863949283
1026843169
2305052826
322334092
301186912
49513256
396425465
46050480
302433665
60228376
532067033
61479041
14350715
2889747026
49414491
86452222
773797430
448972291
20739556
2858849560
2854904534
2863159142
2887997012
226537603
112870133
561449494
258435696
1441298052
2837196046
227823840
15234365
2615447014
15354450
2877155838
43319792
329817960
101826042
27093292
110081529
2751216034
724292809
1525989607
1006929913
36405203
2826011709
71446643
2885123502
63054750
1282567255
397948374
445267868
2883582462
88379499
10602992
141515584
40669682
175219173
418453726
103176791
322452335
232388244
2463102522
1617418004
98867832
2610426775
2787693763
121089734
1589003604
135094026
87897088
193010263
2846253321
121512953
63061158
384562724
62823708
488380868
50372972
2582093204
1672800612
1541708858
95932080
281435411
151357770
2730296512
95486300
14897822
40797488
19333515
1423900867
2842426359
2695955461
231894757
475843327
10465782
1449528385
507126560
107998191
14056106
168796320
19220806
709784156
21325333
73347981
125864221
2346643524
2617268964
2821774951
2748060709
152498064
14353681
17136958
179317154
208736299
459343859
2825195608
1745324546
160598574
22639967
54097845
15243874
2597695298
1525205108
186953916
160234309
26510959
275411993
2809696466
27845070
190349443
2690385528
1664496876
276015709
60114420
102574536
15808619
465172118
2359660268
1593632144
120066723
15767097
365261112
2492492220
271020923
1960769234
11421772
238620435
354411145
144801423
2792083287
594349111
1031595858
17568844
372424045
414689991
2465301623
25924239
15632110
2278929762
15385756
113760826
404664303
2830152107
52024106
2463367748
24445018
2799694235
2328117235
2564799726
47581758
19056126
192293734
286348285
299525072
34043363
25435149
470460604
2167905853
35381854
2850298501
2853115124
48033120
511238481
2796215962
2780994698
1360166606
304644240
244995683
100056787
163395594
21223931
423116650
741803
238359096
1919612864
23195709
929714670
60797204
2786586622
42413856
991875128
36382624
1905229784
105078210
2294592895
28230555
2488561238
14458258
862504152
905179088
177656509
21199234
2665506436
82222349
340741628
1677907009
2821096722
382485107
301883631
2827712317
109780988
2808365523
2786887683
110373190
414002082
16507671
156366092
362929771
2801651332
245424611
15835654
1705277084
1176993271
81968841
2800199885
2826527749
1050660182
283508961
2799357765
155904345
946070618
290116322
52052234
84843575
71121808
38490023
67019627
55504566
486797149
3305021
2358109026
39478556
2667052088
250073632
592784164
489950223
33058110
2794122400
2785641531
402620376
2711353236
2397534996
18835477
457843483
467899408
2826734706
14998783
1939496185
264402895
163413857
22890262
148835758
2789695119
267626679
2832041154
2828793553
1134563276
1715685626
112963429
14366375
48495809
267852263
1858201686
14630982
150354133
114147741
6086372
2256552440
313180285
90833310
63959464
85951226
95336250
2546220562
2529118837
68950160
24242851
1934442162
34392691
1204614182
66397175
145752795
1914259940
1853990612
44586507
182558360
106069347
1565270822
193266041
596639788
2351625732
1023923269
2831454734
144381652
184416130
612223542
505824565
748125600
612845412
2817631765
5909582
346572720
16338239
101752992
1859705820
2547434413
329856920
402073835
67543721
59397697
2286198223
138771171
181065019
39063457
2563356456
2393093749
162328680
2323889990
19106830
14485960
21660150
423068564
284193372
2817171708
245236804
50626360
519593681
146384873
76281998
28593671
2815240675
14161402
481862999
212362796
2813670001
57403219
36976084
2813241042
2434101757
578824599
2812549430
2380944854
2469491467
2811177301
57740625
1323313669
2809189272
140016152
45801724
2494643684
2773111
2212815019
275704349
16734224
18478912
55601098
86406068
275312110
19075840
22087064
588049711
259320960
341057546
2716569740
779610752
61608035
1333151
22766875
165489135
21614616
217051035
1116226850
107934145
116204594
38031675
2800491553
2650962516
1242019639
27160290
35422393
2791436000
62449855
2798388926
243380895
612073999
2299964976
2732552610
81960748
558085674
25715906
2784997027
333884820
30227602
43768402
2688958729
15262212
1361377382
65902558
15586608
2790615516
566265464
2790406548
2308505875
30044524
25081502
2245780159
2490164959
311036975
414194200
22908422
2757844193
106401237
222953602
66423883
241033988
588465782
39784061
2559518412
14027802
32474740
28198995
2786694300
1390907234
178076545
56360800
2599847137
4243561
1103510845
47946646
1676686202
106914329
317564714
1952109704
44452859
57050787
136894961
284145573
2580764964
622381876
545208606
81597754
1952055048
209127189
18719512
2677869992
140549776
2589239833
1051092187
2777258329
2699452892
16411626
330337452
16362921
2321069564
2604468580
200761869
1083515466
2533888009
588926710
45208530
1695500143
108224692
196825963
154211753
1957782337
107448827
83701865
166984067
2447309940
313313449
33988836
16185413
2677545651
408503349
22159630
354071622
49420638
18088152
418578386
96808661
139803642
111991872
2764053632
1588870477
75940629
68432021
2763080000
85761953
321337101
100982262
249863344
414626751
2451452419
30662933
2337496381
35194416
1411562167
2447954492
191014340
299214805
2744581070
19043121
51750789
2722136407
21144147
2531421518
233643484
2749534363
2620994948
614592363
2401510680
38018057
25103894
205454231
19682566
49089356
1425445424
15483484
2427164316
16120736
2233865937
1413548791
1377506532
2539059948
480509309
784330
2540715720
219984474
16101596
2572590182
2721946819
2186565504
34613675
77530990
250291626
44330425
119628815
82987277
416269460
2711140140
19078313
1381891
91856003
919943514
475479996
12691112
50326978
69981782
41066814
2737563831
50274301
444867085
201732212
22961291
89616714
90434763
380080506
98650835
144079408
2696886242
2426120664
98384008
2338668188
163019149
2714533184
289257757
29967509
204563540
190934284
46120976
125672813
240260996
1532747005
17953808
217370461
29992466
2734417353
17199876
244925283
2264459602
8131402
2607663840
2709534097
2514131681
17042415
2370048325
2699937128
2707425577
427338849
2381351354
544921241
341979831
1131676850
132294103
467219605
629135305
566350418
962105654
53004751
1718162918
2339513390
2696365418
66948982
216973128
2693847186
54064466
1872399366
2659454311
2344202959
140626211
248218162
242409976
1455280687
1849360388
60941141
2356508166
14130160
14175273
206000306
547304439
1080081
2183660930
620088006
1737696097
75374185
121402395
15664470
2581885362
381408600
2721792477
836661410
265835365
68719988
50189269
2562927626
18171567
2542992764
113279556
603515748
34895938
90491964
2540278455
296021403
547951729
2575485504
225097095
74135624
61188935
177491555
319286077
14566795
11439542
7132522
288710721
27458925
33370005
2671687198
786718448
39638530
48720588
57107582
94634385
124761193
103566913
2593571024
79460066
366227885
299514625
196699258
439481329
9181042
287946267
326288323
127179803
1610901992
25580276
52404351
2594543132
14620634
2646301284
598284521
1695774854
439282525
10693462
261270761
404750251
2441845067
136933117
63829879
2620102910
98838831
21008764
576407512
2617174453
34200741
81716016
64306899
14091967
1183532222
1945064317
14456075
39218079
1429928448
2518434217
168884056
2271327811
70392504
2598197527
138763309
1392547573
2556915360
767901079
118674790
2182599899
194787798
2548275144
128204915
1107297031
42103896
314765338
491300969
5467282
2651528883
1316769961
1471531128
380617006
2548979100
20801194
174317690
44900235
53152354
9193692
12301422
96273113
503291171
2599064652
27253789
2153418060
1491174024
2597955026
8780062
17904372
795049532
1477667394
9439682
15090604
203955732
536142739
1037116500
133555960
95876828
2592429811
321732136
72141032
996558810
126155726
53393702
18713607
331932765
28403347
33286909
113035007
316576187
1201284446
2232389148
2581219146
18691802
499521081
233855103
309191815
426512369
526485204
89736020
2585424294
2627732063
2271848838
236764556
205937545
1625110476
16335018
832629859
2504967588
2479058382
2573531712
14257928
623223
766753446
7340612
133264905
354364378
2443623566
112260017
613553
471948447
88029019
62306025
2223520890
2571111684
214235276
2573442541
48140636
259676387
925404606
353459688
12806052
317360465
812787020
171594915
391852521
348557933
164000705
2464935120
29534797
14274325
84860111
382479373
252764969
1903424892
732458280
1009906736
12285122
14048665
91526730
15257273
1132101578
2977701
231982366
390061466
85367596
224750181
320983153
721805635
87618481
80231785
1001480526
19750672
129819959
823457918
2351480982
34671194
2559554316
2329822327
63814871
18953080
45584669
532528005
14310260
18046202
2432957479
36184976
1262259140
100885787
14945059
12721882
524515742
108636299
456402279
226291363
552727532
150837884
177606859
30076916
2558861259
6162
703099542
2484066560
7378752
2551078999
382181783
14577658
9976002
324287961
111878120
79744724
479397351
111373524
45063702
2386219178
418936836
48664986
1421228124
15488482
107516357
10694102
137741136
320293508
2468525089
16806270
40240113
156043175
2446931507
14069089
395576051
46639625
1229572832
2542746277
269700286
1957776128
2541403230
140686534
14584966
2271968509
395619779
1397033844
337690183
122208260
16341783
1123073839
43386920
163853677
2543038533
15645643
101837427
2386640953
2529879654
946350984
334160309
902481728
1967396677
2349145380
19142691
2496477698
2552854733
14647778
254111816
326049671
544274702
99395610
378873018
145968883
22602408
1891598670
239564708
24371288
74676077
25084165
39510435
2179734534
32916191
62053490
38501512
103710261
13795732
377966478
262034373
14206328
14602130
248302537
1552517066
14400548
101337285
1336546646
14778397
7621602
272261014
44295328
49087275
2559093124
2515722924
93443
2515064520
63910514
42680910
1568464183
2496708295
473899084
2556864621
321207052
19095144
141176790
91016809
2505186681
818408052
1002982686
212461720
8120812
1573829280
259244476
409307045
191652861
97591974
2505203456
830411028
301461467
124202536
16415437
17272217
123052115
14548860
34387684
52867017
292394877
932360294
146695797
17311407
17152901
161541374
797868
98775654
238950381
15937973
65699541
372520977
164854563
2253901477
611745386
167282833
13228362
18791517
517996098
540518666
113175620
322587765
14546178
18198997
372951853
14587862
21933472
7261892
99847496
166095941
101280069
2423919074
332681505
30392372
114483948
14179126
137838660
1308190308
52446776
49987963
38213520
17417561
14600504
58063093
543690714
312513000
381810293
2389632163
861251984
122543503
300078214
24522894
17652043
251775169
109765112
23032935
137164105
374386028
121175035
145849259
28748501
96483337
2484196208
167599854
18895830
99968797
185997847
2480610482
106826002
152034795
34282294
12800382
868667971
2478979862
10151312
16132687
15823403
253375554
150178153
5654672
10078822
162380696
75619705
2420079537
2257626024
2147141
14733333
14950678
151425431
49576035
401599618
29266242
139211015
2283655788
197352235
378751764
95092371
2472135062
2472020947
90891243
278150608
33620667
973890140
264763192
1658481055
26837658
936564992
14621111
20117518
1135969363
43372956
2263031868
43936039
2342378256
218349915
273169074
111869240
31483955
21219917
2451088854
802294808
213753761
4536291
1524551268
4411041
358030070
2450719650
476923690
212980492
17402944
70421848
233750808
214691821
272415147
86923607
564422315
311927581
329138078
262304762
33794734
615689576
16896983
173044784
1998691
15268012
2360173724
17508703
157715805
68183705
138422049
2203551902
8880862
12643692
18388046
42616493
131094959
985029535
2416472911
2456945389
297313157
1136766480
29206226
298173398
198385286
184655099
56919266
27886242
2440903484
172049810
862912088
14694891
422947536
48966041
74048617
468504003
395303847
2452726062
1918240945
281820717
144212432
1641711950
75442647
371761848
2392151910
13629702
1706230669
1138959692
14452663
72789437
19643541
10368692
487623589
120528767
17347755
253102329
66382868
29278562
10589932
403970594
2444355505
36741192
60212147
2486159255
14377703
2473781302
52724831
2444549179
2398413343
9753582
9407242
22272839
833071
96780938
380407597
1371964652
2427943566
111142629
2348327996
42801158
58185340
1346062784
146742766
1134754830
1468887020
2416199407
338546580
31673918
2439176996
81544068
254757186
629023391
622150106
213433431
215315430
239884835
94133565
1968558775
275161038
92175302
14075995
1285812348
30853443
482736413
14424884
56879262
37050139
84268701
1226273473
120021770
96267663
160893855
263654413
15495038
80377440
2422271107
25534241
15644940
35773722
14196876
24999948
1415466794
321158783
155536914
14226206
494241633
34008365
33252655
189881504
2457592037
55836614
2206367629
121306396
387905326
19908822
11497
62515269
23469332
470203845
1381038708
18601151
384054819
350577488
1299689106
95393848
82632905
164253483
105550052
321283775
766079100
29928781
571116903
173078777
1258068229
322926894
2222012347
6140222
189094349
235345309
248609164
1222192896
18218169
21885961
395312350
171963553
38285643
38071649
299333932
1375308626
1976709356
124277765
145462688
35303670
140469438
35019631
251175536
576844683
356358629
532733266
37617381
2408619325
145337656
14186913
1582743518
3319021
13122482
98721552
345530699
297982451
20758815
18514010
2240862138
222676551
185550172
564607037
1599544046
273515179
15237109
2365716954
2266382344
39441903
94595395
19286417
2249294977
256903552
20343159
17130121
166064436
302084816
1310229691
10250992
212632603
1076695052
562855486
142237621
28533323
22333927
101893039
459723788
1041629449
1244965886
23107963
224788844
14073614
14328611
179489225
244636448
71964488
333298587
366553776
99271654
99485039
1225553322
14323691
33849754
9769712
250535644
14925180
14562685
54146514
16065205
393977225
16153974
7652702
65879093
16061930
53194527
52291194
14107651
7908112
19247407
83902116
39215358
98369917
3972811
14350494
14452248
845094642
5973972
2206405236
81847602
85502733
38012344
5766592
1155026743
1395385838
31302604
276899034
25699055
1021956121
19434369
297924549
14706299
2276788117
134475474
711571927
114727309
1169099576
2269693982
315262559
2385498054
285474348
624241664
297594445
3011421
49912802
14695816
69108492
163257465
137598568
73170637
15686933
1680938191
111299113
4513731
14765553
223111127
66149281
2149567292
456526806
108916052
142758257
20710682
85242662
14736299
926210502
55993415
1275513308
993641208
35373186
10673322
340399107
52089566
8980232
2385785508
15453105
481146737
17714143
73333984
58341241
2231905609
82734156
76298960
18524313
1686972506
2382516637
14746144
56421775
188387936
1888142545
1082809592
95926295
242640320
168429466
319190726
521390203
247396863
145371519
33778210
18922648
17620820
54327308
1646510958
11398012
159594165
37799209
48074686
945984697
361748690
322716548
1438182800
341348987
2342466216
1720651099
170250677
372819458
415111400
2364473964
466568813
1341941654
2328091560
63157583
2342217950
169354995
373906429
32765419
34213195
2352897072
84041060
138586309
2170361
540757324
210283253
18140672
71192212
587285204
1924823130
2351481730
2216658444
405655204
14281873
251243062
18684144
2340466208
109513177
201839382
479808208
146149642
17109253
2339246812
149248505
1597288574
2326692570
15428957
12367002
332430011
186955304
492860910
221427169
209633754
361838778
784165
14175434
10863912
298478853
15231649
19385504
22090996
2325578386
253000152
76102788
1202076907
303283050
311899396
2326269559
14825801
633385022
291698253
14834113
1339055720
129021467
830314614
566997741
24579345
96394014
101049181
399370021
208229132
79766620
1314060476
265508685
121802678
2306077963
7328472
8145832
131949945
15229759
69610990
75751991
2237206496
42801849
1564132892
126267925
1128949165
249718937
459359704
36907505
256874202
196718972
2305527330
312383557
260320812
53197220
69954391
87588848
301143151
12544292
2301496274
402644695
75808997
11108212
2301477224
2244830388
16519220
558094926
14781284
656263
14923009
2295308876
63753074
784576639
14128892
16593488
5608492
16948288
1877714197
57775468
260023471
52553326
2158245669
57614316
887395962
624588632
220669485
19630492
344692989
228661030
483708626
195975930
1030284852
351349075
1389639440
2282625204
112214913
1882711034
54935347
40054958
7938032
459419198
433691483
93375184
402072835
13729
532984543
543763618
90427640
18808347
297731233
225322393
417243872
524381867
2277454081
24033072
10191332
1058577499
14246556
18216697
1041310728
2246286616
17055482
2262682580
169220434
18302437
130951812
262130266
2240312166
164740701
17995998
14676581
13788992
941317448
28301528
257934317
1196228816
2227466713
1601065976
916472774
73404507
15175773
1380781652
76321751
302148080
10679332
435181415
2195440867
30418424
494222163
67597288
37602948
2215482510
389878791
18449354
243049397
1701982058
1405818734
66186649
883830038
2167172880
1862141534
14067957
344729723
14509080
1688605256
2177293436
20936749
1339832880
1898465258
117067102
181961372
14452539
2206567003
370535398
20585488
83759543
18313113
229527337
1484250067
5010501
242887175
174117525
749583
2203391670
931119464
61792530
51688653
95028293
15335081
91548273
106727010
14047213
397155615
2199416126
232356940
1977088784
1586255240
328862475
1277147766
27893257
8954292
279012555
817247160
17144130
23608586
2169928722
1660359890
19640745
209599780
2173714510
891727891
19284648
634101977
2180104166
262702843
12069472
16101134
2178263005
1859778475
72899378
17270432
14362098
2175852708
274174878
10688472
15532360
54807000
90858079
17057930
873639554
493834512
2170943364
2165257421
201156529
1166021798
915119508
186618612
20038437
384780337
22292337
147520393
67327657
68980972
1633853366
1041535638
35933154
102381109
369943986
11247112
127636249
5450932
20068221
41155595
77358291
348145545
1978424161
623449093
312897818
34222579
49730473
451770946
93687839
25504287
16689446
345556685
53376699
613653
27603739
1504311
13879732
1943888497
1425842304
15905384
1953785851
393185113
97651662
1117156814
796461
21741989
455759813
168120239
202164660
1934866405
1639674110
253625282
1877965741
293588595
28472174
68166898
1257963720
1924223906
1927143506
15158591
1907188020
124866219
7943912
394070902
1923516631
1632565212
112706275
744266275
1919699372
96998753
23971219
1849506709
70593820
124036182
38733179
1900802880
89668727
15802344
1851602376
142836708
1340741971
14954506
21444446
1552812092
12944632
1163411792
1708290294
565211752
161871032
37764168
210968233
490938529
86378903
18233747
1883931421
1477120664
318433624
1035880849
31481668
20842586
38437110
270995300
255694292
134848706
29719109
102457962
212721340
274589253
1380016717
571087457
1179825728
14452322
289329419
99329465
599801796
261691011
242760530
79515685
207644543
13250122
20510039
307892589
32902319
1830580266
18187465
27211173
15792559
1318765896
38229327
7736942
23790902
6093982
1741634821
619285219
24040492
7591372
1339227763
1433891215
35348260
141811636
355628397
444454650
1722797202
56353983
20998650
195062040
74129471
581997305
163196130
1712357419
212593161
40720843
26441877
1674232561
47338846
364544551
49274811
16844459
23463593
19666661
141545862
26206095
24668167
20623367
1670100625
703599859
1493892199
26356119
317151101
312355813
78366880
797495264
40305232
136580508
264414352
234891527
27524644
593491875
1683990391
15737639
15667794
19503381
88439771
1633017420
356431820
14421746
89502798
35443454
1600799418
431758864
771470
51158537
21087123
444797584
8555
87695788
102650383
253204536
232332740
41452690
5927152
1424735533
62123234
36590100
822665994
120124657
588918236
14053355
1498947624
60158482
1511256728
51147845
1499176430
111588966
183622821
1624230338
91904543
210593241
15751996
95532256
1630680528
15522300
271083449
96179624
987493388
744384780
1225995577
102729859
181768309
1067530442
17180806
18651648
17639049
90821051
10206972
745424814
243033375
14084530
111871170
395347252
217399626
88161708
11410982
253473471
821788296
14583565
186478368
1175119248
1600838659
18745038
10352942
556246262
842234743
763964120
21514979
564627838
102170293
448705314
189951748
14198865
94582477
150438639
67560499
1225775714
262888892
14627400
1582761338
14453057
69731251
1577055396
163305140
325686439
63054849
7617702
246260158
157099739
47971937
16213093
14336585
15704940
14325738
668033
455907175
494782191
559882002
14640100
23868962
1284720552
16004938
17503563
1465637749
2648921
67567578
1352351490
1346348863
15460094
32458806
288693027
1009746583
1214629376
7861842
618405292
54861944
97208288
17455917
202043059
19587559
18938688
937913048
632270748
195960729
869503435
45602994
216639218
16058166
201856133
1358136224
18734876
66105365
56806537
15376576
26234160
248512418
1012111135
232492541
6053842
1005341556
2276111
40498542
24477419
335523
16015636
23199065
179778325
5370832
13970952
23236131
261665936
212537881
9610222
1267491781
40581553
72471437
17519833
2566421
395567715
18307596
9151782
1019381
12352912
17093617
123671234
