809153395
3218781
96584777
756326958946922496
1577241403
4939401
20844341
56212663
41894819
973691725
1169229537730805760
1067540921451986945
1145958890296631296
774198539786264577
862796983
2755160082
50447280
146973251
1003991215216439297
788363167
1158897613
2598895880
1004462830878244864
74130577
288028733
73272850
3839
14331417
10078
151936663
58110431
116600330
90955033
24020654
866426699193491459
5502392
155203891
3667148417
274886566
842550390818201600
10866802
33468303
18327902
141459742
88717547
159169312
33773592
24028989
27519511
224896427
81961201
19116024
259428611
2317831591
192992089
2326297722
10691132
389047979
172787053
234593748
15064676
107837944
18665452
2192544330
78822934
199714484
5943622
3291691
9273802
27046692
975691
62877528
2475171
3240492584
206943799
1204060963474944001
226761936
4665557736
480146026
3094974153
476152894
755208
40961115
1255151
255405210
14626496
1410413820
18031814
19188135
91824477
245697392
40273
190874822
16597389
141023176
19570592
233973443
275192498
17802123
16468446
365927121
12217
560783825
4212050175
16261707
37746934
15597495
1254502376
240607542
471768380
14054507
17509972
15909478
2786431437
17210045
823661
780498654721368065
45360352
34141429
262065073
4617377295
107755674
21680550
2221910960
97178022
910328509
224375889
1475534683
14294334
38117685
223047447
38633217
31501037
839068743313555456
17101287
662423
5867132
884752561
17453746
172443614
348229395
328324674
14409293
912937439647404032
80881027
923271823189598213
1909232666
63819362
1213531
151432737
577432615
90396702
14918591
589682209
276980884
210728368
3459462099
71470929
348775512
18440358
8260242
83622325
137722850
36596856
2281005510
21932207
177694369
333611496
711729626482081792
90663356
14592360
1028595288
244965762
89302621
837424448085110784
16504482
91585288
24669475
183693988
2412464635
20402414
16847607
874198915934978048
196414345
68289606
66811903
182533812
28482605
20283
1274561
989
818340
37570179
4485601
652193
17463
7161172
1963969297
41581553
15469563
926337943786196992
124233043
211936982
836048942701826050
281124491
864156102749028352
182084459
14253068
17592150
3237973655
2984165032
400882913
47378354
792331898
284241839
991985803
1719241
19395194
155136381
82807465
102254615
122116710
224393497
929745778326818816
15929592
842863108507025408
2192247890
45678357
5380022
139169934
356930534
19052150
14640565
16868564
15685575
919952462
50124536
159822053
1465659204
1066151600
46113
444131405
30284263
17885062
16178446
20649445
5350802
9462852
4759631
2742820529
14086716
15649735
36496659
88982108
13378422
45456987
13682312
16333852
60212114
310429679
127935940
15926485
130963706
57590977
1035585465976598529
297917301
291128061
1334937373
14673104
17776637
1319945166
1035676762380759040
99627662
60760075
215073117
1106592332902612992
386505090
14252897
24257941
90488576
873166294757109760
15412900
176014708
11922492
16403
181714511
212632603
161507331
126910334
213234241
38692218
240049622
2272738633
50599894
211087208
335464378
3282885931
2544981
223193432
80752185
99085485
15370019
22273667
1734045566
1374411
6186392
466880049
5252591
10203
2384071
18989355
9006952
122053508
15797184
14137772
11963132
15533517
8083262
7617702
3225488656
9446832
408847389
60529347
986271
6140222
16539177
53360186
2821089556
16130949
16284661
1565159863
23863969
1154601
14697773
55993
36104435
20427743
2239701
890634172716527616
109255114
154479578
85556721
13087432
134088678
14296080
19042012
17735070
314846260
8870242
15040566
29843531
101280438
140786389
153158056
166584623
280477264
539442961
2856932848
942544632898080768
163997887
157702526
255517813
3365618279
872449766931800064
1222641804635447297
1286116932
34452669
252504525
92481505
988465844
901773635962195968
14815775
877046059
4874289952
284192166
111217362
130787220
897226646230634501
10313032
274632397
621515931
227173908
956544147959308288
153756231
17607249
290549888
809834579104268290
16597587
163154809
659933
1538841
106008077
18302437
14744668
2276111
15005347
10184292
1019381
2648921
14585205
1401671882
532115122
5676102
820367095120547841
7516232
9667012
5574792
137885308
46066476
12486322
1610881
34698700
2666873984
18137304
3286770860
14602130
2806000111
428058083
27093292
15704940
6998432
87717624
68442845
870541
6440602
9309912
45297280
21594615
1243054812
543531239
201262607
14226206
10325302
130690431
177788470
20704031
7037732
17639049
19682566
14421746
793351
77908845
239581027
875349400930983937
3595439354
953304055337668608
962517114
1073388199
19397785
5520952
508685581
253449166
487623589
10368692
1481010043
2423532368
881890108122824704
23460207
3167301
71762380
15979784
10399172
14521411
150664007
764166
622960227
4145801
7506512
16461706
756129
14139773
8104532
8414132
2175647936
715797742036062208
3649181
877869822683623424
6141402
450846609
214629170
709644992
110198955
361824665
53687449
52393154
14698489
20906376
1276636970
3293424904
216727067
20880653
811350
3302
2397587115
13418072
108209516
30375115
1608819289
65284273
2908572178
14254846
1017466809950359554
1162091
739271654920978432
8815922
17737876
138173132
14826965
116409070
17424947
2201716106
413140264
3273013158
48350044
2552631
21149327
159315527
52188203
1086480695428567041
17088394
785691
25704389
18842214
46063
28856260
2708976906
14461330
381618637
14031032
754238595960041472
789719732
629834975
11768582
9189982
88383135
3015556834
183749519
17391973
1015727234
256554809
708097949822156800
40926300
1175431543877029891
423094645
16136933
106463784
5697222
2911221
325779886
22938914
1165824109055545344
51007823
4544645238
1187889182
707656348901711872
22725993
50055757
22784551
2442686571
16443462
2399911876
306807290
17200628
3239181465
202592231
217027257
87216629
105862430
216735143
4233199649
2415981308
19919537
1662891
834783357347127297
4025495236
812995446
290538339
287993271
255323205
3984270913
326511843
188343397
60927960
81170489
191697965
16047961
27294328
11826782
15656207
51848919
113963
538489609
774642558853009408
118483736
1158411429038493697
7719912
2996115143
599755262
15077191
1857901044
68746721
1237411
32239659
526837239
928279973311459331
122084840
323085023
60572225
390414322
894412534362624004
976787627587207173
20309234
111044803
55665724
14199378
154630421
956674177033015296
818633227
2414011584
9439332
137793138
14097392
4919348953
708169177501073408
1638461700
119970645
19388010
198185176
992198453898948609
56377143
9513832
962754379504857088
130248105
274312381
897782982425096192
217506104
29101388
716730139372027904
3063884602
1344745638
12189092
2327721422
64181470
832271017863159810
472059234
2896007271
16661041
263647843
897058816226844672
244601853
87644573
811098595
765666358738690048
825602911539392512
25589213
58697321
903902018342932480
1915466138
736952204
1027200328742187010
8812232
583346260
50436881
17482869
14561327
357786278
115734106
14386988
1001700488
520776336
179243555
1884046142
108559862
1102338901639860226
352118731
221635888
15593815
506606191
14492722
284000811
170686450
398985122
3374231
199240574
444268559
486731550
860043406353080320
187575987
928949262
38256727
27809379
43995047
244844283
1565129473
111081661
23275456
16494284
813333008
423545071
24792160
4580381
1004917260
805846215526973440
30048764
79207771
720566202
375423819
179153822
1616254472
1116638190490800128
3138352240
388190869
2360926663
67385587
601978583
925659745
1028738874
52358266
477855073
615753432
744148372265762816
223145341
174378415
1119651357735231496
145557249
49741571
507808500
813449412
36702508
933941383982759936
579917873
337605902
18224692
1246017450
18677299
1000399668289982469
773954351283011584
722080465310638081
230185453
29444665
1620643826
770549869
97996698
711193844277235712
1909856838
1638326022
558185944
1021804408479395840
307678828
40812111
35735479
729214915085373442
18526231
828641943747846144
1015483168500006912
166570848
1376896753
14130491
101160018
90802841
192147632
308378977
3293840539
762500155
851485931186016256
2909500946
17927812
1339091749
152073557
1647337369
970757235889659905
3064850970
789096662
794536404999143424
783740329199415296
2242243882
998701733374242816
272491076
57717489
1087986892103143425
987177949873954816
112357497
87683789
513518672
130909739
1447089404
31042235
28904037
174892072
23039757
892984243521036288
942297550069039104
837814966241505280
2304594890
90269617
229797572
534597966
14396146
1518567584
225868416
799427714281259008
23230405
2307040405
362066000
703874592855580673
393168472
450856315
733762360838619136
865848050
4806058190
126812537
363776684
77224966
872963951683936256
914566011659198464
399899824
824532577654448129
1098384688673099776
1163745806
869429342614339584
42827734
1112086865476149248
978333989885882368
81733601
1069761840140439553
446742606
2514311542
3288031753
922758934930132994
127432817
467528545
15735739
354431503
3377241
544501092
300986244
321210850
582858418
973943796
863463339963404288
989436377056997376
2371571425
547892992
20045552
198072049
406220262
848969296466374660
83624234
2910896543
29515132
1533130850
2417320489
3405922570
3016840503
424838918
125568007
111309218
1096505438718255104
1047345207409225728
145324425
4572953455
403956304
173098246
324756691
74753126
42188868
1099410777956671490
831392960
418341602
23632669
364149829
1088601492347482112
549856297
60268455
1200753180
4172064972
345198829
302967451
1346682750
67275124
96107630
863567283721035778
2236197456
4004322792
821909389
296136733
36235676
98840495
2905131690
1405886270
380894587
48095529
1287885944
4824969958
825592107272388609
4081039273
368136506
19329306
14378343
94683524
491821358
221838349
22842121
4542932414
275216908
9902092
842365155375738881
380221021
2209542872
1431808518
575968611
1305877502
13963432
3926861
26877518
15588212
48166016
2744240858
19475661
368019058
1567529924
3092104835
41176985
2832694608
259318558
132296443
16186656
28913831
421683
26843074
704680369812054016
254879928
180493678
854149007211241472
33231027
564144147
268941928
13473522
13418552
13946232
11939562
945794155
15453
4798532593
387139152
40426297
15626406
817128038345211904
94071938
368970737
3580529259
96588432
36229154
43992896
101547562
13
21636048
646033
6535212
608789637
1070148199376138245
887905129
19800430
123543103
54856746
8885922
641633
145345906
735206234094239745
132890565
364700393
27353502
33856936
785
612821980
40050264
117063289
16460393
3895895533
72876470
150481450
357395137
17264476
234580460
368357474
19829724
92733167
34981400
81694711
14357305
656663
2185417879
2171369997
90710707
1676920513
1043543468
195423440
87989450
23536039
418173243
3076267558
15058072
2174538828
863792566562693121
125434293
710720743
221123876
7134842
4494813799
3479870721
1072365024
2208027565
16347964
720242106611073025
81811937
33943620
279183998
2391
3252
14804195
813402
470342465
429503505
362732626
846229416
748933362082017280
17698956
843534613
870409207895519232
2927200279
36851436
11777842
20969314
25844969
4152718384
739903015319113728
374085797
1010542274428719108
64245799
22234483
982634701599985664
49273553
923125262346342400
57013560
707880635122192384
86987314
37367357
29140783
47319522
125744842
620361841
3297914751
2329589923
113707401
866617748704686080
785577386725154817
77963222
125667812
117423359
44099424
357147584
1914686792
1474209138
1306097606
14946149
696823
390039185
559197604
12709402
26097327
14748790
21236874
254107028
2815077014
911297187664949248
859435922
21928515
335324325
143583129
17
134222813
13964852
7124702
18579266
3299513153
834787235115462658
2153461148
326119501
324960013
760527547
15042183
14471743
30925378
380719924
20699398
216759793
758702611
2808384438
185515837
488710192
204601037
1614495571
14313445
175712989
94997366
268933388
187905283
83174751
709406467
757603759342034944
95577129
725842742790639616
15437359
861222590
725240485
619359514
1668446959
414274280
21282035
295224254
1727943870
184708836
1034475002471563266
1372445592
886098313916760064
1918743936
101339672
36909263
39221797
1063084105
33754849
412871076
6457192
2645602164
32061738
14722810
18712684
2871508254
919880430
2970041489
418806465
423162328
15376960
882932112806076416
31228459
2215273536
104585756
775504
3311698770
12226212
662773
1042419399406178309
907623173482536962
163307001
25422302
26914630
35232043
146725639
2328262944
14608539
32671389
61297412
126413923
285428413
15518172
59911425
27530178
1274141
14626544
729623
17356547
633093596
330064398
20635779
28355566
884769684423364609
30286710
349581778
4155602421
27407648
1724273864
3122894979
881509418646548480
2502364950
730710079
1172372592
715823947317698562
202568379
626363767
2225594082
299235840
21835439
184674078
73159999
1967275506
22510140
3364650225
760463341949247488
1645015566
1163280962
477641101
918473905815289857
4859860103
2611561466
801153151231553536
853590993479839744
1447499558
2759881456
434366392
2842562368
60486251
3792501
6042362
14264386
348604848
1905020383
15069498
22560739
43885690
790889015050432512
125201153
26831122
121229255
55976248
21989024
14391322
20
3840
295729898
2400261
227958817
28917111
50063134
18978615
141906925
879148200908783618
1006736359
30495257
20855504
172311731
817550125
10735392
32560551
486886579
791724564
61564089
1530873074
50407194
715900369604186113
388421834
18366419
1527439340
22115976
30043481
28189797
14075365
988497278204772353
9533042
19274342
27022034
3351790911
295218901
2471558567
19357589
337119125
786459984640913408
964052214
610073
36912323
1322655098
871000429286576129
16529296
134812919
15533995
19014926
24738621
611093
989467070038446081
278741862
197008771
923227361436246016
245520753
784820465814560769
400286802
47479824
2282892872
557014525
824671169534005248
2311319924
13294
3231798968
1544366017
104328724
1363969016
563024865
571056191
18615231
1023850192288632832
201436130
467854846
1918931726
34171561
15465727
221370308
197180345
216939636
122024579
49935458
328326288
9815842
980488384123686913
53147055
12960392
334647604
226848442
274655814
26579948
25401953
619619445
703545525191233536
823601457962373121
8880632
14717009
18591132
294557098
113466518
630909797
727184556499988480
526559360
96140867
1275442644
80622371
38754755
682463
22122480
987312003663454208
2313382398
2541797407
20831013
37441031
4860635361
19071001
15944493
953515440
1715461304
813749467
1865202288
2571501973
344213805
15804774
328049989
17627310
11284462
15754060
5172121
566655175
11151452
2427682069
1551898315
190070853
79275814
16891993
851524948476796928
849554394408521729
918495709749489664
1029507037
177320903
149432054
937832783451426816
960332126532046848
549428106
776294117198278657
96994945
155178731
289776827
951439063592161282
135724765
822911277110534145
314135710
939279973788958720
2839236669
3326372698
406207436
21657906
281452656
167069646
24194351
3294373396
114145261
3436929017
956155588131545090
844520146823610369
714266017514565633
44628147
1913109445
801265531890335745
859913303199502336
97414597
21149346
973213464217956352
3170780780
958425442725240832
1007265361119645696
3330030749
936246306724564992
202131788
509091511
827233197972942850
279920023
178744815
1456290613
3393681425
3144861322
1303669267
29829645
2814081121
735318647690919937
66719596
145165897
89233289
101457936
4038512353
3173172609
42970137
111663083
220195473
348612759
1675331869
3140557668
862634968492670976
2399935411
750302238
16632227
1694788315
770631868353961986
862552668128002048
262312567
5972162
1152024536
343154725
3025994560
214174929
308301552
15614711
3401090475
781881686967525377
2312957906
12841
830179740896092162
2394059041
833459047
854895244717867008
587763910
780784868904931328
898506890161700865
106287256
240386881
733630999347789824
788776022565122048
3862258407
887511395767427073
9268442
186156921
1924124906
1244045384
3289008988
78242127
772830305166188545
22839827
1430859265
236710584
19617030
86093480
172686958
516864962
44745811
14334684
724576807371046912
2302683607
3274020710
748062727780843520
2353511190
264219807
984586754702430208
2151485544
4072008077
828006631313059840
604474875
2151732242
2877863907
1247949932
3025851854
718515580169359361
955769292771004417
788118508211015680
792595472598732800
2908211091
2356489561
986545912880226305
16351573
2377398775
4692021872
1370223954
607058440
563105889
995360735323566080
299684980
606297291
893437485660995584
67017651
74002656
1396695444
267495318
7393392
806810937931927552
1618342254
937969568445882368
295743855
377429993
709018617078218752
133220492
2206869559
1943442703
224294941
19365015
2596775101
974408172336304128
40890878
58488804
1114686157
1011880939
49427323
59755068
864785692257169409
2694225138
87403394
42905556
19578391
19869939
487886426
73515562
552004795
257611810
727165933194764288
109078503
780336697909272576
44840603
1639438952
20405644
67459854
3378298307
56201584
2445000643
3226667628
729448787404431360
138821552
843899389
1535630856
4349867533
30589869
732802163970301954
1887746238
395620609
485783925
723214760699785217
94424831
19289137
239559640
233546601
27643050
851298094163480576
2887681800
824698631844356096
1379021743
140084850
848000107
3079887585
239863235
179112590
740713451958329345
26996526
4772541
214655575
369715829
2698539564
2500821294
2744345530
3368472045
4922450361
870364805949005825
498997455
2483713272
3030511365
796732301577191424
991058649865830400
291866814
166579434
2999001847
1090145785
2995244514
271007132
21176324
21279016
60679103
55434270
49421392
255132479
3368196094
910259581489745921
734585750528856065
885372860767797248
282614932
766372803612385280
420464938
15689096
989522203585777664
832725817369038848
987023956153643008
773988820039639040
2223531
159458235
4354098255
1444457282
2380887876
1882126867
40227021
1492274864
3686502802
105266844
2267899282
926346027233349632
365674697
719523556992937984
18028152
916667959346630657
215213144
124193638
285513070
97033143
588271226
740987327674081282
3682198094
33840142
901276609889452040
2544098874
39306174
1024429106
52071013
34296157
614987465
549945893
829988405610213377
115002108
930750223512719360
1439524428
21393134
39757864
856538594424520705
735895135649570816
848095160
2174171568
262716925
832154396171653120
3161752290
25060390
3347658125
102100542
290248911
20729466
2299326270
738890423582765056
772013912095154176
1102071936
809800637944709120
875655199003508737
2377246789
377255214
104920056
924597055091290112
743836292941643776
2458082850
132434071
368750027
50185177
3122145768
30036486
905418781073317888
961565604
21680346
46425102
22166341
1651079912
6295922
114269727
53500136
121908316
2882381595
2394709081
463861175
754887680626876416
3351379276
2331264452
987583917388587010
883325323491901441
23780640
14482717
726091017020149762
546661594
742263474890346496
951563375116476416
984652130
563549787
76523
258036575
4341864387
967716017970536448
726445923270692866
2918968501
40340716
3438402723
162455418
134434122
21681107
2155125889
958282338026209280
833841811181297664
730517342
1529722572
27326436
502404373
1547524478
810513
25657317
2222460458
29845106
765567517733584896
859357874056822784
975182654
24668544
336650422
28902646
3400909198
140555950
2611635492
550483007
571089223
30895775
4185678919
3771043037
3027662932
2800453766
2900767547
4701611233
2624109726
115466478
706335477024976896
576120796
486241296
17880786
1470126698
850015227756257280
903255880543723521
2270697733
2999838594
2192500982
2294371752
40235235
2655814304
155606857
8425892
3219999344
2530282334
11267672
385214596
291927865
76072718
251718913
18540977
296047536
4926221765
1725451412
1278140084
21589512
248408576
2596420472
14463726
3169502056
2222048700
46343604
186134875
1173044479
846798960215969796
18361516
570927672
3123212463
469922676
758455092
551097194
19960217
2164093902
2580472339
51659154
1443049111
261800808
948719543081414656
2550540104
2905239233
78706334
809492876153470976
790758447058817024
328360818
419986834
2546618195
950976000
192813819
851413184896532480
103738000
70317909
1526016794
715478483900571649
261667220
987954519999827968
498850097
721056891032440832
786492549728915456
928917140152786944
18529809
877136618905378816
509237907
714727944883675137
570239504
917507772077400064
3018522063
955669614566002688
314114575
3689724375
4126771159
32775202
2278412286
849115880420069376
910050092744302592
2991255606
1894935638
3013639482
2355172563
906565518198493187
56328549
618637104
21584393
377021039
228459309
761716990364884992
3369331731
27720015
111997772
3826784897
1321096111
835131667073261568
428548559
2150377880
984265154
67068997
1644081349
1686884274
2412954804
874201012407607296
758241062678704128
758256089167040512
455181230
886881194570375168
865447409974779904
248378005
1096026210
21315852
799642199709351937
2992525091
942412616546131968
1051634832
2215516664
695010158590631936
779945586409762817
848113728692264960
2687208192
86279446
2937480471
3759963807
1131121074
377932349
15284700
296145942
979794968700055552
890243236354248704
562247801
741283193064656896
989089454643138560
1326429109
1546201075
98142387
323138766
35488933
188444872
3367910446
65377000
88567760
36459905
315328863
694943008119062529
39323937
926404403728470019
272125054
780400063
110564591
792391381805170688
887608036021424128
56119193
21048875
615742552
390812646
3235434310
706931064741240832
1576995302
713244569933127680
2805721
4411069817
4597984995
4622248757
4843713365
21756200
150336617
830976323111628800
3863071049
901992445222813696
8387032
3387339561
116303432
59647699
2537001
21638993
36391214
870769177472122880
2450152206
340936118
444684866
2178926964
3180508411
925897969
2176502187
39815914
1003399333155229696
3096753117
1160525040
334891474
3148850761
3817890613
1086408973
2958950623
164324187
365447975
722676146
2659608446
2938320491
1240671530
1874557970
55924772
22499836
789659114678816768
829682257447231488
4227647353
116809880
868907330846564353
2167541258
856494112551383040
265913483
1726571533
2974876366
4443876073
1670679097
1092716317
39765784
4277180716
160707654
245472048
816249423193866240
2974856989
373252326
2875447324
861504990
3748218916
46808174
62285602
469141071
191474815
819393261894701057
885920209
916423326012137473
1368555823
582355251
33756946
39491378
449187519
21232889
511948018
45979123
48831959
705314143595831296
319530310
214155860
19966431
746443914345857024
31175481
365711523
459482923
78347384
288456272
2715404835
370087392
882804189738434560
886515885086736384
388302757
3222282726
779305454975541249
4403736737
794249901286850560
75338321
822146877038608384
1690033964
946954957
4520555718
754756983085895680
259663754
14244575
2155013990
2263901738
927833095453200384
16217518
786180164275232768
111564784
968884134889295872
814833348262690816
3361727783
714409908607795200
961187407637962752
269769081
202074725
2253562867
811762043451801600
1360456358
414186251
411708602
337069116
2915636851
2645477676
797020075567947776
1573507130
14110283
97493806
19112266
19641975
793821930465943552
319075801
701121902870294528
110655017
3237282434
52456124
862519766912716801
2346239448
3145766047
80717351
3259799407
1969011
857103543475609600
867024115873591296
839732235141963776
797410824822267905
144484277
864923303303012352
772990782257061889
2449382456
40204777
3385981055
454080198
937620738097397760
2605873688
859754934
904753379494182912
1582011722
865416466799017984
233970703
2653334804
174242291
2254191746
2234545747
33385956
38190332
30345812
775732262914719744
794462632908558336
661613
844700194197397506
137929407
168388500
900088980183670784
890910858167169025
951595480869318656
35997798
61644311
897513147099222016
2176505281
470288851
3010151459
281360125
1466852929
3317414544
575956711
110722235
124988690
17888813
2878199602
88619980
18169240
770632580152512512
3727926255
316385339
913156142582370305
3321070692
30591973
953630486055833601
751135590863740928
87089112
26807530
706779751004954624
21466624
243310535
2485278806
62766488
89118389
1346133792
21890257
26521471
2571015942
862677424194060288
713675671281786880
4501902433
212168070
550059823
110891097
1073726160
17996917
21322514
988768928
1562895162
3025992261
697874392412504064
744822083406827520
177150578
368953619
2872789419
3258805106
562651132
90466601
821796296499544065
168409377
551154223
826903269964468225
628277773
1097622314
2767761786
2375282936
122190707
2202120346
3065504973
3556991624
806581819743334404
1521157484
756643562423521284
2618098727
21622057
2444547424
16406864
896081812107165696
2794894542
375819667
448903420
4857175948
149256765
507443774
11364772
35922524
333775104
123791259
39221283
25107515
2261951465
27232251
184075752
2579257620
250213941
15363277
2744644956
82832569
943120597843881984
3046752790
2874996456
1366377247
347570466
2444674405
161893391
25115789
955994675080396800
2792080115
35255990
349865435
591271078
1258719157
852721501337989121
2892216739
176623736
304878223
1231541892
763312700537593856
912459771541966848
527686328
166634360
17631311
3045513684
3921024587
897167979070279682
747290983163822080
1270025862
1269440827
1269972008
2246334331
278093208
2386287750
940487270565416960
766405
1879630322
3251269238
969438348338126848
19688332
841770006
44491419
14858710
4867440545
3210796592
3327557152
827490834
212325799
14574475
419485620
839306424
3265704853
839548073697230848
2213891515
857902818497368064
845324743645577218
2577915073
566756494
865963243684102144
417848400
516801659
856951722585071616
229905435
624799786
3894954437
1454200969
4143287487
2350670935
735397624333897728
29467130
923999337327230976
702603644043190272
788492844608684033
921745393628704768
53999129
918876065313034240
36667301
3038588468
54817097
71978563
941148760754806784
934059983565611008
728341412
2830288297
2857463065
2859443925
21742742
17152456
176849016
3247863580
2842558252
259453542
3517001060
880605203535417345
16800789
735009988695969792
3077158989
140304470
923741744637677569
4277124634
2934114391
46156002
4687762273
155287405
3256871660
4368728833
3111274887
23199224
110279588
722630257908457472
624760655
719408731964907520
229213212
536267088
819148934534705152
14064131
993988656930131968
3315270066
856755961247277056
507306150
744092869
27158567
4798564481
910710411279818753
973747963322425344
16681927
714513417806094336
2400877656
2262669439
945436477642571776
716814469217693697
401451739
117627857
1694332273
3281464166
753337746081484800
414202114
983893081106726917
130933506
2543756180
101601195
4678457216
554244498
2824906574
1355236075
73149267
864685147635019776
4685176178
424511535
875671184515502081
26613520
101583877
781498963895676928
2220565552
42524983
2634766276
3182147282
1467189457
77683145
808866057238609920
16103295
2597321390
269232351
763877183798452224
752115798802591744
4891628773
2981249340
199507281
773194085947572224
727964236698292224
102340275
2576604734
2716028982
271577732
728343275166371840
882042165052014594
3401887911
1203395677
24496388
1410377948
890137738799972352
2358240642
941311360318758913
758913074971545600
2906404441
15835257
502368265
2924520037
162684694
1880123054
769763995
193055995
812662154
21709908
374821771
111538298
530894710
814875990648160256
116379192
963707072
198848898
23751409
42486142
260015327
500339758
761213638816378880
18883528
137055772
1544590226
469823973
732536359613685762
25215076
3509742795
190536773
261887180
47117888
951032851620814848
2827564741
302161710
916642638849228806
2952632343
2413853323
731058043622965248
889989174773903361
466912793
119331018
808158583422652416
42496144
139020105
1941216222
878320109781110785
964344634682982400
985025194371694592
320876615
403952034
830307571600805889
925533243381710848
42359260
716938926112419840
857718682637799424
15309141
255828812
183641279
77619689
312504546
1403479920
283900734
114308466
737308073698725893
870040292640137221
6424562
710216140396437505
42149166
16803196
613304383
11409612
1321571336
4901681292
265293891
15341090
15450493
778180589342060544
763260608
1640142198
26907299
754687034711736320
3004168300
411839439
738674987633102848
584891568
86478829
425744740
2914480894
715111103026565120
1970463158
222394954
1670429042
40214826
106672789
1330783644
1666904976
131343042
789846902745378816
2960602559
2946021758
2984113093
58181374
137359786
3002619241
219923888
933353508107161600
4853612927
943198296540987392
3919621949
3962265616
956800172
723502824739491840
3083637130
2375983772
2596207856
861439362
25531310
2308383446
194924584
19038970
17433617
1182965311
17445041
3891182895
18023816
217455325
38669781
25530774
883341818070523905
431126331
17390555
62343403
204501827
194476708
305950712
2790572710
988741310000582658
999900367126118400
631181801
20817749
711210676
795559352
25675470
952831617617268736
3949901601
19315280
29872256
567632745
937897435493363717
824389271490560001
2787128053
2419695409
539247083
862624394916626432
888023317
38489638
934421858
907265977959596038
813345658958647297
2778274199
2985185811
959052564619776000
53815227
3277946730
72699498
757150666376802304
148060808
1157475176
4798995733
857714442024493056
840668808419389440
198207292
975708935494742016
93026752
571845882
411455399
3185575544
4732169652
955906482649882624
194356999
1425107683
310797194
828161465639055360
785104012282437633
126328408
820803511696982019
855682076107882497
745188096140972032
943856968304697344
944383979859320832
2477907980
3189568602
818320378602762240
777978
868138601883869184
706873718874742785
801591180
22511819
20326876
26630929
137806129
17260432
17482614
2506948236
837486595
413266859
113000781
4854182057
2937550415
776027789556273156
308957522
36136015
871726918193774592
3016350276
114265519
364523803
256363817
327891376
50367827
197746168
87271781
271477885
851713219823624192
2516877627
1620138474
518413399
403670285
3434748489
75799575
40832779
18024830
2578658130
3345596817
17395920
17918969
779223378
18080114
16726954
56790567
863445888
25584009
78339089
15309972
220659127
14375512
3382341003
49339793
84559188
966327822821347329
971824205196009472
297122036
834654238722707457
45511093
4846094698
244025513
3250082228
375875755
907068544591867904
19076619
90844212
4190702232
955859802734907397
846904458470600707
16121297
235633653
2936408173
716402147231924225
3021345514
992914424267706369
939925787276390400
3042318311
855080467611176960
3230804227
727651706
858368988190957568
299101316
146060482
1363975662
182272627
150171224
3380873561
2522225815
2275758559
205016388
1929290700
903150107780030464
277239808
5931472
785691417750274048
261857841
3318311
25322736
803731897
723088077804044289
567095227
395937461
159173699
168210575
2417765642
738888719965421572
73290034
226939793
15837789
827273455322034176
269414045
786498070468972544
344871914
278386085
2921238776
633670493
716662636612485120
783832420814585860
2372945119
211547752
1910770117
783318958896209920
833623801707511809
173836177
33961977
880590444933074944
62518724
3310552652
862491348477157376
143729519
15087866
2714135058
307900327
126368600
375606947
712986953873027072
19082219
4172220934
46633868
15175287
26580864
17573412
302907608
33475327
761497933833445377
821665036364038144
223620641
78893164
380282472
129003530
583192902
45788886
958330557095702528
190286772
1671360042
2257251
36442697
2491785866
193072510
9627862
942472092833992705
753240237468487681
66353369
2164171050
1002533140852662274
38083526
174672037
897543649264885764
19357082
1526051053
822215871972208642
32830979
26276566
289148078
2790664066
986113405315526656
128326772
81342472
19606509
473161934
845631271959191554
28020880
1686884256
715885958
900932870310694912
255673216
21535990
1094037337
116012581
84336218
909019474652798981
857599883083223042
732359105222860800
925777416332685312
997399555
325437911
27339335
317933048
2868289951
3550759158
894922617055870976
877650163128348673
260556339
358680821
999543859398037504
3061420166
120088390
967715429371310081
136644618
857570860135219200
937631273815752704
954363381665882112
374533144
50228025
834140591185330177
826911298571161602
3131350630
14903384
26288325
37007231
14064690
29561053
79579285
76083520
28497580
4238271
910588255342678016
952932772233994240
836510570
980705633560354816
236719509
762500044134109189
2299562017
423003840
875817926783148032
875045184
778296833172971520
2358090697
2557240159
3438017319
974153612170424320
102334998
112256383
2853324261
2848753787
478050993
918952879792128000
19111367
4904502700
993728385812545536
81742142
3494799974
406950097
813725276
811382641349931008
44932816
969008246026588160
413999784
37365673
4054621529
2868903235
20974554
335247159
62952341
2417928080
1162639716
9507682
459164486
132428092
1418600322
1370632561
744736932
936206558161195009
1640829828
23498691
1893991800
19057354
985306523218993152
930049566107369473
986187018265743360
911151404
2408492567
274847386
44228135
14522276
297910704
891907980
923162163526676480
887260645279711232
169071274
2375231048
2767462788
4882606491
949966578698936321
17894411
973888390050471936
167640585
24120392
963709767503044608
336116161
900795253
877375433079046144
2370099786
625485977
865324547368771587
991247647414603777
1508159748
2917469818
1666604540
974144123480494080
606468379
2328637273
39243397
719925704775856128
3319216337
3176818969
121806244
2921414134
18737360
88672172
17336002
3323064965
1006077860879257601
3363958467
4046608353
884982692676329473
1565282828
776724971502444544
974140999118319616
893262814466326529
4244474420
21772588
973882991486357505
964864007420235776
968035081401991169
31123733
493809954
27093600
554193877
2864240195
2867695910
175607214
981227234051715073
546955382
3138951792
972976589758590976
973892651522166785
974142390507393024
570692691
76470849
2376756474
190658967
938812095403118592
34643830
841818542
72173234
127301865
46052725
705871979384082432
824909099007488000
2336762256
986115236771106816
967506931781853184
2657606548
854424657058910208
2810161330
140334141
2368238768
118899233
948461445796175872
103286585
455191355
1223589816
470496331
977909213887434753
3255296814
997598969315315713
25270662
2973644913
1004463256792993792
872931416274862080
913332247620616192
839338759330152453
2713324897
958246143766515712
868853571923492864
36583
1420146722
2957486032
865683406528684032
102617701
16795445
33208694
2340579173
40902412
72088590
21957443
14254067
461292464
88828485
849248839970295808
3313087913
781474283541233664
3245154826
39679804
189476940
56832269
995314282303647744
327495481
442016666
215355308
736189104279425026
182512454
617256834
988757394481180673
4905367520
961260517
263906145
28333146
19251631
116501073
15647321
470415049
2401378934
5355142
736318367737339904
2904700968
3917869517
538523114
862275485698592773
2417630238
505322398
270088915
292389187
933364462769332224
1292331061
2899568316
121249230
15366262
865358170146746369
376973836
497870273
722994932722470914
2812601090
971644142
1176775440
1929569210
247193825
783106913110155265
984430379678363649
2513272266
794540490645536768
289884285
371167725
18000480
212485857
180117394
485362969
3073446225
732787392722182144
49002339
2600191099
959905156358901761
445996563
885298646
799621663105175552
746219971504545793
2699423529
3410940700
80875570
39252546
1580638284
189372105
2383887594
1342542518
495140655
953798301685448705
2760492847
141293475
990690894700531712
67504654
917353014243061760
3433626413
731312675213336576
722453614963343361
15080311
952518143922135042
3169969121
979870650000080896
2787365925
963101735874113537
342924964
26753930
1469765676
836186021205274624
10398032
42628487
815902833841082369
17843373
1006232250
1602083708
703648264244097024
574104446
3286940803
21536408
840367682
923285502912016384
38949370
871675887628034048
1156290697
3237039321
711803
592929593
16365036
425453346
331945592
2803868329
142177625
119092676
2295386210
705094601980420096
59246357
598080300
3610982897
3252743741
718395728851312644
2241165637
240968515
348192181
941709126945579013
3238778088
2418315013
1517701922
2420044980
2713342951
60173076
16415435
3656836876
1651481552
4840326380
1445748968
36497342
2957457325
980820216807673856
740731348323688448
842815439357075456
198630213
284003123
299711789
219290077
2814243715
729280298924560385
2464137369
1704032226
921331679326801920
47566275
50580316
902850902515748865
365848547
860070224820875265
21595926
2609500529
252968123
2791459131
114535974
266531257
833526678114570240
11603202
19483053
841964200729681920
732429464
277202090
432041354
17393944
1015727168
15642842
2370636295
862588441032368128
1667230200
935431181935566848
585953827
488063142
60421805
90234692
1034589764
3995590107
850390997196517378
316629602
4265605217
4118504919
886131678175010816
14857916
2891117481
3396910463
1872790249
36349655
135442598
215915106
2575228255
2295569797
769415452204204033
134435917
298201563
59303321
1162112953
260843882
3115107534
763738896253485056
1724256823
166911044
44622713
20604333
2673840624
2855857807
4120721403
947536120899813376
216414935
712515901824888834
864149642857947136
156109865
1632568819
390563995
794254440991752198
71754252
1111403706
184814522
110834922
2841805125
144184968
877836280536719361
144874165
2292892652
15078437
49339346
742999699272040449
450867970
14645807
601713388
83361885
271854628
852232832726556672
735272056900734976
365653968
94597643
844017102331691008
91019572
2772461013
18022644
191755315
51806704
294180942
485084559
69441253
7930632
47365685
831906485005332480
128430580
829856249147633664
215638702
86912541
787992427877531648
2778198565
347303318
2500265817
931638722
884889299593723904
2444580434
73828228
924778425998561286
12402042
518622879
14243836
2760175663
193839120
15813531
301701811
18354822
122941507
893417774
2322904411
109793538
3072905932
42667399
2930472542
938316587974742016
856889152234811392
152042501
2989907879
713708851283894273
166164722
354441304
2723760715
806875482373263361
284605179
286407383
894541015264108544
805292700
869116218736656384
582480191
509021062
1322916290
88493203
487440837
460441343
1340110231
1270440792
39516650
753342522810925057
734413693820252161
347161664
13347882
953503078308724736
3004317353
16002450
1871441845
276542287
2915339128
3023852300
2214510864
351329678
495445539
125620734
920188196188770305
595407474
75184478
2492701770
75581784
951099581500215297
838851026518171648
41625440
21345478
947874108779442176
20464768
844490879121412096
2922772155
2474820182
1005501962
94832127
23370096
261773889
569062771
780550675839094784
2941998923
828222564514353152
96121600
8044712
39465495
89163236
127755454
88894779
23303819
92283065
14672772
3192359187
256342069
29174698
227440917
858499509281857536
273793069
34408231
2845964830
349292400
24508895
904772805773885441
3409679008
317223956
950830002
121923370
159230211
754922851
892529134638743553
2254853240
98241056
15486235
540720354
251343822
114723763
946723509849468928
380557248
727773926810652673
14969810
2365331480
93417622
3361539734
217456846
1533557820
1219850012
886886838
456322374
171797973
67909221
65570828
8504452
2347908512
216802451
3269826216
4897913122
180717120
343583166
299720462
2978195809
486694030
52530920
176222496
2844487146
1036814048
761386480782630917
53203065
2394634249
701864881457405952
15105587
2919686152
1394833590
3894224714
826402704
382906359
4296736815
1478947549
2192666827
1886875410
735126379868639236
1568063760
906881979152560129
368440949
20565245
101857763
572672461
937735981792399361
38112491
1338049094
2266175004
3094930412
2924438940
100830941
871490228
20986013
911268489171750915
52032424
51220493
78131892
51132524
218677101
3109734153
196660110
4724490320
2812271682
17653440
154696373
12499512
564221731
10502292
3240197301
2917814625
867835351
503468609
879278528168153088
873392667526397954
168621018
16043970
181307535
2292738986
2511805574
774839682
325688374
856558223431806976
722170107171090433
834152821700358145
72540788
49850349
885890125594578945
2413862437
892404959312048129
925033777847590912
999785694
23028155
65710884
2355055399
491926840
767608007450501120
3190717974
1008769682
150317364
72618926
41485866
227638545
2580994608
578259919
919997827136106502
902432168227602432
373730900
291186311
755882676125573120
856596432270249984
1269409100
500751096
2860464870
194024219
191187000
714977133538447361
22338925
93545198
105901957
38434023
137442061
34159280
2313894878
127284241
1340666196
826750779570675712
12587982
2269568290
21729723
22536283
1925957514
2538624796
1425859639
818881410295545858
521543921
824057499909140480
793080483630415873
700550810464157696
175666584
3031809702
931098431598325760
849580952322015232
1869234122
2231316618
827198492502269952
49330926
448956196
726646610
75019515
16928060
3063561196
700241514
17361752
3323088981
18206099
914524788617568256
761704506
715296508246147073
822647284299157504
835718951464235009
186812380
174415540
3318056719
576076383
2666313284
2904831762
326818711
936529354057641986
119763674
33669950
3352374928
4295190435
929321130
1707681216
815265799002869762
156298707
4485901332
12651592
1699594754
825413312179470336
20369398
471497515
284588849
380314474
605302742
809053098396286976
375025755
707932222641315840
819199081100742657
480849531
7152332
894515592614604800
617309924
752544940454969344
15964862
17392609
636373684
34816325
364166367
3047467756
933342307658629122
21173013
3220768772
88403351
733372905833140225
36642974
18771176
2897266280
68710627
739902898943954945
936427978984058880
1041955159
741719290391318528
296659577
2794141144
702227936775163904
712289862
786590507287744513
6880352
948134665990393857
822456878630309888
2385543350
18396102
846756201983565824
250454537
2510573207
767014464788926464
20485325
990846324
789582770955702272
820884622145896448
2659781431
1025738160
3003827303
21471801
161716605
88968078
4866879153
231561346
896834928406441984
76557028
29804665
763590409
40292673
725038124678680576
2767159070
782331783450726400
4687840987
836509642205327360
162141832
767467930690854912
216840994
17543272
581771430
450192668
2829402252
7425482
2905088920
838884028677820418
14287934
2802106879
517936030
2880472239
214466618
768676362840252417
36314703
808257421768466432
14333767
2428806922
2986355546
2332759921
553342356
733257810423762944
917000995
32130358
2807938465
19077740
19642373
188052079
47302211
2549800538
755792796825464833
326030152
3333379521
943493705402605569
132113006
3120110934
17228282
508444421
176614052
60629481
25989981
1303713480
778864828400201728
832220757035884545
149786188
318034432
866069052325855233
880535485231321088
323252907
4297212081
419502542
58916824
905739717567807488
913341774206242817
228518954
363289563
303932504
17879228
941189375316049921
78639191
746119418
135479160
2437435208
112920240
811740484167233537
3900869914
1517161411
26047851
2523096206
873417479032160257
28290738
2383613120
742544340430389248
79265397
3512491936
18007862
729567064998879232
18516400
838713837142462464
70924089
182649983
16335543
2171311306
20178171
755090369067507712
904779336426942465
721590650563461120
2297472343
19940700
790495347340632064
148644393
272179311
906252103349305344
897249956922368000
27763805
920306147730616321
224937136
39278421
25674990
3154328262
803091257073553408
3095822930
437422833
785622032289402880
367758743
320221155
34065595
2609300047
886222319982714880
65615305
2925561286
704793311316410368
1394214709
9396892
26023615
3266889673
937967419364016128
2790554984
338489470
3399932055
61692503
920122256365199360
2721769436
412450297
985504188
270994634
164523734
186123113
625904896
64990595
3179596681
2610423312
1020978805
1646079943
866567657121882112
700621125911351296
715089325478707201
344786265
2801127538
188994116
74367054
10479
16572922
744068972253974533
1415220578
947325876970164225
75300553
857854429311225856
528985591
2555486467
760443331839004672
618419310
935426334683168768
864150537993953280
2189995812
932781515259314176
923719346257563649
921054257889071111
396991943
2287677475
2194334120
3503082509
67326212
49271414
7120082
414527517
378319639
80713984
892214142672683008
3971187911
30002847
940131807856676864
289616919
1038203844
2877754528
138353400
760674570458140673
752463226613280768
735042503385042944
760815330923077633
398857345
758305870417653760
35175176
929402118443646976
3482264714
267691983
14304532
3241509648
198176196
364207255
49673026
803156
798144986491551745
274606114
67639216
852425608172896257
886171575380258816
4536565486
725428723802116096
335177690
2499600174
19043416
22950604
874654450824216577
823599620672618496
467992273
131233772
703302410299678720
255943591
948756440
716227436049014784
831301352
816514740709040128
100349522
449723799
108462827
3251936268
815457662
26648932
431779264
1471790234
823953137946021888
2836250423
2346664296
3254924162
838211512477040640
525677604
1455440760
800681714351685632
179737940
1362622471
91310504
75774848
1952208518
705885291077304321
435887722
1549418929
733045089941999616
2299611103
48681370
17423191
25062273
2984661696
1598712368
133000542
827852289088028673
711553314358489088
751773596641529856
180648825
92957975
14579992
2802890172
3034293309
2871111201
18993867
269482952
42350868
916362978496208896
939757153761476613
259879140
2597237738
791109852059856896
144470824
15705612
90098767
38443579
701408838
2340677952
2415478665
2540642857
848195692438978560
472151650
2831781732
204560056
70696481
1710804764
51568012
24206297
847036940289544192
603890081
2387746658
2952086347
3235404753
706020512997093376
851935440
735621643
735393207928954880
360016798
4045229483
785475862598524929
15577665
855153911820427264
103927892
835918833466634240
1291682340
1012861416
1745960388
598128004
765740537496281089
79716976
2570299291
3030465258
176982417
2351564109
29721885
310697279
918798268930199552
3119036167
4159048754
76667962
95626539
94578764
105086069
2613258511
425196480
749945562510729216
149125954
1396778390
902102336520110080
33936903
2190741570
884156805512912902
2318971194
2261659111
2307215940
529183834
108404527
827957975792877568
310122369
3041399983
3237477578
149236399
883237824807321600
3751794915
307728141
819303461393154049
241134317
135997453
377576061
241993736
430657044
765864343087026176
344441380
258844049
130166294
17950360
4472714008
249704264
864067549075558400
46813035
1638722078
921246268407496704
2337110797
2485664089
876752546
784344472192679936
165268053
23221045
20674480
569260461
850286287
250950901
359945403
1402317240
100445012
3073419382
596849892
902851833810452481
935466945276551168
960370003
94222527
374666593
450024973
2298507794
2413267219
876673622844125184
21310615
174894431
3010031679
1655018594
856795292196274176
937606688
1953633200
4173946407
248104438
50730123
870979741586731009
4052686996
44853317
2608345625
3087202138
730793949519089664
4810685480
58422778
837747719414374402
729731997464023040
213473473
89709482
252184501
339832943
848695124368523265
2615684376
58854838
75040202
563148431
97934249
907382402561052673
20130977
813145493962391552
33753234
3371242636
10082932
59940799
492747625
4393287334
1426898101
883450410836652032
482276972
497834627
884128465984815105
1391680412
51758130
740004382477979648
3342483119
6987882
867669330712035328
110352592
23874919
92785627
48358743
800610477168467969
768435228708900864
808342745572147205
841169089691234306
776969376536735744
280493833
176844015
336460357
1538354196
1540089176
59641421
910455122
17030452
3028950004
3242472493
438385909
1145473675
1321435784
1358481540
29351945
4666101193
2362592550
906579051669856256
115181997
3019602203
1621455769
3329993219
15686622
794363089584029698
404912443
809998202179088384
829444960462082048
483096073
1397175396
3505488987
117142912
4137339914
878335968989782016
1396333860
29252850
2848306257
702798054357909504
30482756
389118176
709793739
120127512
301371900
3053221076
42657221
1165998690
1051260072
62797556
730052170339504129
867119535186423808
938696777594757120
237707143
938789192527728640
195781190
700808062895071232
905526753191497730
249545861
21440189
906469877753565184
95395834
15961286
897622169399767040
48488419
2278564646
99674924
827588430628483072
4703070318
4808323535
85586318
3028192475
735925301092454400
696773427173179392
18029781
76854771
117871485
796458330
2984847759
15763743
16437499
2749596367
8937462
4715173454
113542931
16139549
742711548104282113
2545228538
937509441112436736
803421047466971138
139774225
898518442655043584
908883053170245632
2827451902
17232000
796658094637883393
174075423
102244677
701296995281965057
2324539447
612855722
769613171489320960
94498034
17116202
3589500253
153548163
38034801
103948469
9127872
146778404
2840307908
3171005451
3389657781
1284351355
18751530
3972849313
4376295742
87370234
4063970178
64491912
131969291
800702844189802496
312229305
56085800
30971525
71125560
2704265850
514099301
55035023
704908672405790720
84300145
459016403
738401970482876418
18415637
3104245459
823782660963270656
44172791
717890606
765920884481789952
360769642
3000689234
3167592786
738043752862781441
216441755
390471404
221695189
1291405986
15380529
1068591528
299398022
727071226980605952
771007619360231424
837563250
2452168205
1905311816
2873728510
263824188
318726797
377511384
50642676
86764299
884022229
930446122027573249
960056947
90463579
912333292418080768
159399646
1173943994
3302817151
3189061
179383862
132266507
947679282
786313497604788224
24877562
197347921
4705026450
16706240
24855295
719885124
2724007194
19478716
66308712
842763871140110339
111551329
4515178593
788394555796230144
706136017347047425
254158567
16473150
762567314
3120984989
388888678
342985298
269630957
315739619
3117115790
774456152
3329379077
719796879463215104
323787905
140382766
18161669
2569669736
2306595008
2176354829
314575393
61072062
14879580
929352251012923392
20693
31551369
732504236626345984
917058346225684480
15485307
34772317
3148598914
1524753978
2443404000
2718159444
919504860
44440464
4174252223
1918788540
24535680
61884073
51040009
14812700
88205413
765924384678744064
2458544084
867105580170829828
44647144
29482022
328271222
792691348134514688
486970366
259829549
21967062
2782711414
314200821
1729549081
23959701
308109156
21125416
348965959
101879568
2369428747
51919892
2272373202
2313873457
288813578
277897820
752756342
393489312
2168674560
429050416
80841370
740396758044397568
50616711
3369340636
487534443
451937939
932566181789147136
37440413
2874676055
2859294476
56906483
48514644
850690315631697920
4044019696
14829286
44986659
277404968
2425836948
1089536636
24087000
29968113
66571087
93263825
1211683226
912652612385824768
4304542812
1535443770
2340726446
805951952068571137
360885363
3177366916
184434704
47921468
218535192
3317713340
1024617066
210375873
14235789
422628994
295032336
2462706447
18325233
92037177
2240361812
15740972
267087271
18415210
3091955482
140375633
2801598336
602890074
819560305629876230
15680200
481547953
3339518639
2959589992
27235932
68325967
569343908
17983709
1446281586
16676983
712514240188432385
409130715
474031174
40489005
48280398
46859169
365672864
144049515
976077840
1416924428
92730184
164887622
153848652
1017192998
780349749476069377
4659874881
241640955
341065412
3537281595
18178260
3171905956
836939603097632770
934286461
2294254434
18493229
326302937
1652146807
1306819549
2162585078
794600242666762240
205252878
19269310
326175211
4861484467
10046442
517525277
244216791
846727907808440321
4046856614
2456440602
63077391
1025315378
304429421
2583742914
2645294246
18681220
19508497
779974832725295104
1140953784
2362315927
77318624
21876225
39472413
2377300640
219393201
2716780866
127991676
705960568159641600
18117275
842911413114945536
241467540
825569749123919872
55648586
20433180
139678016
732722880
821774711260639234
822570530662445057
16556597
179909112
829017059958861824
45859713
7821262
303251211
162744835
840415701609267202
159741317
320002347
307823368
931395757076127744
1867838892
817647312
4829648033
24881906
803340457589739520
847080935325618176
17740931
701091259394338817
1671231374
40324398
48285663
70152079
38808541
603770837
26970590
801447657294200832
1860214214
4241221505
1684997592
35582560
150224452
257183784
899505720
309007739
1164878070
34234742
768806609992777729
624709442
613085368
259862037
70257878
1861675550
1350324637
25502081
3100230334
18334915
1118765467
344206035
483699626
845631947489628161
351435211
75875216
187947658
54806139
248256515
2768506373
3846411073
11095692
913086503454150657
242845778
2486911149
558020798
831576419666972672
2858871255
866671909655760896
19341361
725588967257702400
784207005875511296
3417548657
20283145
15436011
140321392
853411771184500737
926031832763830272
4815601179
632988723
784317920104951808
3014126190
780835601327099904
711505143569592320
2477144480
338834152
73614824
733870283979816960
59540201
498870290
3971741172
272598809
780481396322295808
457688188
756513176330436608
121321885
18312487
1166592494
2675152188
908407660005019648
482605939
577542660
702377148615696385
133906709
252527150
260632522
3401294217
1261371342
2356426442
784889950567145472
345663240
2602028251
934749505
1004726360
55417295
4534150641
2318573856
488538223
889327134
779000892918009856
2287776660
3784940112
227239104
785084528163422208
549090874
110614866
785501351866359809
481331460
161014242
15046270
1107019070
110831886
880415902960730113
4709967436
401887716
20417089
780501826130972673
12109242
704332388873203716
198433144
52029993
80366133
2270694806
2852082671
2175282002
53498980
842607558
4073196640
164685092
413748343
17030163
274563852
311843851
179993649
18736995
304483920
2665819207
40955892
15276792
263434698
127564069
386171623
789085116597403648
727564142
2852102834
929932259070799872
273728322
846754259601428480
17733274
9926122
267344900
12039262
526812864
748974027830661120
835660483881496576
19038854
22669247
20278156
3009737592
9382222
571517581
14452497
793039488846929920
12377782
68506521
117702673
820341537905094656
336153762
49882280
1913783881
23865567
862931242819481600
903972541567401985
2196184676
87241071
2935781748
757761492544589824
1222836673
926014570560339969
3770627895
711235357673660416
3433437887
841379578581045248
226033646
3405207580
454583045
28338565
448689268
1058122315
360981116
15881771
2508480686
3027954713
803197634018152448
129831037
907940192224497664
2231792348
455246961
1535753276
113051250
120976310
3259013302
1928381197
861260632070524929
806910407591927809
51087560
81673735
3927697695
18249099
3314499096
268751347
157084452
474014775
749558831273766913
819719839057059840
47480207
568833316
169089681
702521357985132544
758085047769505792
1377960307
114817868
790924443560312833
711982830
492874884
835082713447149569
49534652
876351335779586048
733910629443096576
3380406821
801744015364194304
2415342418
90230133
818161344239300611
832681314511753216
32830199
723085974394179586
204822824
59393009
873164517005549568
794841680683954176
881588719035310080
16831011
819231713482178561
163570443
73266959
934064701
832123481408028672
593427894
194443527
80850109
922463733493923840
46123189
921088200
16790655
2915826575
2210844882
14183498
890702329040785408
722944600655077377
2385608552
871410933603733505
824855124908482563
465995827
2204890316
715367750231691264
4298025736
2562158294
81880135
803269735525785600
885422439248920576
700791854732709888
3250338777
3401004681
24146145
215053849
2866716080
209355865
22227235
78831159
586753577
3274559640
1709522634
205496881
812516372685160448
905670768
539195017
879542465262305280
31695887
22300065
46489468
810736591148904448
141406805
887318530223419392
25900266
14765654
151598425
57871322
368972695
885002667013136384
19451891
544469550
2271719357
36646026
770727707760001025
2160658753
101167497
63535161
167172980
125800997
931578023584960513
218044849
922412768078176256
10879542
813998444616425472
791655483325251584
41804169
45591061
809750689
900931396889444352
931170493117366274
806840906997465088
23077245
433251229
384090566
134592713
770110453
31375357
10657032
424129103
2825705712
702288189738778625
48471517
281573769
2458769226
132881325
182751400
42388191
23486558
10355872
15583951
352608541
1376977280
172681831
348860453
94878964
4900100575
199150069
2149825866
852265815902703616
751222367288864768
19964097
501128843
16789906
7285592
24099758
35546586
262324074
483232642
786050995960754176
73459191
837673955590877184
38703427
879351233349382145
197548224
3232185336
1723156784
35293052
873581485412036608
25688392
363093559
726405418717700096
19213538
738116173124902914
561471270
284559613
2825610685
283259069
3719068997
23989799
346559879
866592389221187584
795472794695962624
3108408607
67412285
2829444386
883288353709359104
337887002
550648776
899511948567388160
87144786
27071005
750787748466925569
14892074
16501971
421311115
26340571
138559327
35550239
253790835
921082256717942785
3068999691
729457760031543296
718163923237801984
921312035836657666
354978453
3925688174
66317946
257828230
93932241
312761864
9722742
35976821
1649989573
1167523892
14935588
3031700017
56137804
90590619
193777252
625318204
736840023794810880
804217102844366848
1289848416
2179348804
63705762
808576204328472576
888515916
863217236223197184
296153621
905736412355551232
875441049061031936
17869540
113361405
887492504160882690
1522396866
780855982771449856
389099210
19293138
1019595103
748960584
805847100630204417
340270079
717514639
113283752
3580378573
3293723409
51561869
721586432998039552
3243770692
18840405
2553568296
784099537015173120
25281110
727189189264068608
3003127288
30516537
3535127067
345043235
527393291
18230272
3249231415
146154638
22852003
2343577562
29956567
2731291868
16713
2166606842
901091400514752512
3508965733
4609875193
17920051
217596652
52426829
28786504
814183631157497857
19218798
1946503837
313167231
90371465
4337144594
2761828205
1019390076
869453685851648000
1270123698
463177571
28502524
3854310622
115629718
3064690815
2571196868
817492769711259648
854876467204956161
861131962861453313
817398453097656320
117764657
1357819080
28117748
3068302969
899671848945762304
418650419
2654
455146183
758468741227249664
64379145
824290007368302593
64385751
1906905048
114749389
4428197352
2841944710
3417656135
1514807930
2543818410
63241822
444156282
3545272642
241150730
2815509988
1288412364
3255874567
1935035425
385510807
16524608
2307687163
3672986297
16543550
3852761294
778171112110878721
94107301
39835698
15889401
14104751
2264263009
3064923280
328219505
798132925132730368
82943937
3318230155
47566343
11692082
3252355811
1074350893
181246648
218003432
53778774
4669508556
105812929
2660211673
17838738
166473500
17536631
1118098069
882586776983945217
978711343
2781712706
22127121
396483189
24790428
1599478428
798631169948520448
929106829229088768
4733029416
706819172983050240
717720097394147328
111524090
769694
3294131675
286497012
193269064
271873721
519946406
933217448
1360212493
1128813198
466267303
707270936463056896
767776394759774209
260903075
47891027
49274927
114734349
2943003606
163815101
278864795
333958646
196155714
95668395
1677597480
15178138
3940076794
15107405
178526014
3177139460
758774171312816128
2244204973
3272837167
884857737871589376
74210389
468784726
323155847
594659134
64774543
68249027
204341845
13203132
132622897
16269257
231043900
39620293
3435500037
28724621
537472373
803277683299758080
877212114456326144
908438330249015296
36256458
146067430
36659457
922388737836834816
2343306277
821080593731420160
409934404
1328779579
741772077699629056
13913902
259616487
1866731
3129667645
2410742240
923229057596182528
22807622
3237341261
1395766434
1277504906
2926456896
814139997523738624
127151504
3401396853
267915319
4543487849
2218535546
242312126
15904683
44274672
4729524313
3388683556
494027719
731750467
21382541
4878599399
30634148
885418108814360580
1656270823
14057781
819619946686619648
122695587
95028969
420938460
31134860
268222409
24857897
3278999245
1658559080
3071266590
1209672390
515120409
742805343638585349
865755422908596224
846402455353090050
25071586
2702617367
249265539
832733545810403330
837738796649152512
775514655233978368
2282953796
875153581074255873
698507767779295232
2373801085
72647899
841146673296363520
1229231460
2896265604
15347678
2861120154
255928244
730129061754757120
335542004
22826311
758767012789293056
197256808
2291256133
460433112
701108027621945345
1532175576
34076904
124630400
18149317
4550662096
266724618
89224158
17871282
20143193
879456634413740032
18321842
2411179556
962706319
18272274
143587792
3233632042
431646803
3168318630
796135065289945088
3033532440
466644165
240326321
4874939135
12960572
92373011
997009489
1647695516
14751711
368207295
30192109
120149328
190389221
927230191
74989078
471324897
14897729
66635077
43190229
168482098
745586707
481951276
891524280
119855164
4310908822
816656101571784704
869556861669826560
291275573
253615321
2245589528
354288216
830524679790137346
837232966589956101
633461834
360182717
1937793967
125300761
2395258519
42974341
962903078
1588114429
406238243
2485381766
143285832
56869329
1513985004
267380869
111656586
22495419
850256125
2722415474
896178795467726848
794233084447227906
852217708812935177
250543278
277609081
3003922333
827588798368403460
207570082
18877607
732265339749171201
817893220105519104
46315975
824086951833706496
111193546
435528282
1220179914
63609783
869217147183972352
3007710258
2677745738
850984376
856885117
2304756668
15630646
17953900
637021685
861685392436641792
773573510866280448
49462432
1285137534
3456355572
853898327393316864
130793026
799660296994426881
2196860159
3341583579
321593418
461027581
326229600
15254955
22637597
2497233522
34590110
3312892536
2492134430
215203997
363328099
85410195
435346069
3316599843
66079234
4032532039
17913295
1185398034
859933764591403008
3158131
49103632
3130994429
1912278314
46553071
980335832
101839237
774153127134048260
467513287
753535538016157696
31193875
830663162491871232
219995134
802092951841083392
272334736
94146211
54296186
119179637
161194920
282273564
741427396843307009
881960118337720320
744953730961858560
86047173
440551449
4565576778
78932845
20630040
1366066706
2872961793
891953113049038849
562293458
2815069182
373041469
341958454
38306887
73624511
181599332
1149324752
9509722
23698242
81356419
393380118
1967031198
991714806
754847232
197745801
59194613
885356265928613888
1662208874
17165458
432556784
2192666986
50976777
773416773844631552
1113417679
50610938
130760193
174997176
1098728756
746050340458463232
370730334
2640048657
2607020892
1723572542
63952041
2938744148
903395148557635584
135187875
1425923588
2305385888
814424141780713472
720013724115861504
2778058834
1709553920
191311167
14907599
3371520869
78096581
298674314
794549789715300352
817610912244887553
826320560535773184
17013575
56456997
3067194672
8717392
92216350
243264343
127106084
762782665871425536
545068162
20082242
8976262
838546749509677056
614624536
207520365
49995929
6772522
16387375
714873193304088576
29965313
53014600
363277773
15854117
441150908
896110434
71423
1426589732
401060976
48219214
2189614268
809887375648178176
77443922
1378925624
817051809529229312
17644720
2313256290
235396712
3365877981
116685998
121209486
1362515125
58754930
243618345
870583108738744322
41829156
871788466866192385
632350252
19953949
427019297
1954706040
3013336688
55841183
321347951
3019727410
770291166
2530183134
3343554598
23479042
784855248
1975484959
2876506912
4774544866
879764190264688640
636204979
3318589008
144927740
17392995
778278394475716608
289244812
895395130873610241
859507049612398592
803451609518927873
882520532268204032
405871371
1671247123
15032122
2982379650
771339910695575553
173323589
61596876
96880903
316395032
3002886487
212891684
330495688
208717288
852357194796326912
116845351
111133295
3196595120
83327176
199946006
1511345772
4211817496
1154406512
872847371457134593
1061080734
847621505076744192
849143351592886272
1021640436
1396877779
3111226033
43934389
702563295417507840
31363679
1890160255
96674498
27638757
266696234
25187771
16611722
616433806
885927026850451456
834149169707307008
19894935
931891093
2364411277
26273134
892700914083143681
614151949
127794253
633882007
3317456844
141989041
2164765922
4217782719
3393066305
718868889896026112
820542296
715539938079416320
2332546578
39734611
28526122
3010538376
704974126994345984
611746773
267414151
19333945
1018999369
741051623552614400
847116665842286593
822124023236751361
311813477
30740001
741602953102917632
26712019
880837860659802113
837785794509168641
17624325
2330372176
1533486175
4868255309
560254721
344131711
5474222
724266556268666882
305875093
3180820929
467570473
190358964
752805528724725760
3241933413
761162504
429580982
95113162
888067840946823169
2162521524
29158495
395826270
18425738
705040621266980865
1364130457
2383079743
248182832
834066055089811456
26702495
2910634614
2938638857
21451444
28817105
1405423321
753581225395294208
777335964729565185
16333453
3444404833
328979226
37396532
3305393858
20102364
155692556
2934681495
381345953
169421552
40365839
243882040
4872912706
766623141883850752
892033449758011392
424693524
71296803
213634650
2509534063
93713061
94303789
3033328537
549657836
153401100
887086254
34460288
3131432631
794892724197617664
36326416
47557864
23511272
3434527143
705791049671774209
844025668811800576
727348919315865600
99674560
123103780
725655890980835328
1270233860
766401110693318656
69469196
100899292
2985160784
2976957591
303057010
3034332621
811263875303768064
2998177170
791584706517045248
35134946
7706602
2351489725
876446606
3412697894
882181052458049536
858070604875878400
735528322780811264
761275402509623296
2283280611
743368342048669698
728441661429141505
228566980
887058539268644864
801817585977294853
3602129176
1457641
822644785630576643
13091662
855552702822133761
2827582710
4812436558
449193533
2385071851
774435502204162048
1102149194
45925982
1156731858
138920003
20176114
3565163773
417745254
106209638
1204827302
852674038614728704
399140648
26465184
825721095462465536
18713209
800022402155560960
744010643565608960
318254507
275712545
19114369
405175274
188739157
2700559879
779641491933302788
355246429
776461002984390656
3004145385
16404118
849263792785694721
44050723
799996862136774656
771541825
256764469
22072522
30391649
27319967
4587936192
4784157256
100165416
766572202598727680
2270404548
60818261
119744625
507903260
17227302
2353714357
2712672283
340765953
63264686
4520399896
106838673
597923582
280517233
12941712
2864138589
284568963
91571343
259606340
34010517
4430353516
84602512
2401577750
203539207
2551189374
18585700
866729066556207106
2864641303
290889806
2851405380
4331544079
817844715940904960
844420273835311106
111457430
207234395
4158433481
17491508
706203278883868673
178401499
147131662
409813585
69508144
240739127
771444119575130113
77995185
259245988
3222057096
6995242
721752014657556481
98641935
17934268
177124513
36198898
1260410821
821567125785612288
3199139596
860816377879437313
869604654
753806867533434881
2679521666
3365979573
17286487
37978055
777916354879827968
782804185
12414242
1974549468
3248153308
121791198
2863723369
2803681638
368878572
1888261009
348641319
828774937640841216
2392401008
865379228635860996
186719785
1357609256
3308163752
381351958
2898205738
230513422
834206167
623317495
817882155946770432
1097346974
884775827572797441
889046757455343617
735388034833780736
2802103268
74729911
71543942
1515513301
855167017795559424
3242000705
259105230
725369953638047744
610442869
1573598420
755275430
41783709
21749791
161377690
48768304
3320788901
113870227
701997613873242112
461619791
4921480652
467891332
24809804
820503955650310144
100685198
856417613823528960
232390854
726823336114835456
851983595262660609
777715
17492561
917677130
53490475
152547936
746012857079369728
15609426
173140983
2860101
10303152
139469411
3238815501
870820741746352128
3190787677
1433659428
76343539
321205795
236091614
899807973706534912
165344557
1489528256
288750734
839131317468024832
1723663903
790453047050788864
297553512
2148926292
287117165
785116253258076160
801766637066211328
703296297009356804
292642322
363552991
23818288
38854447
280261048
3282875190
839155456773877761
2371847052
17920130
4458825193
711680198622621696
2876073038
830282992480235520
3871196897
502213845
229946728
761059846401568774
206794681
29439407
78332533
3059467721
3835233976
1092273055
2832060986
3590705962
1096206456
885944485615738881
200181650
1490851658
743503530414080000
3004503069
425580734
2483018282
1119708817
18731548
864518310167068672
2163820330
2730871303
479393513
285693106
1442849514
3186406393
841981677597528065
735515795200086017
832871270
2603173933
2881454627
1546164530
783025212308746240
417349408
2850068636
3193221427
14773026
728373
812495037875429376
564398186
28787669
859763454802092033
377942919
724219080677449728
132246530
235648313
220697049
1570523076
94049962
4338452835
853238044132085765
124084354
245299144
725193061756747776
251372955
399842471
33878550
4051882514
63034660
861619988708433920
772380895
631476182
384563610
464079523
266991432
2905831693
425254537
3150557818
4597402360
3741799215
4921371539
186465157
225535781
471122451
321016549
14528926
58818897
70931598
59106170
1434952777
295542114
339835435
711122504991944704
864486441564479488
2392047660
2784812707
48050898
37446624
27255071
18018958
14701671
887326733006983168
2479039275
861309530935832577
287706935
840790108634787841
825741440793862144
180058269
718804592973053952
2387662022
291797854
396607003
749986410036334592
43052117
829441432050077696
4049811659
91317454
314586923
766144118267473921
791949125419802624
469053683
793890666895912960
123317895
177488853
14345404
883870651328671745
362473294
706779919787753472
370446569
14715234
788085177172058112
858375048612257792
747972277849980928
3194710572
2693847595
710655477005287424
74096942
845246310622134273
54640234
128035503
2447434460
707044615220629505
3482212760
718513820050653184
492253980
61301205
107523830
111067644
2688473438
232591631
2359342543
4832020167
1032396810
480262366
62647841
47202256
7511202
744172863171735552
2848544608
816153226022109184
822120163067789314
34564752
48785299
413117868
34031887
556379155
1136695645
774289562952531968
741942976742449152
354038795
895952845110947840
40584483
230615361
15718722
467719135
2424272372
17131977
185216875
2949914213
767667039620194304
2242758462
886000430932774914
846350248834486278
3229980963
2486176682
743541146312450048
240473635
833057305516240896
2792552786
947222210
893119224553521152
224369830
779426484977098753
454897936
500429970
4680420595
4843656790
19536097
567409522
89547150
2391500311
34771933
443069423
18694627
138430349
2451775934
20765242
874809128807477248
577426947
725224425549787136
1602854334
500110224
233224306
14797687
754289113294053376
554967872
17351749
247582122
56619104
359418477
47442513
288071633
36387920
157954779
2670741456
731512007149649920
553486194
256968923
1885544593
3548934024
892505551644393472
805617028853809152
758471422540820484
360645622
16695229
781181550201147393
3745265960
347978094
257132048
2377154874
82053858
883813748
42717011
8062702
28791977
867099754450300929
701260275886862336
231143327
133599210
845037806737129472
2417316990
422388827
1606047786
28733664
21407780
3235040300
493453810
117725901
869341882643501057
787952245530820608
86501269
514478098
393584122
4295872455
773621137918070784
71556059
42073938
51012727
860350797774700544
697522301642919936
2305046276
747173826488840193
829343735586623489
2827706202
788691691633082369
15181839
14063628
4877802617
4173721888
318540470
25488066
729419136636473346
871892346648113153
369209776
824488171
730853837037309952
700222745
481124876
3938173949
877800655477501952
103812799
804765396054077440
114625323
846718236318224384
768077944183029760
2906497439
3448272921
2907834765
201659522
162340078
68403785
752830092
54909573
20652436
14678800
362081874
16598363
41909487
745515005932494849
793231594114781184
2902722485
775711022422175744
1483294122
2446325420
875568705509380097
414883533
417879666
34939466
2712544522
3041513226
39564698
14158133
734483851926474752
2803820920
460964871
14758004
905145894
156513815
2198146752
1071626832
1371186956
17698300
15133501
15452118
13081242
789969122
282004683
533716140
872152883290140673
534736940
327218437
2998429127
298109743
2685008443
310527241
98248025
3060282828
701435901004546048
15438213
3187409643
29289526
201826972
3378714135
14858128
27164642
430928691
1183116462
262037105
15696991
2234101452
1359996270
862766078275047424
1710537350
154460478
31707841
888050464507523074
14715458
1450746859
884525347
2541714732
501211431
814723426149691393
871145083210416128
732595350947700736
479270779
3073853746
99422316
223329689
261202564
28765769
622373460
338206032
87629909
2343824210
268693290
738301099434729472
717113143554547712
2302030459
56811078
14326028
981994399
278425695
3305228545
882688386
20499578
70991572
4833563440
728087277763584000
4025055983
316065480
202961654
68963603
2363980490
2798120942
701468660418752513
103047245
72478745
358333297
2947811
2800598319
505395097
128063711
799412276533035008
22168349
739089916978728960
3147703740
821763507091808256
2781365035
2969452439
438070054
73979778
751233921707339776
16943509
774089965458354176
441251850
224811364
2728535172
113033208
469777070
554520888
3421043657
741003421503741952
1094005963
833993023763705857
894975184184025088
2942698985
702852891997048833
2836029222
15915225
2163085798
2816332820
1311998617
824157696
117160164
822505659098927105
37432636
406563961
17480295
33524543
32360707
619044292
15273799
180265428
23610945
161769014
242916972
761555529114214400
861978653999087616
3323277814
2917391011
6236572
2898606468
143967122
866415747995758593
620906920
23907677
4187578774
748402466778136576
1357334300
293957033
16725202
773662508968185856
888731446969376768
18424261
33872578
831114929704927232
727875442129145856
861132199
37301102
3289517908
272074937
2781642025
473385747
40971140
152998435
846945115432255489
171912782
1394938158
750999599201083392
745204868793532416
889748059202232320
36062550
40530404
2902575502
4515521476
29550566
836170803507052544
2772393739
19930732
876960503268077568
18953144
287125643
778065307
753594094274740224
556919414
230807322
4830943996
270636321
38041344
2792821922
90640559
4865187887
821766130045812736
808362561368363008
15259234
1374531290
2175274595
18738575
3239700254
513293383
2835569081
1241825748
4098348552
4586719452
183034995
724611831785000960
784435274340298753
89802513
62858595
1213627526
548169571
78946225
92570825
246042477
1090015976
454231768
98113703
18134015
108596090
881552610842509312
810847042230685697
810275515445571584
467016100
278692758
4504422615
135024835
277778724
794105791171166208
1344695744
761781992455233536
619559371
827540096131883008
2433470803
749622858070888448
66371915
37465867
806196400358903808
14874751
5898362
779102069890351105
4150406103
43605349
21515310
723618849749360640
489642232
835108567
391068475
751288910504873984
545272872
3306901413
318130607
11432382
172846941
877441709256445953
106707357
3335077954
94590193
248706833
1409726425
338849585
16028975
4763601676
65959096
39722842
378088544
250703819
781856997239099392
22303109
36180571
85855414
14416000
1138087705
3234064057
813893389238341632
1287255373
131646730
4867857808
717534441955057665
712428595755364352
710936772243562497
225322257
2498802931
2876368115
131857724
41874288
2297456808
1412695566
569912467
859117730154377216
63766006
205411359
779829652864970752
156761666
2903869067
703763599496388608
2477218824
215349768
710531405005135872
29469985
869590167786598402
1952250668
21813453
2813733744
1456706246
129933461
46190234
1077633912
66362459
599784532
95807398
768610341982969856
89978573
341305905
830632771
727979502
1609060712
381839605
1863591786
816381920166588417
870867780060368896
811130027790114816
821068987190513664
56102763
43426241
846014785246367745
247003627
2925944584
279870781
492370557
4678058142
2506854157
126476008
268757302
188731528
110604845
220203225
14890904
2241958706
201453078
26931158
1392275551
3400511531
890499172801159169
196808070
3407762572
3309715593
945047792
1730415624
17022873
72596591
2906403017
51529520
3013770013
564173073
134967348
4559337677
1365531757
146576331
863288926185902081
24796373
1345394460
3810589459
562602850
29716174
67475962
93792313
214668363
19581299
2377625174
3219221914
110432628
767444328918712320
97059998
1561687525
214300549
1954527241
3957557609
2893381426
735549924
53791901
1389513714
112507479
472219610
245317971
2793743414
35246407
3380575907
445458334
14321734
19397578
766140918575558656
1883611650
1674737485
416553159
48481547
19336492
29882146
38833
22775127
17813369
2624121545
46873482
845721571201372161
3277282092
845743049997139968
722648622307917824
2425334188
93058297
29359672
347266777
144045524
2609541695
46426671
126477062
1658586614
67809631
1523807570
8567622
7761272
78262854
312826310
195910929
3710871
2482964466
269525909
128071388
45623259
2271447914
1316720851
16499925
919321574
1336213472
1340878182
62344110
4865470331
1837627189
117504965
18508159
191951266
410501737
58070906
17740383
82438494
1520482662
436117419
59332820
733770338769723394
40064371
1483
84233975
2759185219
824930267643146240
56939868
237817439
817100484523737089
149503194
851199325
2192642352
92297676
486191342
539649266
817466396007432196
744306107158396928
270622395
3039699694
1394645192
746500986638901248
19058238
3156428839
3226084107
826489060126556160
824354654670782464
30805324
236572704
139498174
809479399011708930
3407206779
2788696941
231711012
831284387081809920
2714579662
3295519105
3070702344
17313189
2180246923
2180634408
5557952
49462888
290183125
17327596
42950013
23536128
1380711
490900538
831450580556083200
2315791674
32191438
40552976
718951518028869632
1696981920
500255866
1684452866
234268542
25069039
244168792
2291761753
972916897
1692999542
23949603
828173438737068037
370259824
1289385842
7435562
1077390931
2394313432
2322917387
99760989
2978206095
169434390
251354415
811786547129421825
1205424451
739176035581726721
129876809
230303826
757846188
746493721215008768
486970980
398707672
21266998
234338584
2392341000
15781408
18393753
2891974662
41064648
778621706
2855864495
1860141372
271603436
1633457575
350432665
35622661
1499118162
144477353
30061267
374089192
963674563
564265927
2342732924
1861357040
46006531
1924290259
2893386898
327485046
2796197673
27227718
155533036
19580650
776295454677925888
573683574
3389855313
2892316270
785719734121529344
24604708
796555314871042050
828752090969288704
828958831753338880
826379528280879104
2989347750
20222744
144592693
241993704
128496563
385410160
2690499097
105200096
163409644
802029121169747968
246179338
282769215
52033
96507031
387886218
116060961
19251527
349639248
54720494
116661871
3932345596
3298979539
3886585092
35875996
2584218650
822665465424187392
3188683259
163340999
59667957
28331932
110290431
2272961608
74780115
219397176
12150742
48418896
445468082
1951274744
17832959
1628112372
83583832
246783059
447889226
2743582006
702579704042233856
1244713736
701578820
1228243574
335273248
16238451
17623103
826135863289606144
35227172
45102445
193401402
819518438825660417
821141598562086916
2784080934
3156441009
46876074
3363062727
1132583654
219759600
2712899456
727635484638248960
14164842
15348230
65676962
54310476
1324401415
64416868
2415740226
442077506
1264556450
2201773976
72535581
98227939
196563205
17885638
132280379
17195560
19594666
1446660139
4894095909
823268199684861959
1862788542
382254106
68550415
76380259
101060670
621499838
744270512386355200
3253705459
9751452
324647795
24704577
34868017
3194202483
953230375
42755484
191952326
1714948615
28108332
602361164
822850200066813953
2891936799
23008559
2649139831
2516495486
133161412
765250034535239681
135876865
702600110950227969
4693655024
3300412427
15161367
20198802
73926837
87218691
406496525
189949296
3302686872
405543484
391568444
73626870
14125481
82475130
303484090
346320303
65529255
537370534
704765946905411584
795368869
701269192440320004
140624862
135860379
125661385
455997216
540573291
258602855
518857761
787345993419354112
186467957
120818659
317062274
2311032514
15262365
21945566
2737055629
24961055
610409072
36949725
83111794
1640929196
3054919804
8771372
14555370
535606454
727412924944408576
764466196536229888
17625857
3058600180
353433777
3184043512
811569175370022912
47482480
381762479
2457302703
753670060573470720
780269431
279727776
2565217718
54530416
359414908
19645308
896020434
570411063
1273576430
1917354420
185990995
3367146257
53197652
149056959
1104914340
182011600
810595211713847297
1935610482
538410752
101542844
1573798656
2381635627
32218941
1172524272
724276198314909697
3320874439
730068203704045570
116363792
42700051
575658149
810176902006771712
3315116365
141857575
195593811
174056356
15742996
7385462
807959052122804224
25083630
18629425
1671133790
73235034
408521540
41522865
17798031
817398429382868992
161110007
2194938090
2940909615
295128854
14814133
13296972
21287262
353789977
244211012
14274428
453787949
7512932
815832882967183361
810285832217198592
832507752
4728844779
109659770
119169398
17387544
2730684159
38139057
275276082
162400484
809175419526250503
108697764
16126957
754395255223365632
2891477268
2328226596
38616349
509560272
14465607
157259593
630183918
2729957274
80318402
40626144
42387692
790209461453398017
390392465
606598227
813681368169320448
106044424
2232633944
497210262
119877965
702875550239490048
628584403
16376378
2863067405
99322115
47202894
19916157
407337604
804256558599307265
2412160371
3357471568
4176715337
308266678
122499928
796266843308576768
812672657246146560
468736390
14206093
803707333943689216
263078475
232743187
405608932
84187726
154243574
1433206836
289359879
296197591
3107676897
3252221339
132548415
2822218232
186393791
814638685446610945
579615633
583698484
388516539
33993935
1439131
67151305
106200494
1623800276
860257435
3194845404
796289168544403456
26791273
50200233
124353996
47920424
814717988792389632
1357333854
72941859
14253882
15315873
1770247836
84777101
373018776
15994068
19900159
54042904
2935702507
461020934
726353509612937216
49025726
21646881
145582235
1610461770
116084713
18313600
106147005
1054664820
2595332773
15421451
802959686190370816
3149025925
2903935007
2771975857
2726806519
713258378
74233487
45628637
1288524805
792388595088756738
87417967
1381371001
109110641
2325271597
6543642
2274388309
563676248
95951198
2861949379
4196982940
4906047820
2269522754
20510458
884542592
794535782
758370024
465119426
27046137
1426705027
36361198
743294666171289600
623664002
2395146854
16901643
523613526
2543736351
775811763971493888
127323083
2165721816
12181
73039079
55856905
331069269
2967820813
47213986
108252378
62374282
2376360069
564880980
199551313
275137946
2153921852
52143315
2157387439
940770056
40669958
1514364986
354333034
2423361552
16889121
151525368
2875597887
124643224
1427880290
30373036
109920709
343689230
329831564
1101664128
2881190882
232651931
48929657
35605370
511025546
63107400
305449706
579886102
275167309
2842384482
2889971131
83410137
15708266
149246495
1293246564
95685712
227957288
730371691042443265
251652655
987973435
151504593
8449562
7013852
758585047
593206159
853471
12151932
64650186
2635416433
261384459
121432221
16635584
930172927
2432385827
602837106
6893102
754659741947887620
2148600081
21869925
15363272
789889134231977984
16113985
783934489
14223501
22840312
36119194
7073652
13959182
10368492
369874769
13201272
151533184
1553083404
2956295664
3144403503
14356360
590670992
895857055
902921982
156058402
120277013
2492639450
712739036
16884898
13839772
577655766
1696
242047475
552868250
40526875
226264154
2612265294
9678422
2320505144
224591625
19506923
2326278535
942888001
804626177927299072
35170299
542380914
28502037
74183
178203295
60327774
314757044
188328580
44983352
838169948
1269890821
214981561
360176563
176250843
4498582192
158121465
205824307
112949856
14923832
34183206
199138102
220789206
17886319
16487505
3303500245
1052988006
132099014
2842656990
43448399
2664761
57073826
102150293
454396494
42141276
575617243
58707675
14529292
2903812140
67055888
14623078
20231053
801998858775498752
12629792
1541846779
315484925
18122941
776198805767106560
484843860
3394420797
36089117
19538460
1530050863
3484885275
1344865832
119830384
1384191134
803409411742060546
802944039276388352
738231471886897152
1183390794
796077358964875264
170899323
838252117
804232274937987072
804277466944577537
30184871
106518416
2264447724
803958244787949568
3240870677
118916960
804053608614547469
2759431396
719355879967969280
461277978
2439955364
132021364
5414282
147565928
138636505
134203487
15366303
257581957
738426320745598976
1644393902
391481124
252123139
747731525018451968
2277841680
705230982794731522
396467894
217453809
138722125
340953987
2852147114
739890227360079872
829927784
181350939
93706056
269215809
793476174882058240
2565628206
781801909397155841
260272608
43546571
1202443153
780746748541054976
17937811
3791696247
4735121753
774340893985890306
235542898
104833072
836502739
3254103512
2685441614
2411568890
215256897
251531941
144559716
245651177
721866542
35379860
2463365922
559703890
17170805
2492065682
405424679
619321033
48057281
722271205139460096
39036507
14375294
706833533285695490
2754156834
329025491
319314608
23604785
1167119072
436568543
19092972
735025873850503168
25685447
2350111518
32528318
269058519
3238751910
2510064471
3311607237
230544545
214692150
25397975
717769976187191296
4764256936
129178313
1684937804
2882795194
88920449
971043500
2303579569
2498046205
1729674996
124354625
331526382
989164957
17194090
1117133244
564583653
270711124
1510500871
161332399
4520923277
14541237
91205589
560136421
358801270
962311789
595600840
102427159
245797321
2914700938
1692039402
213196912
1092287144
28860066
3252315720
15128212
14070891
784356860480614400
181914188
18784204
302788814
2787943965
473091159
1261178780
4824093730
75878265
59600838
740580046465703936
210635657
15301179
186197243
444771751
55189975
599966980
19397795
67066318
559188351
2250646416
1851469771
102089809
3298472200
708814032455729152
1213476463
720329131049627648
720204051552550912
976820658
1180376864
20096126
238096944
158540937
2896442764
248462402
332798565
355488436
85912626
738099170020622340
170089758
58482523
2293252820
4834593351
405336315
77702053
12458
1599284948
753461584538853376
1539618818
743885089898106885
775817643097923584
333542986
180300832
1291163330
1942990032
490358867
708516897818591232
38153308
90481214
10576592
156372683
781945515411968001
781971248012152832
781940514790703104
2594945227
710889784575664128
772547260542357504
781858002265632768
781863872026337280
781870269266669569
15211585
19111914
242784253
2401933753
122593212
327318448
1470476365
3221966435
32880899
68486270
574287769
37916396
535166689
135842936
4061868154
331156135
2750350831
3252014029
269057643
782784018785837056
22298487
310016862
32399360
16580932
384418907
156965083
63856649
170026440
74660943
26464319
774788845
240140468
198193473
45396158
3400893388
781071485179953152
722610929238732800
4004969358
14817513
3304584831
2316775836
3026808910
301840498
1250727368
4003665792
396681439
178724083
3908902533
713775622007336960
920051202
5999452
122805498
50392973
94602573
1452872743
4011296541
20908422
1466324593
759771288974008320
4005034865
70415459
2733123237
723534436491399169
258018284
779630435529846784
354244350
1123332066
4729552238
2595845780
1494243667
183805539
94649489
749224782231638016
15709133
21648094
456691556
85136569
3032830623
2559855768
270095431
574009033
738842743053553664
771089361660239872
600315197
298711652
79866684
4092547581
4517104588
122667487
993223009
17373961
90303308
298439755
1880922720
579646570
2467680986
715726651791781888
93683002
175255682
211988248
68036460
74991835
474463923
2794664691
575469001
14734548
942290881
342240745
708778975628124160
5514192
245010803
249770660
212095812
27549971
748741937725775873
278206921
121198602
98449172
265319105
76377133
3184544247
19711691
16941292
13773872
189747883
526450752
777927550508998656
3047863748
207018315
335564843
47313547
844675650
777269408112775168
775451761150660609
721418333623558144
585936148
949984268
249885391
1738524913
115858838
296702128
303166936
760359631159894017
182493733
760359301634404353
360933408
547904132
4910994351
2978582699
733386688223956997
3726531077
2450565163
267899102
3064654649
768455059302653952
81396330
372572406
16565151
148282443
966454316
2535034942
407309820
2714762413
1248350874
2991959211
757117388366213121
516308534
174953745
77129708
61300457
216558300
159399714
1177718582
2396686260
164600527
4517453961
1539511020
726149156700565504
2197547720
4764749616
175481842
443117857
320946636
146536061
3395637394
17659982
200421876
18228351
282098045
462901147
10554402
376731196
435142161
732584754210562048
757999991851933696
16894486
2509965840
20979823
739947600913141764
3301947914
167025549
770281034
552697196
123119098
2397517897
45544343
4350540436
3016620024
2789118342
3358500851
2505220368
29623735
3121345754
2464179852
11062352
2190817472
1012454034
3128140781
19252216
55712928
2657697877
92027126
4797075207
2562613272
29701191
146168830
724573976366854144
1526658577
294720557
81798714
84718229
19290107
81891085
332536138
461320226
219294652
120530290
192557923
137610793
137004220
14854767
119802433
753166486210879489
17676090
259311231
706864130
161532559
3033829189
15619045
283813288
1590037975
3345344960
205424283
280942797
4264249456
617734710
17004260
85540772
730912282033655813
18857913
258075868
2365960765
16672818
22379066
2477228156
3046592477
950859402
733408429440569345
564730876
70481222
23170742
1586733960
1049061396
39909207
403574175
111142773
56349332
91608548
257524399
34234990
2833662561
49080826
51078061
24317232
183331242
4156826357
8182832
10302922
710176439430209538
809896268
3128989259
146634835
35734886
724765317663199233
93087739
1452720702
75249632
154244771
3179471878
420585565
974171766
772707446
2475885734
67695721
18851348
613782239
757962949181005824
764126950952624128
317191592
15962184
16322645
2387342042
436209138
313119999
747909038520811521
7457322
43192340
901529467
23078437
16247029
2398465159
18351833
609159005
287295889
109272922
11418752
44105007
142954090
710085847773782016
21836116
307828854
109098339
30344426
330239523
137159973
2247975535
7293902
447226188
16025380
25195591
84860555
421938080
2291570383
708185997
79746436
591001271
3308609130
20567743
624446066
31733235
753359461692039169
28664772
810929
16493868
2822515248
120941602
20925925
492991594
16175706
298581371
19939596
14134204
82373452
564021269
795162
2916255125
2184254471
744251204
27920729
2154127088
4153726907
499587139
2820638401
4556162363
12322762
3435515854
997617703
14620491
554147074
124852615
755994519724621825
4032158783
22390043
708994076344000512
2350451402
54748097
3434089043
3615838583
406098991
22201568
729062130
149756966
2400792534
3356500029
749514179380441088
759133608
753881227124477952
66602967
48472574
479245209
250772218
49136122
91860794
361763891
1348299643
2392822687
1520343151
14074274
356413402
974571517
3145728307
758406009798950912
757932757599318016
144618087
201405493
1098574376
152174463
23993329
16786966
367489515
24287541
1722431040
50759157
1689040580
59840147
431983412
42890280
136074593
1633514028
3091246977
4924802613
148361301
361044159
328381734
206232416
1348243279
17111125
1570199078
753659245602627584
356417722
631980531
19605809
3002314237
4625078963
66879806
127069741
700413153398677504
2427344059
249871233
452471818
2797660261
229981000
15244732
2763575163
33908800
185307561
60877603
15585230
23500215
4001196913
30206938
78193434
2865427814
216091166
15157971
2997313860
67580783
90304480
335167648
302799104
65104940
2184943214
1287524876
1746505038
74013783
16529873
25614937
755721070993440768
2367693487
40142780
65374102
151420956
43427774
1476220495
133001400
732879892531011584
72031338
499154896
461249031
14984404
3119727894
14805417
464862707
813039
115710615
1086738932
221054914
14502574
2264894712
1747262966
2574632838
373946506
715504630000656385
574712615
20913635
29167387
12576482
718967543
552881044
18863844
18539194
20666339
16228257
21897281
71152053
712360088502013952
318068854
1056176180
911520972
728916072
3401228307
148375627
3763749496
25813369
15210670
44681392
14443412
2794322664
215990674
3044873120
1878473497
544615408
108578268
2173452860
77755590
439364843
207031770
3100589987
21740509
2472191965
3131243261
709367244250292224
1186370533
2445901969
482591300
737548131932344320
79604638
249803753
4804742449
726870200356855808
65992583
2315160673
80206649
332939414
14559909
18000763
614510410
737548704282857472
11402482
18847371
3435454873
2716556409
145969405
483928137
2365906535
724965538821185537
23737069
213273721
2981019777
20676003
36091500
317727453
256673893
708559276596453376
144682483
9251682
40262562
20281705
15790836
271954817
1964116644
112172000
3115886900
4528803987
4802912387
2281125793
20424954
2926422877
23730945
834860046
1010404891
108784681
27992452
120901038
710846683559530497
1513434746
2392942556
134736674
53666289
3007162188
2155046808
22011357
2575444508
60076847
49282937
164043252
181382163
1598289979
267485701
35025253
1464124302
2203755158
105146533
1961021263
3384018370
1924496816
44489174
292577324
380487157
28970126
4781113012
1269200970
1292116872
2227509974
2375585300
735633506
1121591
4165408514
536347417
408739333
2233256256
14214417
27206387
84489844
128565636
3102273547
823790216
4767745256
17453337
114574402
792869078
189854509
1241690875
95273513
301554059
53341268
874690052
257642867
3983974997
27810994
23593463
726414640520024065
1386217801
250844524
14057832
3341512271
2317257660
89551852
254620177
15266031
2372977070
71184703
480357080
19246683
339733481
25443588
18867847
239624941
26471554
23381636
68224091
20436050
126421592
20894567
264678876
35222608
2440748324
320602921
2301973518
37888859
2267411124
47434415
414523506
627280991
75430073
121210144
159743999
2694617210
1060889586
2190723908
295887056
18989162
16521268
4816370867
14404434
1187794693
376665053
4449242594
541247619
323298339
3401145454
714782991541788677
48756115
214264816
1114379558
2889200437
2436574953
113781137
270212550
6150202
17752852
64207290
715852867475808266
113416805
12834372
3310080263
192475472
545162366
284241195
29510241
1329993636
2987037027
3012699500
80784806
1534891226
1098870198
703563007507439616
526650302
720812913712234496
134230288
102108884
35353014
522379975
130276212
80900244
3965341392
165495043
53105686
329445583
247839681
18173395
17184930
728084760
41226653
158675898
45421270
236964488
206232082
3232904432
43570256
4699835598
160596928
85470023
40501528
14265482
4855501
54162775
15143620
2220986255
3277010606
2701408981
4332578656
713274051779813377
128527609
414778163
191130837
733531398
18267263
601691498
70104328
1326684985
17914963
44055011
576877555
14697711
1861098199
75193157
240645232
3001865764
178843090
2496494618
286886657
24118489
3072662914
20144130
2602030434
36779746
113673418
455461385
51030166
285048473
3052338627
3809696172
45681993
92340593
1578552680
421390907
2959515489
3182929254
505882250
722803544
1658700751
21216448
288145037
42669663
3226719735
212243597
29255653
3117870591
711718933955530752
619614611
14124542
4759377016
19038416
344301330
3824780849
94604474
82194369
31100958
298552988
2254917007
12072702
34933917
182940485
181487306
1159577947
838519244
708551103390986240
3162630079
15806521
3018352425
17291463
409144421
1470457172
48500685
579674154
1061160662
2183928226
1163712553
3044872408
92638139
701037412659630081
32646364
101812405
12564042
372087494
2994640121
163610854
148160316
51367114
22053051
3255668526
311060000
18785467
2279591198
45397323
42372514
875408088
3295389671
335685290
3704438355
706860451590762496
237855741
24711430
2170588898
2674921
3013981470
3301554175
21808447
716284111
127169628
67514751
34048323
229790606
17429002
242984239
34251935
219610263
4678610420
249202384
473588093
758252706
4017683693
54940622
718537032801366016
60563417
188853424
961039602
19019494
18042413
601791612
135340346
224668205
22725025
540840297
486125602
2874221903
16807573
289513288
167040359
68744591
316476860
76404659
72593140
3259480890
3260159646
2533795992
1509241
2909826022
128909238
20291192
1298008934
84100169
143695063
14806474
959428040
1099474928
706359876734193664
283078672
710693090055610368
3314321803
709469711583420417
152522053
717272063304736768
2358510692
480633746
3140632096
15673818
2896836572
1053466464
29758541
58199261
583551903
108865069
133578176
259348794
2151715965
2477054264
16923409
93259348
86925520
3646468646
80111432
161963762
2192569117
873561230
232537201
185553
762603296
3098188170
20807190
3372096677
89265461
2943046925
367981296
965647932
3023888532
402950175
316759888
12781922
145347713
2509565102
136734371
76471168
59871513
18575498
523622062
790763084
243072901
2397147618
1288393760
48489954
4774696926
56380373
4808869147
75136171
8554062
18442305
343306629
348836842
21548566
407646998
10884782
3282975180
17077658
150947174
307829790
23435465
298978560
712730905
1357817834
65809793
332702742
1979492167
87695401
346708931
401793159
76614505
1706024486
1465265414
179749978
715656889032376320
109971804
15188200
3173128648
15438891
308223042
4842356859
703416210952724481
4574703494
88366731
4760176140
3846175156
17565293
705347959467208704
204730010
697447994132733953
20437162
422410205
508977748
114545606
19606850
474636575
715183173949218818
26754969
74856890
703891254971645952
4106900596
31078267
1861094190
1922414958
400641351
238377930
339063450
3334638731
2978491632
334930366
88226798
84428533
13223982
1623941820
18884627
191985066
306227662
3102328086
2856829841
48903
12683442
40720843
15250344
329558084
462749836
21035192
3124088130
2953968128
4228336759
94866459
17763042
2447341464
23428163
3003750312
225387249
15642618
147969478
77170575
2906089011
353094085
710110377636265984
26509259
15135130
593892987
305765471
2343221041
724343576
12294132
6035252
1624045602
3068877460
16572161
24802418
4099678162
1947926683
3140069766
327659945
222022317
4469927543
3594123433
19033000
17346158
4880020847
125490322
465109774
21952042
2559897162
122102020
278571110
2758311487
2840068071
15909197
50780773
1285256220
923034240
707495925787320320
449088719
3428340135
2591170274
18977415
2592105289
274295451
86120067
89186018
534252581
583518217
3238292444
96117173
387176695
2281292959
16464499
714970455627710464
563084750
131952295
260410588
335083606
341933124
1540648200
63527074
156926668
80183240
24146450
594291183
4700851355
10504682
264785957
14805971
19987629
714361414329229313
3950790987
150589020
191037921
3253029228
318640909
395438267
554282058
481329940
1044962558
48437177
314867128
14569295
4274990902
2476998830
42003908
14826543
2923351317
2374559016
158974052
57583333
699997571389853698
63194055
317009906
1374663474
14535018
70396768
1137367399
267921340
17064708
18361078
337542298
15434024
3224242123
3009817578
13673122
1322230477
30204652
6363002
2240652491
75402700
24571629
18380768
373573735
934129957
54994435
2726200776
211419571
23505897
19767448
16297216
318988563
114008101
56090252
21175884
206946694
34050533
19051213
21074372
311699994
709504141496872965
105694001
700550494679216128
15792266
100930949
23363201
97316399
2426344674
718683163
953346451
20349333
14763734
2247036602
32991166
28168497
23743186
1279256066
1431341
2846937716
121762593
603597972
69306376
255708408
400703360
2766462918
2874840381
155934255
14888961
4846416859
25536633
2614786802
1433630456
42079656
1346579581
4917025002
187524559
117790019
4794794790
546973454
4868914672
3650163552
203739230
144281364
297873305
26562541
113125752
21787974
14432326
13056112
118428263
1874877584
85200100
8407412
145095746
3355521333
502428254
707591424200445952
434381022
400280568
4361783421
191204550
16916037
36676269
4197811872
49784186
709079322233966592
339678192
2888514983
2539660883
4890719429
4201204582
25953249
22919451
43357456
703317007
59698636
1727038705
596046097
12703072
14579144
92834514
63081351
389789390
24767198
864537295
56252103
108262849
191943613
2192589659
457588430
14441702
78263745
183300788
21364476
21317099
4889248018
13906222
43294568
544445443
1249695446
295740662
16988530
24407153
1143678590
1588750386
95670177
3131003537
575964689
2960481
37573292
1051523306
22154545
3856764196
8108072
702626052409942016
194710086
427767894
4841341863
2791089393
120890792
2153974213
215782500
706071522830479360
3092096992
46493689
1337040968
210074159
4911555699
3168108102
310315031
3843675914
4306439301
4826646491
3320466517
587682977
710619111106158593
61198753
42694948
14969694
220395108
475568156
1895518519
399050341
141765867
114609712
3256209378
25008625
431737873
27495301
240377071
585521141
19068486
86980973
4620140002
274158523
26989268
3044907810
277844719
37972104
402367989
49932212
2691646866
388666999
43433353
131786415
1913049703
154232680
762553158
225120372
3057023217
216116182
4904157333
2393354456
2352534211
3970823240
110433336
38873926
42469463
1369545768
2826375877
4537957697
3044943484
50571293
18648537
261460641
4239622219
2834672488
335655454
1042314018
307004396
19189229
1398358922
1416543906
1326330290
2183412258
5385262
150561485
322125463
299297640
523479753
1918585963
2812401848
733047625
406504360
3428500275
3235735445
297578255
15875930
14844086
369262290
199549001
263092501
778578656
28780968
64799947
72866756
56974530
22871735
261433674
361745113
628894863
2605010475
9704372
15231737
355211351
15521167
169169307
476774844
14778397
430173496
389586041
4416603023
69350731
41860650
46603773
2329420934
2220451124
3110273690
811027
560694071
4793151291
388501439
922801956
700824081797668864
2724467846
2898675098
2198458504
238775531
167710913
403697545
2828756724
84624846
3100617658
3910451954
1475425111
229021972
361853158
2243467934
607874799
48192162
303689843
582274579
73080402
3273903552
274400101
1251293210
3048151923
607220819
458580460
611821209
331304828
1979632663
701413439957311488
24833156
109638518
2909807976
594874694
706050427255652352
586941998
2890477097
138929044
710885145050480640
14272884
18138592
840063229
751548764
51778150
223998090
1386777170
2694762337
4255273000
4256804343
7788722
3091032342
548373739
235613642
325625178
3393438658
392111934
195759655
8511102
1127652506
115635864
2573832655
17271358
22866620
148756464
214212222
18042393
3938670195
3219815198
192092358
3268673270
241918279
183477012
15009098
2191041
270494870
1354148292
3381438611
1634584999
2645928960
272313053
4645791051
69371924
63819613
3173471627
219221715
2340978469
4448002766
124596999
2875131159
135697386
234280583
742918770
3437984626
428525085
586414165
4894071555
4738310007
11299932
80225222
939011982
225782086
2712328333
28193519
1862569686
455138746
259865386
87937244
3369230007
900265728
320919605
2773936212
176814590
266464616
2351770358
418070511
209312180
361092793
2752367243
3540191232
397426265
259990117
190606010
707925217331580928
3212592303
1909697737
14539215
33067905
17123109
143670563
243480118
1312068378
2820286468
1336859047
2722886833
17806561
75629232
2364887166
3068767958
2780909892
1483718396
280277871
568396952
975758760
21486376
2166896149
92143472
3360629141
570245381
52027465
67445830
3261996989
36098339
605916362
4640462942
345822153
3061134334
2335147694
56694161
124577257
220829426
366440331
17592681
2816104456
1044701750
857465684
3871430325
2685911185
110681895
1259235738
4269408554
118108109
569124043
707276828474408960
133151349
634015776
2779161917
2164314605
4127683648
110969086
3727158503
124299862
157201017
2464782648
4143882680
9357842
704322063486558208
3299933779
223679734
2366935027
1429551475
20574685
3387125415
43265119
16267655
4795437048
54510506
2422566951
69288213
292440228
944626628
1175932646
449325815
232937650
415247944
156452028
261593236
79143095
707709063551909888
54607872
4536635656
865245258
58895344
89993181
115681686
15389432
47305516
53192442
883105100
144071039
783752058
4103791661
2270301
1567783742
15962471
357022991
339171152
1108019989
272974412
147541201
2328100908
83846957
384916348
127837693
2939510649
5938992
133004518
356377556
1886966384
2791501723
1251408632
190611671
428138278
2239713997
27063328
80089128
26322037
818478793
147699737
31436970
81378680
9527762
46999021
22021397
15854988
36145871
15741370
108495298
274252075
9383302
89538046
18171067
17683035
252757840
18866957
45228315
458890492
14669296
129277070
89835264
126280529
87012144
11489942
407789544
370869182
371248031
433076965
2418979862
25870497
6079322
114558098
3741286642
47821033
337481462
1922982428
2257199010
712939219
153819146
484116217
1622450394
8291102
886413337
39198220
132114512
2984316327
324617290
108124119
2598080348
2472974371
204641350
3180978036
858599292
1605611234
2298123391
297150344
14727470
635920360
56464451
44271541
2219602655
27440779
1372337958
5309742
36101038
1588068212
17022107
169840315
13059102
3641950332
18006752
200873105
32837610
16286476
24145841
20891290
7017692
800645785
53152949
20867342
481542791
606161672
331835036
271035649
22524953
17757272
2945142525
52082404
52749893
4721911208
576201604
284093185
400469588
14472099
352194137
82630211
3299903594
37381180
173589635
18027685
147180142
14479083
365992287
2416281402
173655422
2182648856
389679259
240824368
2613677570
105912373
3389829627
17943673
311870721
99057296
3433151223
72583267
3131111307
33808508
337325182
35718163
124875688
2584318105
1277066396
3078897521
68980397
4650125236
302809524
38881918
615552380
16037334
105724854
240496614
75678900
4794192824
4618360756
10431302
15807969
273095909
18346611
2442504061
4684760683
118972598
2604062126
105179618
3225674647
16874162
14794759
81362392
1869273474
3194812492
474781096
3029107621
70804241
3266811709
58251690
29413575
206615270
3305405184
231095461
191125132
25318017
3325025921
3190008403
14580465
136226267
75485152
1470052502
1707248988
3047925973
550244049
199946313
1424631162
3024041428
457758145
637233762
2162339672
125145140
162635187
359648633
2475915278
20688419
1069089829
2214624368
702575607641722880
5981342
281096792
2429625187
200560659
1117449007
34629827
150423
33357204
4873891221
4881377180
304586355
168272647
231546312
426307553
17024832
49643436
2494293151
1522460095
19668518
2697448087
181620591
32513724
32135024
280340658
1880105924
869295769
4702944436
4089456875
57270505
3278655750
27176865
453022593
19747132
147219843
111966379
4397590636
24894885
170803700
338280716
3227775293
2226594138
3137728231
249584217
841695169
17491236
1853501047
563291636
352220646
330249052
27019150
3251211016
478823676
193679914
63187924
17721276
4849056259
2839063473
4082627653
344754757
926511942
329700799
15167351
49551182
364636986
418214001
1255972314
573692265
1918127900
380814711
999330271
39268667
56795814
4320824129
51052649
93895129
14078600
332360644
528665371
16447695
396635212
1916592739
46024434
3245986918
384884380
273969688
15185309
73934235
3558068665
1318890230
146862054
3234117677
20683945
22404558
2756108883
366052677
125635524
251585894
15607427
3550301
1321157678
176421832
135671354
103821832
27109024
120675100
702262938867003393
3289323060
314408213
3647403493
533456181
4917750527
702530786965086208
524601604
553838215
21576390
20532350
3279188035
244255244
2296570424
329803352
710394025
59119446
3273507296
219891218
114363587
3301779187
63041849
780383773
1131834690
1683513380
1132377396
485561425
701418213498728448
251973
16965828
210855281
1231378057
1956474146
54663791
338634847
2526461
17508707
27402087
279143622
3433445740
237272061
229210653
558074965
7813012
1261524692
1703687870
700590871750705152
15904572
87168860
29514126
25756082
724194990
701769187820179456
2658788201
150279435
23702962
272122615
26714519
14861049
38478995
441222989
132619297
22898439
15359044
16994876
222916327
309051609
1460991
2491630328
50512887
15738313
253966387
17881895
20709185
9481242
3050317744
20721114
19475677
323213810
626478291
609518408
1188951
463049147
468604444
23689569
14942480
168860510
95975284
1530137430
3331245919
1904523138
696770917347753984
195745327
3298608597
137436622
31530396
2187220087
545639726
587616545
12302602
1269896215
43157742
2586372601
2440822741
283124677
1090881594
203894210
2838926055
4894388456
586537140
76922155
197753327
2982563685
4555380253
3341900896
838775923
608120445
134837061
582628160
3379734261
11433
2700578436
1078103694
4804781509
84700516
2852192645
966396938
1171278848
1082543366
485255385
2401086943
400825361
391549521
14178705
50832208
4718291314
4813822584
463205390
180689783
2841935453
2484755092
20037364
363802570
3652206981
1406098056
1175531432
57948087
1424091109
155028259
4000787026
1151585798
26627193
86522813
932786203
59284795
701026789162881025
557874212
225858512
1861515002
38670441
3597486493
2976078214
2313446305
15373553
2696243754
24970695
572335601
122891257
26521072
4872046426
2801675511
336331660
111349810
273089741
551386394
4050617091
30678392
4852341121
793024560
4123443492
1518610057
585640407
4690623848
4650696199
1278701004
893931968
1602592411
146222153
17251562
2296086122
936377724
1268316872
16239176
3308421574
21051580
2815034223
630276471
932334229
388465395
14594816
27869683
18267995
160547782
3293151015
969795470
2472924734
123612477
15358364
882077492
62515907
3085578594
4132956969
18376481
13714012
4909312268
4860864949
732813998
2908564336
4919112251
1228423622
1078953703
1636253738
123680134
177945845
1136073162
372569155
42169834
21877685
70609229
2689598612
275155913
66310440
18425003
2353378285
30433707
4191232272
4201248492
801670524
998272130
1219440812
1136376198
3728505614
4486307304
16636942
3528286877
34833224
1142786125
329897297
70136026
137995407
520889201
41321399
57990544
77291548
1072899325
390217813
3390434447
2373146017
198889881
14777520
82704908
980537149
3185891
3225412644
13584132
29019050
44340995
1655985392
565841194
52414540
43626742
46643311
459550974
26619979
1409473490
454072986
167404741
152519082
1586155362
59534395
3307025032
3554907617
18768040
59247745
86635990
21750889
2796604470
79769344
73609214
14885398
26523
406174040
25535815
21817105
82830800
58459944
303748834
246033950
40927508
983746075
14285873
3121694591
15207703
272908922
236120749
4583324600
2684397283
2274197779
2429316031
160331914
53533131
16799868
14777504
66064479
2570466438
256607949
206825796
1665807648
2287571605
122166624
694739545133293568
52346179
14452322
138476492
126053953
336682439
430520902
52317297
498288308
452403403
3290921204
956103769
14232619
9487242
4807392015
472332812
93939491
2290190784
12140772
3223016259
2834072829
9977542
41471669
828964230
48560792
288981847
9136192
37704788
126502345
134884212
57503450
15430066
14888672
179676443
121514446
14535177
59675439
8355372
46497783
28221766
285256777
162036536
140832689
3248400592
708513
92935179
241296270
824639958
16257037
385621416
2215389512
180427631
3134840099
415809128
3296028461
217167916
68273177
424357049
103025846
21440022
12298142
1520049716
4688349373
709635912
4805530135
728309054
433731645
65202424
25645183
19788536
3358283722
14197945
15872670
433901612
326810572
18115238
167610601
2259905565
16586626
3195467395
153186638
2186123465
42107910
427155953
3397625238
19599904
3087509239
2563433317
20466127
375708690
3844676243
175819782
225379065
3361516707
407927031
14477458
84569716
15928027
17524139
1670611
50672187
1500442404
15075684
100677195
60105292
4855529813
2720661184
375935537
2246982318
28912098
3130978263
1712002860
37543573
249239001
42696990
4903480229
2454274405
115103928
294537916
69389951
57069465
106967653
1544046870
16079837
178868840
7372612
1262422675
2916638995
1658766511
16066721
2399927947
361431805
125324601
2372192396
2903697543
209902586
62677369
2218581547
52834025
101262902
942188742
226482490
269118577
75918073
42741261
390006479
2864136855
373095270
2900271836
108172223
219045676
197970367
56153168
25554266
329029726
14305753
2695258633
419728487
1269388428
3155086441
333668946
2559236948
2910835965
3266043493
479228341
43670147
1690738135
2813612226
2370556934
2214261092
1878490778
17727046
301218189
60848617
51428114
965457157
66998204
149994851
6206532
314419121
22134091
80005289
2598636408
173880987
35601422
26383705
21650450
342173739
184392222
16209080
33147287
443827514
3904053015
2493470628
20398936
2345625552
16316394
308998564
2855420578
4895348123
4632671934
450951052
14577701
18337592
2914169049
2736583380
7951032
175429004
788683
2401706264
4857682311
302807588
4860379280
4296809293
632489982
2593628462
453347031
299052351
1281971293
1308239858
17853610
316829849
2703861136
41691674
177804013
1527961370
536839499
151350172
3558042563
3900328576
3593033303
22920283
17811321
226244023
17488520
2496830232
2730024055
1637021982
110404608
2411414450
1406561671
466628359
18578905
17228689
121162213
2298620810
30211382
211946203
112683173
2890894198
3201401137
2612551
3514377918
210719582
112638046
3035874443
554327364
2537057130
303714952
23863298
229045266
38790294
131810348
116816359
60883202
78448210
2852397646
2365854457
34849989
4794723614
2331300858
35355763
480947438
23483816
160580520
113974264
174555409
2798094083
71610175
1653047737
276668921
54289927
125524036
2881827047
436325964
49955635
204146909
43707529
63615149
4698495733
522034028
522292545
27313028
1206136070
445338170
1889301
43713055
2305554522
3277831
204660244
369433521
269252353
4428133517
22868434
4807532417
696279114668314625
4522858823
1452811716
23350431
284624371
26565732
78961104
484083375
299525592
227173814
483825997
2834660943
318034222
137286756
496553550
19562837
587590727
808613348
331175654
2173154431
14789498
533533327
1451808590
304325496
2948794133
101710163
119646271
2290249658
2329658700
124289430
3134557709
625695541
2287469286
2835027759
93460935
2896647809
408501650
1172549509
2938605947
3307703392
224811897
14432679
750834295
3146685524
3302170846
1400610848
1063580948
308545968
103397528
582199192
2957100118
22799300
28275522
1686021493
233500339
3139224583
19638292
102266930
454164739
2485262480
547143184
59692814
100491843
370542121
19189179
144416472
138314734
134513946
1103257063
232912568
15627183
1969521079
878104466
34244519
23579436
1242270145
154637135
64531348
37917802
12650232
1540118688
2319572797
14516067
49869201
872054844
17366090
1253661
2952557518
192135286
855886999
865107138
971765340
2360842735
231615391
119225183
3087441763
1710323766
900369714
2274282930
600902765
368370629
281046761
2458997503
3222776054
3194849812
2998040414
17728735
2153382565
4528452629
1332371000
210711546
4693756093
1625426689
296049299
3052634376
190021480
2318397751
4882509208
85367043
4771209199
1587345456
29358502
10252232
17845482
98158750
153474919
50233797
13459402
1474193972
29498169
222451701
860646312
16376759
4172543463
4746598275
252509775
68089082
2904728278
416007249
95636991
3238356748
2306089717
66780722
1710851520
1480215145
52675345
20401165
1005316544
3466094715
22870443
140126508
2770255129
24686206
86351784
2935881376
2922766401
283447320
8276952
71906095
763993141
2548324032
14414484
394915941
110956679
98082051
1752371
16226069
24645398
29532294
2300317430
557535541
175451214
14083628
373805701
1686904346
2453251050
3063456810
1585662259
2298428454
115486341
1315501
1528845895
3362106731
26336319
14717783
432059554
752240846
3699567386
1596086317
406471829
36763662
4354480637
2514565577
3110588491
17515319
133440374
34983319
367820808
2942497783
77575897
16267003
13482842
3024180249
4364849475
172475275
472260107
3320605256
286827711
405020606
24951822
292398992
485475104
160060356
22663793
6769742
26756644
53208664
12796592
13342542
453224021
525142093
2961703868
3308712310
62020861
87650586
46287760
204544515
32348790
803843
342955406
4130057968
4603818460
53502657
496633126
1617455064
817742
2770419801
20704836
2799247604
1120959068
1969346438
18202183
4122718595
2656230888
70631330
136998623
14665249
24752071
55758937
199576549
3278888852
3380134366
185015831
18922453
97479046
263060869
269097051
873836948
2493199620
482395880
4726816334
134708168
557146222
24817386
1632581
2832089274
2349251
550869620
27277129
334255717
57193608
15089603
345511759
593205655
237994524
373416701
451602777
2154560281
4859652317
1081437342
91504541
128437179
489778435
2946758373
740329231
2608955617
436333431
114462687
3407543806
163852750
95744442
2596947432
236710233
560711367
3300324556
1189960940
90670373
220668684
543628583
6883712
428151039
1611708830
175706393
15749451
2581824805
1422858116
427657102
450655068
448358832
186021481
153226428
160195191
1641358165
111806824
1735288218
22028833
622974542
2225981692
843039806
1308189691
509907272
93649856
81897794
3806572872
1654348483
1967531
2462997775
208233921
503484846
4238038636
3028206635
18596100
19579983
14533696
21726856
50024072
135203072
234259724
181096240
287834396
410932504
4151393141
10315172
4349323573
138392932
132552290
1332307100
2415028044
41161308
97193687
3074888482
314846592
244214563
1354222932
50828933
3273080635
2483141372
135502488
250504861
3845086094
555749647
36105777
85806857
39173025
606423095
2243787523
390792129
4112471473
403179950
242437232
61360085
3404339223
137930404
4497587973
1231318004
29261752
19143309
3384269950
3245894623
565718534
139185285
1111207171
83238045
2153743237
33232200
3303457302
43930795
2876345515
1669512804
1351920236
253812984
955896944
2968479527
2850369585
544068252
61847800
481494408
112891519
1315353966
3296841787
1081
18453099
300755895
57125433
2680459453
1431143072
82978009
101012254
29855103
3329155378
382982878
16711026
3106413147
4860878548
339600495
14660541
164393025
36320009
4364529137
69158368
83784088
2502706398
252168843
3662157627
2314587912
3103688958
234377213
2834111307
3499491195
48713892
389920606
19634672
164793477
154130317
86605758
300989530
192398774
14162565
28980872
110833303
624717011
94857071
2970258455
316028413
21685896
633338002
2279784031
16419476
2394109711
4376680041
3951575533
216545285
4090670052
318696662
948385604
280058903
15250467
3389548923
745937425
542141202
1420627158
2461160965
286259434
406567788
85903461
284516390
308481239
557106382
102771775
246985911
32748534
3276735775
3936310300
2978202267
626801271
16746546
268639000
18319992
573623090
1678978488
63252219
124333418
3188653369
68697551
127440519
188031727
57037808
761674867
1467707474
2974952302
2894830785
3333123749
136621489
20195689
26698178
239596502
58601980
1132637930
26968702
2883303455
475609802
28154004
18598585
234064991
2228325108
3962911457
2911648871
461370327
112339659
2578933338
15001217
506163497
103757662
17865905
2394595166
2864750405
2543165288
3312291652
157293133
18922887
45619850
3940542629
85590279
25816258
19708412
251794083
44194500
111541773
263152035
1570701073
112815477
332748354
3289080948
129823130
453992830
14477013
440120349
490916652
15023803
2207601321
35295981
123376452
13135342
81473682
24235181
39223556
1456682540
1424012936
1298971
3036889249
2182544660
755553822
1036306387
388516475
337261399
3903261469
18098009
2322271627
992334290
3000912125
1099558375
2515034520
2170801166
17168267
3186817095
34568038
4730263002
2685672248
1638789637
17555015
15710190
795679856
3076799092
4442332262
3159673882
193186217
26570235
236864654
595044047
558338791
15418239
60887915
105632980
1007825714
217140906
279946685
508961837
65503906
968083621
71293576
2586761882
1162880935
4835050498
3620100795
103665880
133487462
42419001
85172936
59058590
1487282510
2444428398
22805201
4407503542
269185666
3312926479
1444227289
56566033
200063918
71927589
16502488
2281003261
177667712
1000072332
748985486
254344680
4278129856
1603301910
3438740969
26624205
27291488
132827708
2396307715
41802343
64956220
517949612
438048452
45861267
396558947
1365455960
385738597
58135089
82353184
15123270
2802563359
205912373
160830176
21442315
4786926015
3410957638
1461380587
2217961544
344625778
97255426
323897848
70736835
252519377
360524281
1925544996
4834301997
189235748
14200360
2919404941
3282865879
10335822
27503608
14121456
3044624536
31522218
364476368
817186320
2848599113
75631954
772472678
238959423
23055196
19570736
76880002
128146985
832002355
43506127
65779386
339874062
339821109
27806747
64725864
43222885
196571281
257521481
1459875000
35692057
287454141
24626105
1536619806
178083274
3070154176
1426865454
20063930
9671262
380524013
2896226188
281231752
26559854
817275920
2567720526
81884353
19217522
46178942
2898696380
840471055
12347372
54705917
3215774234
177381776
331939899
93960358
117655609
599506444
314578437
371017223
319976498
2208454384
644773
308448484
15041965
3224168702
398259300
586847900
325491676
81478724
70680377
38756545
14071045
2455119509
27961584
61725772
463812743
4548873627
570360062
38657514
1538903630
15612251
2247355933
463289468
3111246532
184560259
3000601366
1572902389
22907886
367343618
981942618
25498062
3941547923
2512494217
46802452
400339435
2704243920
2434375518
2885469635
17964954
75391358
3351869344
249246319
102327234
701662592
21445774
2458827456
106798034
243188636
132784678
86657116
93401039
531647851
379895737
4362985576
455697133
148395462
21598863
387669882
1108788001
84896934
2561905727
87931518
23945911
404529788
2548432560
32719162
158627601
1137877640
75041621
171894859
2376529428
621635427
943560056
216181900
18158084
5725012
15003228
16979997
895199508
491277864
34671794
394016579
15538015
234226403
50139985
92988024
124731301
1637385620
49817196
126934252
8465622
45379916
43266236
3051362662
4534735993
17591016
153218852
48438566
297778163
4780252772
1396160526
67453962
14081234
2451544076
705197647
75327299
2973525349
2252484904
85066222
2980857969
37302230
4172817117
13516612
3699817455
38543331
584147304
9554942
836074602
156666863
110219010
636754927
4580095214
3266851904
4711082114
1668888667
22179370
2786518308
2724530546
181015949
19415951
3019223881
14894067
66260367
13821312
2910936725
15598689
2494089157
1350746466
4578398539
41381940
419465461
3884729112
636371852
965733356
261553751
499014749
3188059750
144705996
16399751
178327020
18417818
1074139603
2249273792
74170411
8449542
28703779
154258124
2369761879
4721205862
1579889509
4828337741
118921641
221837723
160643546
1630330410
352615777
2992131753
22420947
3173123817
322050411
124447662
4575146353
78310765
1209633786
391528682
127379796
287759982
277497963
1194258817
21781675
10823742
254450702
15876961
3873598893
872554422
52752128
1976890536
2968815778
18333622
21626871
840723068
38658119
1112431
725553
231052151
22390036
2863872305
7619652
57905812
2730324583
2646572728
79715083
50069686
52084151
2929313936
119311172
2493749870
3822530849
1088776040
466560763
150198711
1688014843
3290857474
59784346
112835000
902219359
38595826
2414077567
41078131
242887980
2539401978
135699509
544791267
14234077
39277935
279183237
1716335726
3212139111
442681443
23764200
344847988
227453932
457454243
352182122
946964809
1647278306
16343608
911053897
2396670608
155301703
37522510
3155416236
505694866
124964282
23876003
2758694512
2189284332
85338499
170320629
58418015
263784036
51990546
3793244897
328984718
28729138
3064008301
567665280
2930630698
3182120718
124996437
19471962
2466698762
1292856452
536087812
67927650
3078571248
2536515216
281738086
28587991
3281115164
1000132536
931209758
224797403
4263557896
109585259
336489016
56745215
513780352
325303168
1383736885
30769038
4047120526
51116254
61768027
2970917491
1029428214
19703209
4279081403
14160792
14660015
86007932
111098490
393380458
9492382
68673902
426508776
19904067
4720033812
20148908
17620269
2321914602
46645291
1449022302
1109454030
496542938
561678609
2727403808
4352159426
21040879
912993967
4340259135
830947530
122122818
352977088
3421340114
68230988
300615384
3521772852
24571345
16797684
3236271693
18720140
312818215
890656112
1203379418
2834883587
1530867308
14403730
1280327874
23455259
20721177
4716229593
2499949403
1694939840
167760471
18220809
1239751939
573159714
3318726281
2796334270
1434252091
337017099
4568072119
46913844
3258839030
3380484975
112066327
149140357
370280057
2938881096
2641688154
4534862792
952599344
1633058688
10530602
581921853
17104208
240694705
43619502
476149277
1543220509
84567829
2807626661
2362869566
18265944
66350411
6629892
223285978
87621897
4480825525
1685920032
1284205116
3026242899
19059358
390031481
2727810595
21992513
109387632
1152320946
61359492
18065823
4644594673
320450227
444719297
373544495
1903643599
224310038
2437079335
84540992
50075678
245831013
15928703
2294747402
23498902
14210626
800636904
547319769
106084486
2920230966
117012843
377669986
297637365
46061864
56779262
440077936
23794104
39056196
24428875
386083909
39334658
351988271
551545790
3002897962
347388372
26229076
538865389
19669170
77897410
17683292
50023846
539923599
38673696
180400077
2211026786
845668484
329845934
14548994
1460288238
2729737471
25216751
1836033541
15363689
281672026
274735484
376955450
459708360
15291778
2507547980
17868628
183126267
100109338
193137522
239168881
27668067
23061032
3257947142
2368776817
116627873
246975853
87310622
19963948
17378080
36733850
23382520
2955475810
182391833
2327893866
113296029
28527548
2708918016
4113886579
40441888
2998662848
15906604
77380028
31703012
25152588
14403047
110756492
6936682
2221351512
3132242477
359815115
19641178
359515879
18188365
14881509
16831304
310669359
15357926
280255353
16192261
2813595584
15604422
11723032
159768150
15095435
440230499
26141105
299196677
13359172
50712650
13100312
3231245571
234548952
17310984
455927877
138883409
21357287
220454996
38236285
48782361
111246471
172036908
25950171
15455696
1281195656
374428089
93554475
18901370
54664802
3956926512
3150631
263720152
297592590
38548599
3392942289
14129789
141494428
1217296850
602000681
17748260
776242142
1464795668
65184534
539145917
864371989
249357133
2508102218
1219359986
29030168
7990152
17972520
1397001672
2613202892
3051761
2875832948
4357382243
1720636778
494759414
12249332
11856042
2917989884
1038800461
50026674
2264045246
23234810
505652301
3015044008
15748780
21173593
4523844075
3889017891
2996578273
107086297
2993271623
247378303
1055927612
279544013
81714813
958782325
160634779
2708947332
97525080
3394987618
241457780
2693278592
1271338237
25197389
17171142
1580580542
16294339
294207022
2854587984
131653373
474129493
1601313511
42812927
148042944
235102332
4186592183
38554001
25098213
2679991088
14048073
17324048
1120560870
2527079689
601830949
50166457
125322205
277522032
2941035967
260493946
452274147
87191724
2514249890
206705968
14511991
2171164520
2518140451
3090897645
3052899195
358037930
17095872
172758164
387766569
34304008
1717809529
3403139205
3353679059
42717015
7347012
16048951
2389717004
19170595
1851952753
24259655
277733566
44888703
149819888
30650214
480367054
2748944678
273406258
3731897535
235128200
22151621
1931881291
138473986
23850065
1374876098
3312710512
538793170
93478042
3311092194
1646831690
93572021
631816995
124786881
4495716078
3570631097
174392236
130019588
5885472
247134267
231304959
2465958361
785346816
3337713587
27580713
119775003
630792543
44294054
17069537
251423102
101149136
788352252
6462982
314844538
432901792
56871833
41109496
55465659
187228472
2699431099
24467082
1383619753
21693744
630584167
62977024
355326768
193097781
21714970
28702428
20864290
63776749
301144628
51462606
17000944
12031592
1280678582
100860445
115030146
47301020
385209858
923212814
113413278
300170715
1151244667
30498328
1072660489
151903568
184517281
221048950
198034541
225677067
17593700
15244821
2990242171
397455632
2959283556
2172863674
2601454297
623182154
68329262
1083629070
69539547
2967974540
92224237
588977829
21591726
23454093
40402785
340212738
861406453
544696041
175778161
263182687
1318978860
26789088
61633679
382753684
1133326087
3889051043
191610257
2748213749
297447292
531071768
3210944009
1305931862
1120878912
29500709
3259315412
15145579
130507718
3999461839
1551466922
397552220
35174889
161197793
1477840254
1558660795
4596430647
1686200137
95718878
31256191
37987371
15741261
499155772
21176937
3221683586
531061716
72044537
2588926297
15624715
3619736839
122470058
4017729677
2923093132
2358055304
99302889
3105451933
318416179
818392459
2254608426
2890683506
2181694040
2280389036
10351462
2423796073
2284323195
71135091
211292585
2557068542
36256614
6108862
3098137308
3941351055
14728101
589100561
2178784034
210823231
16580053
1867424311
2188711850
3460611618
872068304
803283674
374756027
2714985024
132989465
31050829
1031780299
4527791594
68569603
145757405
289391824
49071001
213379779
34993841
461274370
58274150
164811233
42818205
15013087
225631901
1333450093
793999634
579410926
2882890181
1334641704
59847378
3710631
541257023
1143254132
2547792943
318475212
2204478351
57275398
2586580315
4400245499
35609417
336790952
153154143
56366858
21285604
368696655
3028722898
95217142
4010622327
22812497
34081111
4583713694
849934045
2983242411
1587534475
2766229200
14493179
200777682
145865447
3718037532
221858613
156646490
3303049351
4519733713
443768861
3100195187
1114716782
22046753
25612482
20249612
389042458
21603021
2238579824
41988603
1675314811
576351618
167687472
140635836
62108366
123767543
84367808
18938704
254714599
488386891
980270245
3333138020
766342146
1419529129
2333037185
16444840
2510918438
267829489
3120728460
17119487
2903602481
461386746
110672423
579175256
364738438
30778626
17399078
173631389
16385451
138883315
612582639
2902394661
1887869653
2749304691
374588335
183071021
151370286
18854635
3269560658
19978041
355001374
52972078
1975356590
115646001
510208575
117196963
2765305910
109060301
3109954699
19384438
35071769
1278723324
526020620
2873651963
30395714
21004953
42662716
20351094
114493315
23121787
365107694
49702228
10312322
3116400626
390417992
3248689263
3245398179
182273573
633669446
434576050
499059925
807186013
194619305
19642069
169333907
111636400
124233927
1277980782
3185571794
198193514
191598808
43111757
580712306
17959429
31483470
4438975228
25544675
482865517
39365631
18191991
141237218
38402943
4309353313
1289369408
598854771
248316317
3238698409
407159966
288969591
17276792
4358109315
3032577337
1867648562
258280288
50775647
40608011
63346778
15688213
263249889
3306310658
3302936611
3028292259
1637526974
451562803
608783423
18296037
180844917
253533972
1268778571
240868923
68347680
90306518
3602811375
31620465
2799739845
347201605
472707520
983467615
390206957
29379179
2822060485
3167543085
12987612
355044835
228339018
17423994
14128528
60078353
146028565
356677855
342138494
224004273
3036740306
3072167873
1387630333
135155476
15147630
135940694
436870149
3068007413
59800960
15817736
46998371
2865646032
123963496
132303110
28300534
147651114
252842039
1097370984
24493485
1064137494
410309375
231821665
2242951903
96444134
19018639
99382284
105825161
1921473512
2602907059
3383915847
563238972
270207906
2324619379
716482519
470228264
83518253
46805148
18887796
42888581
224161598
3368824703
3363669262
2386365972
2204987942
75249758
3252340153
1604205546
101040161
582680152
38436516
405677235
348127618
254085913
112840863
25171521
3398805789
15344017
2744091598
1488804786
227530614
1860381812
17055162
378129564
365101425
3161724840
24681478
715852568
998264107
2253927542
132497337
200417181
49303660
80075840
191815030
19604213
14621191
2985526557
453263047
122981076
33358675
23242773
182520672
2933239210
2892967472
3003570179
51787944
85733270
1340512212
17201657
1470018516
72611647
2953385233
4511846657
114403364
239519898
637174463
172395973
26261828
4178610220
380759803
89409468
157749914
24357627
347820773
620187636
505257099
2261431183
167560077
1343085360
3758259555
3222709009
16534759
144941994
401438588
4274486352
2306095028
329184408
26491028
172292894
21341687
2244246086
2834497078
279963454
371116268
587518213
328745884
263807286
625357795
346807834
2235762170
199721895
2875937971
2872393719
2202910740
81305054
73622560
16825903
48292282
75911818
85144671
61992164
3304018493
11148202
3377356425
433888526
4300151300
30235998
20177797
554378917
116832158
142331814
50639835
952171274
14955583
40250606
18040060
229142817
4501612353
104056647
223603467
10032112
11894962
2900638693
2728413808
20665924
3803261
3300379417
2555232091
2940569172
34570038
334465608
6446772
9175912
9930912
15582157
15706235
17004026
17083396
18247087
18966061
21379853
21659631
31005278
34079088
58264531
67203194
69404063
71040545
80130557
80268810
112272245
114863834
188092633
191349533
225209448
263268740
381504847
3042642907
29838161
16416640
3828586393
861740504
17794313
15250808
164637736
37114611
4488817581
63952201
2389369152
25842919
61894406
1544463528
1860927313
3398408261
962701556
21227318
431607491
848890663
38487826
66739464
34909329
34789270
3251252886
193819186
3674991612
390593298
142350327
117469717
35425095
2334193298
2421213836
15234461
2649295608
63964057
3249634939
385063439
200252905
4459535712
248919902
953263176
88762664
1537831597
1907076355
3366246233
340861893
42173492
272833536
17270570
2445485070
21325030
1049894730
4113284661
2178437149
2292485710
21101545
3014168374
351500954
14534959
106907689
3089348339
577777402
188301014
2974771528
21233990
376463988
2329740272
316334523
13348
1059031664
3359810159
22684014
240339049
2271343302
544871278
3092170590
2816330005
3123647013
1884741524
16260347
73081987
501010881
522188340
3125087825
872125404
2852342252
4515591
35274824
748211767
568143078
164456299
2358302612
17105629
553114746
23026998
19808595
1398406388
1289251928
987471721
2794269986
1966147231
44362897
18642314
366333855
2808149393
338307225
47017660
4336554028
3030904449
21360154
2654333960
412763841
3325724261
3153718235
209439268
34415831
2980311131
302077603
703107143
36178462
7209262
4550091733
239320443
4549043966
3237609156
1342685480
451535174
14673782
54491749
2269621765
201554833
103897409
19190537
3386333403
2214284473
370119031
174934987
35036118
372254028
129343561
480389147
2534585173
3178634540
360452552
23567039
143198324
2292531990
9543092
27485335
82330132
624933747
316195310
10496982
2569338613
945626018
3180303416
14391490
483964459
14882943
342076372
4175060963
289933169
960527528
21651074
15557424
414889023
221105045
2644362546
83699646
154321380
42359019
15240491
341672120
26573545
1164848419
423584607
2805039324
282834747
7102592
3332347018
20826699
22003593
82379762
22039270
26173125
2350289484
579947405
777154537
20558673
3966564618
405976914
2684276732
47989063
69921260
242283430
143136451
2218769562
157611857
7698982
2953583434
153266090
2794441749
39211536
1084537196
60477982
4000429287
2729368482
3290414289
562312029
57564271
7963542
2527828914
2452956794
24948013
975773184
14275931
120939918
272442196
2356753082
16226484
262858846
1229988115
4127655742
146042779
3377158342
152600314
209383326
1527434052
27547061
190084768
385925115
1258255669
601270110
40009007
2745265624
703727837
229601393
618143282
888272563
1652729317
402081646
478788845
279323768
772712208
2606794428
366453298
2907353280
29997206
1603776690
3258921
85083523
83971999
92567328
20466935
15052810
17552103
31144866
1593026432
41922500
98737601
84365021
16794271
84217658
7548302
1098774102
3985362492
117955028
658133
12423822
631809931
3194285583
490790008
2460112627
423263324
19774102
297260955
595479894
2884588283
2960567151
3870458236
3356498177
3483558438
316071983
53112612
424255902
2766302075
291917907
11492222
348939799
432125598
82721258
71569249
183360905
263673315
272024668
2849983366
4412146655
21727456
128370270
3306546260
1951056752
39599450
1323379315
337090230
4497547813
14134180
261104505
1149134282
603092694
365935132
354075111
600831889
101368752
71802186
4480560433
2862320146
1730542104
4248875183
60737683
2612887771
2759339317
2325929232
27724986
3301105656
735153817
143018454
474807176
993933350
3904883241
349704256
2931418048
17218070
806905398
406300008
563937093
3247283614
3665193563
3230037654
3056220623
16925827
4156818861
3452457382
270735193
22959390
2891942755
141436841
2453019822
2738610022
15853925
233897505
85624857
603028356
292983104
39630473
2250938569
2228764388
54337748
228258302
3192090569
156355765
67104212
75873992
941895584
413822580
15937643
422928177
3824441177
1336171447
91855158
9478172
408155749
20831715
2905751261
435300413
498083879
2824605959
163936080
18057450
2895063292
3501322523
3374074929
52616703
15841369
575674477
4167136460
2235768434
226365433
2885072188
711125507
18460854
17059420
19405933
4214620463
90478485
149369663
1635495410
17993
147601558
15238168
3315488439
3300526697
14817416
3558427992
1860572094
23047213
392151043
820591831
96180619
3240302076
96215959
1598997302
240527238
91913026
39179240
21846523
1438200564
16807285
74378649
21875180
764357893
56329863
2232054102
205687589
16107530
3329807788
3219237728
40403099
330979892
1939065583
489543486
551133415
14570487
17737501
278714289
122272658
266696998
18926035
3319105395
253780952
1010810106
3148093653
252504967
2892714418
3389777709
3329438266
15487001
3385887023
16281313
17293493
3610550532
23074651
60852100
2865832152
38898845
3665160201
367422865
64114933
20831439
21437626
2759081185
12983292
358916492
147189159
3715359134
2552008939
105331049
18687393
3194074180
2363763883
1054233829
2178920484
66000639
2492974551
1452034232
134768466
96206569
2296698534
1598571691
2173478716
37531731
387168760
2975443662
16235511
52445432
90289067
3230056830
4238634809
257366771
235092091
383870415
105456686
281105249
3072162169
108922382
2208270116
123843071
2687593428
73179300
2776859940
703343528
4066984283
14592079
318487803
387729363
1287243025
75248956
14854407
2184180038
3928864933
4434912878
3906851
201071139
4302861748
3228239164
16788197
385192941
76345247
10070832
212173466
384448813
373995388
556081216
161894615
2908811867
17001481
138019564
1405600146
13241522
2998373858
1168345387
1136598588
86294875
33191379
2364448484
2202084955
31167477
20528789
83815822
3074309281
2350618435
112202905
35728314
89446736
1551641492
4152847077
41031524
274457718
2376517663
18466471
119665070
3080430259
544445066
2572731710
331659804
3389780968
1956099410
15806951
2577315127
20970338
19353866
59833562
81714979
3662766497
307386087
326119227
613322827
301602560
3666651333
4210798444
1071901771
316676106
95265687
296699116
4269514756
1226524939
3434036236
3908749701
3302890200
4177836381
20418727
21012335
44103681
4210180877
1329024559
444644842
12262062
3048024870
80559638
1897516992
3461776293
14921529
544313373
3250623839
326307853
1488304094
3027406554
3065996068
107200643
100176298
80523
25887466
17218105
242892729
16846753
14221435
19761654
3187137442
2498916260
487843025
13297112
2369212688
16915121
3317669487
3793101023
2389728948
2708046882
2904202325
14547107
434112497
1536148147
397347623
864611700
14192558
3055290779
39300267
13597232
69682411
2480095710
153998882
18948706
20254407
33098821
34282709
96684068
207323988
618134181
2425974974
18350887
19311403
196158880
302723984
211966508
2232916381
381590286
17130266
28993362
139881836
452445070
2387300448
1161389766
20924564
3311152882
14077987
2496620960
17620713
3145791739
6767112
874749901
258000917
290339454
632797331
880800066
3165009256
340496549
421009521
325033822
145479560
1688461530
2477098986
292800435
15086810
20283282
3608208437
3775492212
22695157
1903491594
125457958
34967682
3069374368
2993157516
280035308
25055049
3249031584
92252202
16495353
1880605026
5844172
49343943
302679293
2493692059
151688952
203047071
2823723215
2976822263
50538109
373577149
132301166
17982905
17101840
1099260463
21581475
3348432946
82914993
2476760928
900095719
2485612531
3092986571
432809496
1534118731
1152148741
19181549
50237892
90379747
557994420
3205810511
254847305
3263261868
3005628437
2883977478
2564035200
2740222241
31732300
89688876
146482540
18229080
2638950678
383987330
209054410
2689699855
432039996
14608555
19877608
2744631368
318094772
14703748
2774062997
591017088
3086804368
14408850
1683299671
41613051
97520750
2953437898
38048892
93926581
5024721
56639526
2755277992
248015689
202270780
853350110
2347119438
24104292
1246523150
120596672
601551966
622328302
1194836258
987359311
43499376
2858766976
102927215
16622656
80370426
3119514154
15467499
23959413
405890226
839893555
165488758
3356374539
40295027
14584037
3431278661
51676730
3004200040
15446225
4312274739
2945427250
261772908
258137944
628590711
28419864
169083205
14886553
15697562
121881387
232722610
3392430503
3040081832
23181999
2815501129
4166219745
2379170818
26737530
4274572455
2826695573
16986565
76619348
3293436906
1198334227
3326881803
125770001
183096466
372497412
16677018
291587088
23360923
4017270733
3472113326
18700659
3062127810
2911724494
608379751
2497141021
15052005
513364459
3972501543
87772971
2224089876
2458364964
125218969
331053692
2890144549
36441081
375358940
864301266
18667304
493036829
186745885
46845868
8200352
2563472726
2956383599
2955936560
3307393872
2476876034
159129192
3408858430
1063757358
14190150
255528437
3239548662
3900156616
15082919
2834362226
3611350815
3290972756
40094317
1216409971
3085430041
3091826001
201599930
20582624
2389072844
1908199112
3255718138
1377326713
33344949
56341262
700365513
947551560
234245570
14914938
86773118
182803171
13742022
2478571296
135922295
295096707
16672252
2883207407
483644693
3033070437
3092024219
28816576
1000886101
2975164901
2223714900
66666740
19764664
3104798174
1942602356
4139909177
48829726
170971760
33853031
22324550
54066216
2360633671
334523821
2913908180
119167052
1277839994
3100154947
411845007
3019718151
975850759
496533384
3381016444
392369660
3346571303
79343232
972320850
3063518762
46151484
7682732
1877306700
114744695
30150841
1371771720
17614965
115075038
965009928
14788521
47503085
2580528011
3008452249
2430010441
32296305
21541715
20593022
1092089610
11389092
4377231
14603257
16612859
3303546409
395392225
2329598671
17833714
353607215
11967802
1306421856
113022733
397420911
3389292688
2355121538
2710855916
3344486583
589059046
16201819
95463872
19286692
3093539559
2473781526
246310223
2516411
19158873
54240972
244966820
214481585
299507350
15863055
50106200
1410050066
1105028833
3854105123
45960810
919332373
1827907981
61161882
272880887
527540530
4041127907
97293920
17536486
29521136
1871726144
31066479
4172087009
190700045
67682704
31310594
280501352
3184064357
266852516
3395135895
969779503
2981571369
2893466710
216136728
172251560
3823830195
2858784273
120301294
26421875
149975223
34563430
124523575
15098780
235725320
546915756
2835537186
2747783100
36477922
17822126
48138708
453545415
257262998
81744373
1864196653
3533100683
389492887
14432287
176026330
95011064
3346433056
2915422142
68612274
3064266184
749160470
3218837148
2199746384
32880916
619230830
3438250311
3022975736
231663221
74829206
2993619796
7512
357689527
2213625602
2222044092
232579938
2250496242
856037461
411460504
1184624024
3018247336
2405442102
42495288
16702987
2604353948
2976965171
15609508
2202360891
305401549
18915286
938335874
373585286
17243913
73814642
3757913057
91852035
3300499816
1079561251
478843973
113593801
156766500
1571869188
117408145
249634320
552094012
143977199
304259639
14773632
18619647
1265154386
554867743
3307418953
2456009694
3312082356
31596965
3025015287
1556280006
1215919712
60963089
86592717
211399314
18235928
1397957780
18754877
4107861382
338648691
2397051
35393775
222533891
1657566524
3876278113
145313224
887202210
3420890733
4041342401
2996614735
22441421
223833082
3866120294
20898989
43874512
765250111
245372244
30241345
3368847431
24159216
2929003502
49647323
175861342
2783486083
485835126
57106936
348667570
3271611
26494028
3289448836
188403822
2243161
15751750
2552674447
90795703
1958710430
390457251
2327936714
1218859896
1186548805
300580006
145045845
2971358400
22087064
507432318
61009401
232998886
115104550
2724700593
551662064
117671544
3215394317
349134063
2704855789
2552774610
191914406
478149782
15014747
17490510
96973752
3315252511
569960469
2380038870
2570567083
74715811
3024469669
23153991
20974043
114454607
103241102
36937396
3237229994
175433916
91263160
771668400
37903274
2713401384
19912099
2165341368
155908569
105187070
144214679
14552510
44849373
476731128
2448259963
86655070
168393498
3302152606
72531955
193030139
360484543
1548134941
1449933086
119011652
67216469
59285586
3421547945
3130903137
2497336783
415394417
2361405564
184055284
1386582200
3013512075
28479136
14502632
20346512
16248520
3806582299
249560043
57218055
17130566
292817585
381628791
18056602
3063401946
89728787
2871597841
248364443
263367369
30282520
38245373
2979184912
36986456
275819519
6323412
22027111
308177639
377652581
1231325480
219727619
34493952
108739270
299190644
2680128806
422134762
297495046
187204812
386230610
37321213
408842450
47464300
3011991904
2207499042
2487882576
23761484
2291889978
1355073548
921609360
1188253200
1216553618
946498020
252907524
161718680
32451329
28366978
3190935444
1073313384
205274572
26681244
844631
1454402720
138902361
45153967
2675106601
1920537168
3947734217
2820164764
3910596868
3618468314
17657301
3271174657
14716890
2478740720
2423515364
26729587
3415605057
21164266
1004960875
1558002517
147518293
2940782531
60630907
19905124
3145710282
600627915
586588125
3245942665
3070315745
3300636321
2425487850
2874015152
1190530476
76862633
1094425722
97289556
461876864
3438131158
2903827469
1616442464
2687243863
2296773182
51690623
35114020
834250716
1045854992
110905994
4201266579
311944675
118366588
394968275
39770849
540217054
128073024
97353743
2884496633
288376816
97403875
12300472
16031595
516623960
3290806001
58800236
13821902
6034992
3258031678
3238778019
26526677
33998786
3727152321
132951057
2840764072
23239656
2166985021
459662512
3547412657
34354722
85293919
93972605
2405104164
319939901
28850071
42092647
2653586448
298043299
2436582918
3029411654
2982251581
188662146
52604899
467807028
1665487231
3312842801
247707787
374146740
133226044
1540904623
2181881737
229762182
606904673
389122549
859353043
3835854494
45374440
2162903036
1545283813
132514239
2341344842
2466956790
17455384
49483364
15063486
433287204
34878201
2651716056
1095462055
994271869
624918105
4057945480
20524237
3084400787
434685559
1390638685
18875075
3863568581
317370343
430099416
2872870185
3432596375
34400798
1214092328
1857320455
17463291
42566224
325743233
128020227
29959495
112110550
252777601
389946569
4009304782
513128718
1946723772
14832903
3107627341
2840846385
52214417
13126722
257777268
223145087
2744549464
31350724
19197117
27105906
314764239
51557597
11667542
3220310913
14453711
47722061
2176358690
474314063
2509093970
2275465694
2445606120
21170191
2977558316
2399717452
184985946
1934428261
1306508185
309997967
267714359
2163418261
346033962
2829107923
57260327
190450243
3622891877
37893586
2813223643
2356405906
559398769
2280334273
356183126
211232914
523199603
3314542538
55947413
3372703693
1069876447
50433717
2458976682
3195767491
3198199292
2159590053
1912441448
1438472683
20842557
2907551047
54010785
3165760617
17638015
1898355206
1665808369
64331621
214977397
915314664
91039220
2822649532
18293952
1396508934
199618708
382024982
452441092
78014820
3841067114
2357280020
513715595
1090188828
124312779
1533242173
116931791
511188111
18525143
2171920025
2458992049
3107099542
2376738714
326979560
3309626888
1628031595
797583686
102947405
2174895866
429112432
8880932
164398059
143134601
236614300
18317222
46444989
250686301
45048508
2959572593
221454558
95571923
43911956
408260554
220933890
949997083
50056033
106807799
816636666
371902119
2640982922
15566503
1945168638
278239174
19330076
2859819989
2992424178
623488340
15343458
164230707
93477853
237418375
192496048
3008523833
9610782
602968045
3726422657
2159501904
70839592
150243808
29961541
498524909
289366240
2651651450
2991647087
3315654064
358840662
1355685355
113052260
93781753
23829268
2298403772
2968164783
2586653215
2388986522
3030856263
2586003739
168114973
3355889093
2982029017
90598880
2255433241
252300935
804388
54938044
14909931
203274695
153973750
245855482
2271084384
1495991444
14400160
2252638299
2786278220
3373051393
3032365103
87457059
3256901449
1705051814
2607099188
55641253
2812286534
1382444376
2294237630
3641477297
2298036668
310706595
612937808
3261946174
15444160
3392011295
102365764
3352670693
2585797700
31386921
1356530628
42671211
96392207
2769376430
236509496
3245339241
586887461
2908367804
404201866
125732638
45371510
2610081858
103742936
1400556716
3016721910
15313476
1865005212
837514105
9344772
287845105
16878165
99878575
2223954964
3679612875
85697886
88948058
876159428
39198015
153162719
24973319
557440595
20530141
867113114
3221314867
281937830
183739052
442787706
373865827
898382538
1115123052
2878738660
108467313
1358507497
428114764
2785939783
1003659794
3314377656
333276686
749295937
3301443703
2985259830
173404099
1722270049
172413707
3111496845
3220082054
8695392
2416536936
37153105
1677656462
17781830
861765444
4128566832
99519349
1834576148
3023519918
1367974088
250362250
573843078
3179112729
3031192491
1416500532
2297053591
1466830381
40515777
2998435804
18408384
434925026
3313823769
293094033
244682029
2837290711
351860076
329867759
82391040
32396881
2169896028
380815419
188070727
17074244
1537362068
2971235485
3321741524
1369252586
42886353
2257889272
246010139
576500275
2423637911
220256794
1545334122
19539314
399163987
3447582501
2417675062
3242937847
27369370
18805467
15732953
19705250
16232997
14562685
108398607
1489444692
844389278
23218742
952242212
16264803
2725305810
17528527
520085549
11345912
500801661
2816689776
17070707
2709849428
232698219
55825564
116694293
1330964576
17476056
2985066926
26035290
218763665
3830934132
55283186
232918353
3873588374
19160502
862454294
26697372
1067351514
4093780461
275377546
15362639
36741186
102800830
2786775092
30000927
462754174
64942189
1544327005
3165718302
22993560
51435706
19383954
22494356
3433409413
19803656
57110095
1366191697
380630818
186639725
33603070
560509154
63857055
616454050
2215836319
495769129
16879496
14514289
126389280
24928296
2788083120
329597846
232683299
414818587
226931837
2845189413
32696488
25159242
36137946
839637595
7712452
17981275
323031698
1095085909
3816665602
2453562690
183488582
3430174737
203951741
447508721
2888942986
477356399
2493728833
120736422
42487875
330509397
1009594412
23876361
156919789
6534322
213936621
51461659
2587986109
18313732
221311996
27686549
1029845102
486039978
2292410690
243607389
20771732
2749434022
2294070522
190365190
2242711280
2166274363
17075185
193699557
1200819426
16600770
14673498
2743340278
2795963903
1547464519
33471123
20052156
2294239836
378643729
718127834
19851429
968954413
3386902813
1061679608
51588108
2848340942
29271892
91884097
2680350607
1463153148
88765309
52490622
44894078
187000697
3410141362
218615120
2709242035
24628838
3468912951
27800446
176502196
59224146
1529321880
249001177
1934444845
9019272
1726381
15249154
16491888
307490445
123040985
2510302532
3580419736
19517625
102454587
310536282
33769838
2885209558
133469060
2774767052
3763382060
2824874224
62898482
34613650
1098118962
2743279563
569932508
14377967
3778995381
489855788
714307909
1228278002
2869001952
2913058284
151318234
70031115
33065974
2798819495
217791533
75554186
816005827
304999091
16296264
576748344
3416997166
208568172
100338893
95165819
825726638
2477250799
19179543
2679381079
122476783
2744665069
134550240
124160965
3314776324
2917850519
213222099
50228468
533644155
554185998
16422305
251057871
420275724
1122634170
65130553
3260461698
3025827185
133769431
79607415
2986632010
472829432
1663877108
54877719
725147936
3289535499
3422759541
3167941782
42034114
3428240735
849143508
849009469
17591391
14253412
1171517802
54353031
34046676
2961574276
289124324
53355218
2204673175
3955972097
2886122584
2899022680
1292463336
253807310
45263135
2653731380
28824136
15586551
119480392
129513629
765340
59019882
1966319184
27481725
97728804
3547242687
66951747
8523822
3158043492
3312772830
2303771754
3439636402
2682731720
3152162411
6354572
128292231
48308532
3403429336
2342763606
323281282
2828131771
27337338
15985661
2742947221
3726351317
3608951535
2584595419
3299311831
2461039243
197657553
2926542426
308778581
3006275550
192399496
116650489
3082018533
186959254
3347976880
495169549
2930624413
1489703012
2566024088
801331
18373300
1550814752
2608836077
3733315452
3550404437
147278149
17205632
2192857932
1603271329
363543006
425046755
76018680
2368464956
1864174380
3072374349
68956545
393463327
2222097204
1386338574
96791042
2811277578
612643589
24498209
3635537609
1268814596
3526366901
68996739
1924528525
14990393
14274717
16705952
164037051
401537184
36477529
62554155
2263235551
33826931
1304055830
39844095
405046828
92037419
2349820694
23356655
236742170
119709983
27037934
460912855
1019146357
16616737
2330737879
19074822
36031722
111998965
60964525
3181092193
2524486552
236543753
2986185936
32382727
1084650420
1573873243
2241486025
19688728
3320582573
1634544032
3250921679
1279696446
138170712
2784387195
3130023875
1468044979
700975728
54776795
3015981636
191648580
85789565
28416537
16185081
3626138007
10544092
2391815167
819275988
352289827
15515943
3072606045
10370302
565600293
55428811
312051744
262343673
263319850
406471262
3598974556
18767480
152548005
1513961743
42131359
3891722477
141957785
403649381
456061913
3339389805
27935118
193928004
28902085
1088745859
834466861
32561419
87475277
1084301546
17375271
19023939
40233400
422829532
29651794
3035838837
25349131
2209299949
3295185845
1443148500
22898586
978384540
235014162
297875306
867962701
2336023076
94326962
18406335
791670
47714847
3063248732
879161563
147662339
1933042237
27190363
267113991
300985934
1220653532
3953897038
2988711209
78045423
3318313118
298445351
2728404687
18746811
35825462
558252030
2881564432
3319041606
1441561524
3542053034
3997419681
3284049211
1433427858
85734225
2975157867
143143757
3313593236
320140189
24719097
299685250
56693118
577282452
222429809
40302302
411614232
2589397946
2416307101
185043925
37530359
17744500
14468929
86106088
2393107628
18151673
14098762
2550927050
3700286236
24716475
974310126
2840065283
3298951071
2650946497
2968256134
19637347
2890241509
1704772676
597772534
369319801
3330953351
103881024
413184504
743425195
29917270
3408941919
997232365
613653
566859182
95139797
24267691
634625208
625387724
118220558
1667533718
2431546572
112885820
2973019456
75885864
2761651285
42839960
322098733
2572712341
3816887620
186394312
3519134541
1625562108
1694222562
1241987934
7167682
338418669
13225162
142031780
1201876490
947372622
2361707564
14345948
3426471705
1855804627
3212870427
22091828
3233806596
3353223891
3100083030
85509895
3307227342
75639425
207301850
300503569
1237109474
2977739695
402898302
1430903382
1400861136
723955802
411186710
919717296
33165731
162780857
138597987
67316778
118462039
18638264
488152532
1862896188
360157046
1477965025
2383237099
264962685
3300160004
65968436
3172946056
148470856
3142847186
2521030569
1139777384
3884027399
148979396
1489965960
29244919
23728821
140285620
3323174614
27313635
725710124
615929711
201269579
16847602
1635629952
45833204
3242478362
1539856062
1021727994
2889389923
95237896
42300159
24764474
2224814407
3140730555
38827803
2602002446
721221434
30597262
3309930138
897018036
2217179035
20083542
3003965377
114486324
1923017490
11014912
3353150901
3292537569
308178539
21932901
21195588
30226890
1072225812
508829007
127062517
2434237440
62548795
1351355239
330593599
240423441
1038077978
3172025382
3517794853
21823607
9379772
1084422602
847893096
2148283928
728936576
101431978
35183784
24567155
223868478
281848943
137136609
17536294
368589162
314867627
620501864
27205177
149162807
361216096
249712302
205057226
863593375
1310704368
134245108
1084734284
16046786
17879144
2753751338
29180891
2549577372
2168142372
2444522904
374391222
392931376
423805445
1428590718
3376939527
2389316726
2560185632
17785796
2458702890
105869281
400456501
128263630
1320125328
400646160
116768076
44409456
1107942319
51785547
390380539
340364935
985562372
933572617
1465449000
2834759461
197972234
1666962024
15427447
212330963
139774537
2790276490
32549410
1934827622
88679425
99353474
62600792
112176808
218831867
1436002800
101817796
790792927
3308241717
845665676
234310063
1535921808
1666507562
98862961
14976542
332541277
76455162
19694376
2962354199
426495587
402943114
62349984
67860744
3220718059
278214197
217411958
14905019
1518785761
2287972855
367119568
1036143098
863031
43296233
44269435
19474957
3115791480
15064632
2988098648
2200513530
2290298516
135363099
486214325
14646702
3578199555
16223360
6177462
112196068
1642596972
2207619619
10744682
407723602
351117596
3249058616
433172256
2562806323
23857123
3253849170
59771693
1935716222
15403317
41429272
8406952
116802083
403970670
35342568
455148625
1339734283
3044852884
393425241
260840740
3977009356
221055875
148577275
2970345362
18925187
16058280
889041782
760125176
376123022
1662485388
154656051
710153106
1359201932
549587666
1407152268
806650375
14455025
15744281
2818072130
730549963
13110582
21836409
17846500
3646567093
20477352
46686796
16668557
575686689
1887904790
3905273419
258700856
312708923
2533022738
2208435702
3300470351
467482719
118584529
425294761
352052000
179528102
3098939758
60623678
128480563
2305792104
465650107
36756014
186518044
487103501
3066052803
1931962086
1013181337
3331601777
564003710
3018061911
25167011
93702254
3434549961
363819410
36715738
15584414
3504550336
3260693269
292606540
544070850
40082786
48054674
46960175
2333298307
2856121255
2611569302
3845228248
476443251
2326520929
16339851
2289730088
357549987
13066242
26283439
75222479
3218081
54742726
509430566
13093882
2492533687
152350229
108796231
2493907346
897519410
1688521572
1472235164
262286758
15818192
174733655
17910820
2491026564
18514142
385833059
27841516
19556945
20045629
70365806
2874803581
3243648855
546313843
19047089
3212210242
17952739
14973035
278718784
154249227
919224253
3123824687
2430569816
107778444
39185614
1196702316
1262804191
14410479
88973080
226543868
3307023834
499202288
2354778918
251274267
15475461
15707539
488519273
3114422673
3694258883
203488848
3424182177
36894495
125023371
3187037706
180898368
3047751019
229216948
263310004
4000089219
137727876
83087340
95779946
3865734973
289593179
24428509
212340948
61757331
273946504
462596952
106002709
2947664161
233886177
2368171399
74446486
2806518560
3215241623
196915521
2793295682
311795739
14915769
2338927909
456011245
3091544963
40842905
626092814
17583828
23650401
387199017
2337990169
17088183
2178741153
3298031861
3188941237
39764016
3270948535
791387264
3358721998
222872365
3379965132
39816414
59613076
90147096
22471775
25986245
162033248
3711283756
3922336281
14923485
28405213
20796478
741637770
234037111
16468097
3240981439
2278819154
392515122
246302520
23077168
331560317
3327399081
18977402
3157507137
21166130
2399776482
1697430242
809804250
338971612
65662035
2865081626
26947221
1949496523
44887679
83649618
22111831
932646043
2252241674
51245521
362634077
15108801
389462437
600697293
4850261
2756895843
56412485
98650991
3854112501
2932112376
70862896
124080649
23251100
216731170
362559633
96704053
1972006597
205362526
301481396
21383096
29301963
1670474090
14628960
49313899
122636236
2845462895
12512312
1383096284
73421945
16522303
3929357991
19443326
3883152133
2451264151
2757485411
409675751
3039929661
29811390
1005999660
15944443
2842339199
317244810
3021958339
982225746
52441344
21279340
239529181
191209416
1161103308
234962679
2982172648
3779004134
126104240
3331740892
3285383033
2384326501
3158160799
177960501
2619861660
2350015015
40510519
77309416
35846463
627456572
346919442
908904612
932922624
2928878047
381430478
273595724
141694261
1122502634
338480805
1036578944
3280979995
101321544
15290567
17940504
323128918
53018982
1528181420
70979689
1901493907
109688109
479758700
360751666
774777169
2809305756
3382561570
75258016
2449543501
2909224811
2845060916
1101087414
3041232857
2404840614
2166616483
3071466048
71078775
3015210604
967369051
373447444
163953595
237737876
888471289
3394813841
3017688144
2835084657
211381018
3149973561
469748676
19663388
110556913
1548899748
2479204729
25665666
132297553
10048772
224553092
85225317
94572535
18197800
17506774
15678167
41390008
295234692
22986573
27359224
558225686
3527735956
561728347
28830480
3149366831
470124167
2535455623
57742502
184754790
224059796
1341462944
1688425327
624036203
2294049537
37396748
2434643466
2436003696
28511335
1632855667
5681692
602700831
113410319
21320757
3406395628
2149967342
3336020532
3402538955
265439909
165429225
89654698
96779709
748625558
3238976441
3416401272
3167401950
14654999
885031699
3299789101
917308346
3852800835
3071009390
1566723570
2886080854
192171500
21951350
2298150138
595045074
3351725236
1164561944
3000372784
3362286839
28031609
27644740
14781333
2603666365
19720110
3221409332
25503051
3044848660
2517810986
22043931
29512523
276613188
3383235023
3252674607
158499613
2679918566
1199278140
1965348956
15400055
3003686526
301707302
3239277839
16836943
3378868779
3027431134
1546153346
1344476419
17051560
1400335483
567231881
259395702
2402201132
599414960
102665471
2826835662
37088884
17461469
333662068
1033217443
39810281
16992816
17632558
377976890
21114642
8941952
16016318
194274255
14825303
2916246091
66588279
7959682
312753882
58881472
113672911
3000520921
3596042658
135046052
3015652600
44493305
2789904284
1246968564
17195902
22658970
40747858
18863694
16900850
2936472931
236487888
193169857
2823730616
2421133596
379485725
17552472
2819611444
3070025839
1978888866
545628954
365779677
570940685
477082728
29135913
3020237321
1482786620
2610351414
324967809
3221325143
2994357479
3276323316
2264328750
120404414
2328196453
738369480
40526819
1965011929
3340114907
3358720972
2365954740
27769716
196091656
250615004
52676173
2898820330
2227491955
37321863
3382437539
3380876050
55825423
2749364971
2700678739
487238096
105491314
3383582523
245816337
876371215
9748572
1441785312
231582712
21377716
14207981
3193073724
143529215
179791072
599365854
74946728
94042741
2887044870
34270059
2412580496
1447023979
3099697258
2686714304
311188349
3291214863
277726754
1241348886
1954293848
266118698
3140684175
2984160987
252013741
3312861212
606632299
22421817
3130906425
20697730
438241605
219133377
266042053
64781526
308374898
25297191
24048368
2929799369
5812922
3264810931
2414609995
20679956
2788962315
17984489
3165542805
2804118414
37060055
389357766
15735797
437512477
346615771
243904832
2362162477
3220114441
3118761073
3119425245
141094032
44364619
13116062
3221729677
2995164038
12069152
3719728283
2905588209
2394891914
2983982208
18998480
250505839
18818627
312658843
3497268500
2847971041
574793335
2327579196
257215644
845116070
3317071989
108394178
43471549
2458769658
3189096823
14198170
14080905
54292056
713740910
2884006791
2937534765
19895837
197222147
106220335
135945569
40092076
3305554235
388345834
2764382230
132275131
21542465
18234672
111689516
50763889
2544610068
3062939842
59300201
175326192
40404150
409381435
1041206244
40267414
86573208
1192646244
176489385
60388902
123763808
1343734783
490334484
3247570660
15039436
248387053
3505709895
815951162
219328467
23236025
55932311
252182302
272141779
15013580
176869187
82986441
103737956
1207667768
21110060
21714938
1458747120
75925454
57995000
255796190
14193619
2439408840
14262772
384939128
254998228
263874101
68419396
2883163606
3573690792
12221542
17303277
590788952
3151144560
2840559765
2812469135
63166549
224383563
30457059
816388
2734419859
3072501010
23313549
48321391
350802962
22644286
3322805343
60049728
492741234
1929377150
3244976710
379561947
55801465
14167488
104751201
326424648
473091702
604840570
36520014
23185924
1674244704
1700869604
394480640
396445047
2761190452
2958296033
971727542
1332797402
2842117505
176299018
3080532999
34620350
1228995708
323828583
139665268
14526565
368220333
39688321
46002458
72288444
144798844
3275233465
633287684
11123152
360071927
331631952
192427420
1148468588
1121743712
25343598
2732540457
285320418
107159228
3569203461
2876735254
161307651
199496002
207646281
15987393
47865477
1319460450
16816193
16528347
636551433
538471168
108296764
888709201
28622733
647043
2335506524
1431018116
3121625552
356677104
840049189
15227000
3210746499
1374161844
1077
2987043321
548289544
30818857
3342781467
1933991155
3028174781
42028934
26253881
2724419645
3333368728
116926997
2491819189
2239121443
3188371547
2888507784
54175456
3392756063
128971011
86221621
3428503901
104492859
146482367
42856058
74414258
19853390
218224914
27193844
2370162936
712085406
20859603
132638474
1109648851
13438732
2865878339
2474532349
417697277
2825881717
280175711
17862853
775004180
452336962
370314644
20209411
2316980689
237786643
1634239256
160527484
1443680444
14162782
2350567654
3201764127
790095841
111471781
142415963
3351965650
435712899
450217139
70964050
92990106
106804211
717981264
2364562272
106546420
9158962
374776894
3322361208
3341956413
2936423687
1455832038
620090058
1426631756
79993544
3302504669
2243838393
373572769
3036872494
2553468265
71165327
2341139364
2651465136
3753782000
14456429
1483204369
76858995
299674182
825370843
26021707
2970047044
3270417480
2572844671
15440836
3687411736
15280716
210684204
2416966164
454310560
14442882
14578519
7040692
1243967316
179237428
2496633000
2891899191
2883789715
279705384
391479811
19142691
17731073
151951272
1545372552
233491567
127936182
1713944696
50143871
22838617
34565940
14790645
18261163
2452992871
173520886
17798223
80512142
50650913
25273882
3288747763
440978471
96343813
273383
1279357490
399313157
71775004
2792480833
2927245389
18686463
2885651399
205675351
15354310
18794180
40847455
2168146596
14327878
115068072
136690988
11546352
479869733
14065217
202292172
2900439489
49876550
41090635
210269467
1513020254
2303344784
9613362
187990590
70410097
459606630
3467932693
392338947
884280516
611862241
360828932
376211514
89631469
2215713913
355243825
268970389
333231062
3805648756
1314107029
15064461
11992092
470207320
221250067
195040056
294468159
1976317832
1949571554
3460751
213012926
3481063939
271069429
174721795
10786122
3040870893
15024873
1043347442
2651536566
62953421
15624618
111743
336455442
37863767
559645467
366781752
377774048
3017263971
278208730
117955980
3025870761
1426388498
203656418
3162988484
1361737512
3114363537
3314284633
104457604
15899236
306705939
197922146
1397824460
16943688
75403678
2187364709
2843786155
2860289139
26213291
501361279
29733577
818237828
1115140063
1633632828
14165240
3222142715
27684167
1240355022
3060539594
322858096
173244056
819074610
2392562743
281585654
20955533
13813962
45672225
36231371
178200075
20455155
366902825
3000092890
2467214520
573952371
1431153979
193931137
1719498912
18435068
488293885
3381266386
1098464611
856450920
33025520
618172850
15223215
1547074368
23841163
1603927854
18450530
19017255
864313800
1365120415
473548058
181221694
7702262
113370630
227090683
3409038683
468290519
3006208432
2803707541
2362923008
35307545
463257833
15221598
2709441722
2485574457
64627074
3300666637
156113195
277120302
14051156
172946850
44171091
729793656
384864322
3457881
2801546377
1106075215
1472630587
24269672
1176401
259613476
3288275572
2981416481
2800131685
3179053051
710984797
1622790582
3119794018
3258861908
15221719
579751192
85823225
156961213
2648145426
3063246702
1070242490
15077906
19569136
33519061
1520285611
19305327
3219106116
2220416131
59705943
35010621
3400807594
16813249
3343070651
488605055
82923378
555307309
2646362509
825885175
547232187
324421084
296291978
9880322
3483963022
709404201
8820652
11673662
1695010238
110773526
246417233
514224011
48236165
14563023
3192987447
2162697578
123568642
17462337
147470258
135257449
162279801
1192629493
23011352
11099652
1570918244
252230017
1541529385
2872443545
112011205
1469939162
23600276
3087607881
2399936364
80530081
908930785
378859462
151424861
104427378
2358581372
249714058
2757482466
39724278
2234501989
232282275
1378797913
14926165
312302273
3064727697
3698637254
380541929
2831243034
3270317689
246836992
1961091234
103521190
90895234
2613588408
18149467
1011391975
2302468187
557996780
1040958458
51161632
435150335
53409654
78237632
263885810
2301518658
34743353
69250260
14646840
21830548
297315219
1469245129
321537306
21861727
1140234342
2991079026
3746991923
14297098
631186634
509345118
1311162936
2175002503
2987359185
201412682
1945085910
24046313
2413022749
134870262
312129169
2981081101
385740612
1120299122
35911813
3781804456
41609472
30650843
1024618400
3287712828
1873260786
483771071
1701844382
1157591702
346908191
192900152
5391902
14086866
57334102
309216771
149652449
16563452
14855279
1092479468
380879472
40885665
15120121
98645919
2237170628
2227813789
2467520784
1918819380
6037142
219963788
3718152683
69469543
25207508
1627677426
3044572529
13339272
37519398
3311462010
3023573672
420078732
19356110
15297345
524286247
46691793
2892228652
140557330
1853509957
1184096065
292929271
2395123376
396873624
873194467
2425417938
1312121269
85605116
25187181
3230388598
9695792
24214463
13740992
305156182
37956761
2219233555
3005938624
24361337
169115069
101298982
3315871729
577572681
3222813805
150094067
117992261
237682259
3408001901
43906009
113342694
1434834684
3248703728
415023121
75320373
2293248432
117499963
2253863555
2557119372
2416460214
23832360
19924489
61011524
3151567475
535546519
288263636
3131593425
370081269
435951628
2148926575
2815294256
18137828
156599297
2348216820
133686392
239445130
3425016862
1450627562
362471511
2155219346
2286920017
2538476593
3052899904
70203502
406013931
3454234940
3612516675
145153948
17736063
111092144
1272089772
16248345
974512370
1897153693
2987955574
1397354186
3283387044
3095206450
1196351934
3431124093
241081812
2435584472
888986803
16182628
44165283
2492039959
22411342
113108098
978735865
61217401
2377570901
16783728
70461418
2328784292
152983323
73369950
138310025
2558133955
160717738
148265638
15303630
3248235795
1198738070
55442731
2797749424
62738687
290921340
634868288
2541913297
615825079
479546275
3684083056
219031924
2458188217
2596599632
65458306
1953379280
122014550
437674175
109174667
113609653
250328358
1359746353
3004061963
2809510001
1065928513
426269454
2825823722
313297573
22142824
18418080
220446802
512193898
2358554612
213793315
75006040
729841404
2613948271
2869103268
2981494378
2936445343
2807286999
52090515
30327848
135833838
2474250338
1923637494
3094540755
300511943
949336879
1571342084
1872674299
14846470
37040897
3064563015
7886782
3611573422
629558842
15989022
583921132
2855916984
131575586
367280954
20241114
495439448
1686179899
55165860
1444067226
1728097759
18189149
1033626252
171607002
3418646976
191449523
590994371
30449115
280586643
2973999293
775177915
126087729
3603133227
313755690
3243704296
361032828
233507101
573515119
611295355
25753768
932957318
436611833
2881182347
2473573699
3285714750
3261576049
318644578
271537626
2408888221
116557347
3369874873
712370244
523971759
64975978
126312307
326828117
2876333066
1267527457
3553323080
628661472
2615490127
246145420
1574065873
14968527
1621091173
105234548
16536804
1526061026
1109638910
1094325727
2325767473
335079091
244035744
20944292
178708210
208139326
225396149
1719781873
1951800572
2391164419
221456143
550632815
1478478967
3107964997
1002133868
222467872
3439692435
23507468
3319167856
2841481948
2800428764
132456693
2277632947
2961078124
2479516946
3417541533
305024851
121246513
3322001000
172345858
3219422522
2589295104
1397458430
424657192
603724114
2894744309
2868750902
3165946324
21990172
300822233
14987172
987961472
29521350
211512548
2413792766
986781888
242694813
30627024
2158981464
2651131370
315282264
2335519226
43156555
427958206
2571023162
2856913936
1880716164
77525513
26633226
79672823
2278047084
3426986992
2290216609
2998447743
844811516
286233279
2776542967
235652866
5687272
15228449
38500649
261736294
2890501217
1682177671
544639042
1379830590
41366404
3359874192
213405505
34237399
140033814
968856324
18843840
74769014
15632350
1882306320
2837684879
87799880
3096590594
341569182
187476053
7271232
513077355
3017196845
169875402
2935241181
125157653
15680097
14801984
352132317
95025717
940736467
370329077
2238730818
14439075
2796827730
49570729
568923488
79128254
79306607
43452450
2414012077
3236707304
2525262385
213119979
3130830526
213089808
17519611
156579524
3268407937
18331127
14399552
331272906
54408703
3589385476
424807781
106771994
2966803771
21772531
65573803
77447401
37724320
1465596830
635009607
3142069295
373972312
3357823389
3158451439
39771865
59617171
2377303741
20710292
19097519
2340584042
473901712
9427962
15711951
22162666
295326066
100277835
538147752
913740637
1918997802
26953029
17953435
334944657
156093411
174281519
86806495
1135299488
14816579
2276760961
2837637671
959688355
23399204
2783992357
1408137253
2261885623
2783248858
2719803561
1957226478
86161407
2200199862
340018305
398789167
55623038
408864365
1403330635
260968332
85622212
1041556056
2378055060
830470375
149772434
21431324
1542946087
83873842
20103589
3194632802
1359968023
3599739316
108301398
430414407
1130798108
2244203258
95948501
266851301
2545655084
40764388
420156855
27988818
2911840384
3253756706
3070231033
96204813
18458747
172699937
35731120
2810557465
250598300
115571071
369627599
13677632
1465065524
2202688975
257749682
3527008396
3187048251
16795104
1004248644
2788486628
62241451
33721957
2313786127
2783810095
1530513469
1711421197
2482739635
3016756833
29061728
33761909
226539829
1527754159
2231822382
1808851
2176039356
2583884485
17084958
275155940
432800621
1664581460
22228286
499418612
161740961
3384319769
237100848
3068744238
41271644
187271889
15595903
752162378
3384519400
14433572
3619045515
190701322
2196203149
13525362
3312365828
24669428
58560915
3249974724
10801172
32198841
27878891
2838531233
369583633
14291673
17905508
3348527247
17564954
44679444
1341557828
14519349
2228759396
73891680
2451195702
32299532
9070372
1342464920
3287919141
600959521
487762901
2917003436
60349138
30245510
2459187270
56070628
236946013
2862947009
54514059
3021297897
317936494
440169023
919743937
17823198
2155342483
3208166061
382971801
3407443054
92123507
562855718
20826753
3248496840
2242188218
477962564
93810994
132211562
389636325
2849075205
3293079775
3129248519
2295217322
270325260
543928898
1475383028
1686144043
15259359
1069351
2328406791
389602055
150852908
37852719
2600173543
3395399572
565074307
36629392
3389694106
390166321
203931578
3074675437
450802238
40268126
42337411
16044407
959492120
2932701865
3550494495
2880397532
286185263
19160819
1591361107
451855076
554757120
1092120835
3134143892
2528908448
1228215930
8521762
19906932
45747471
271870078
2848614079
77919208
2875600925
2928086177
2381933521
21376588
1329619934
191498091
119228939
348414859
250708329
2870911366
61916190
22274653
184824226
3302846847
31416666
221077719
1953892484
19411505
162437804
433147899
18159783
3267223932
1001628985
221088789
21672825
233853593
992348502
148687303
19976871
786223237
30615927
163582516
3235339552
923331074
56125431
3175513689
2678554854
275186939
302049915
3102831805
2369126468
150458565
14257897
2505360090
15393226
2873555710
1576689973
19045859
297850712
796504652
26458434
69611624
3313700838
3169916217
47270985
1357976521
7019512
406975565
17333183
487011092
493083938
2384440559
3513234677
409580346
46053965
123085589
237824796
34786569
375697099
3166019412
903074324
487162457
147374788
517495068
285118383
121434453
16557497
140477924
900241945
49643444
513660968
103831753
2580636774
240013122
506596477
2168904518
842642004
2353056272
2902335980
1005912596
1132205024
3221325240
3382425434
3288446133
934459903
49901937
2903023016
171818091
2797980684
946507549
492890318
192533689
116909103
2303538841
175922415
17467196
15799959
18987123
3276685639
82345091
3121119976
3280374638
555351508
2494225975
48829629
243997987
1435730690
11146322
2807600952
121920035
1153995726
773238775
156716455
339341760
136709880
5940642
2707436346
94446379
522827657
107069240
483862860
2379791
16693622
35657575
327549326
2433035562
2340605852
55477622
2824047174
1966372123
2887586003
31404094
44685670
32746730
2728434075
2436923282
88399832
2158336085
27090356
558934972
325722993
47528565
22707820
14256615
447536508
46740603
16234004
29879755
36895136
2349640188
142296497
175256722
314211387
1534830200
14645490
1723048436
2262298772
238664986
47202037
738139099
107413274
17484046
1526276143
16582932
2477946732
421852120
478878156
260353653
267500833
2944241870
24292277
234614811
1861147704
2902884724
46751860
250805173
81849067
466888584
875083231
341664664
2652372895
3246323595
2473963118
2868398797
2567231701
3254927419
2439244411
3138655999
17014498
2484331177
27515462
2431060873
258957276
449026354
126797981
14352195
266634532
1383186056
2350808685
165899886
19159504
939613218
175743717
2963669695
946471628
1260549048
340474121
2203775736
576154617
352632733
558856151
116994131
273987936
2598721676
41668035
38454900
1943338261
2811640454
2195485505
107523645
21299246
23411720
108848641
3171500599
41453909
1499026446
82941870
279081461
15861981
488713596
45261013
2554169870
719773604
2745374954
32499690
3016713518
20435347
633726823
92798598
35208567
2608727736
47866630
2835610800
2857452438
1347854892
1319310247
3092412831
2460216512
23591140
712495862
747047516
512242310
2831595396
254984613
3164966581
944031
1252191
23493445
172846897
15875119
48514926
2282706721
2273084101
3128855143
3342408969
1617603914
86766927
481503819
29281762
14604049
42651013
36848221
262637172
1241003604
69414196
15391280
123383059
2400274933
752874133
21116664
107396887
2697859279
3229589879
1683472572
14259167
3010471567
2352903282
2307107947
1538718654
3185778067
1279790160
166857011
131749962
309641864
45653882
399910718
2395975728
765548905
384677659
46476526
906205117
3097650699
1374799134
28547302
16520708
979402656
2831335907
3092114945
90136852
73432856
1621263949
283080534
81074936
807724400
20336437
635329903
2576661460
400939901
95450043
2464318718
322159371
585828679
22065098
2676697789
2777106183
38229929
2895706557
18648225
102697154
55732227
3160251995
37245962
3297768168
2168145180
60921062
107165311
14600151
3014507804
1146644354
432357250
396837978
355802712
208693559
249694585
420362575
1674881040
2251499280
2304346701
611203680
278163869
16008179
18525227
2931154869
221210313
3071700085
54384777
116812226
49189777
10653602
181182416
1639136786
33057154
1449744306
151193855
10314702
284326589
3038517061
1328170368
2925160535
39204563
402920992
3384749639
3207843383
796971
54717933
2683915872
601642054
910694557
234685222
29724534
42093759
2207459569
23776997
49797191
14137033
46689347
29648122
577698746
221441326
489578976
3234054924
300193472
2724745646
481905835
76966092
1931960364
307405397
803918455
171018747
2362245963
30037177
3227727644
1738822142
570664609
327184784
2767303416
16688102
887225066
156303065
2961540833
7282232
252599458
2343555259
1158981506
3251115747
618840573
2844314051
402944504
364065813
30061372
1732624986
2767843313
2594394726
759826807
154002144
1856980754
335364907
2340709405
3307013060
376540316
18415825
1426697155
19927676
3024034564
27580569
1684763856
75049621
2872605324
448445992
116856931
2573949973
236219191
873592850
23367786
1652865734
3151849616
2235156894
276576139
3166514130
2186667937
117037094
232644888
1850484768
3077388101
323998361
402596222
61129799
18462961
3391629657
108698830
1532357965
14476550
2205151879
82343076
16883326
17962270
801376502
3223617440
3257941644
3021314001
72507328
15703122
2493094016
3092742851
52221847
82656296
1454159912
2164850889
298704683
724221672
1887486780
14201559
392696986
2152942698
18104730
243264557
1306929954
554665485
1345476306
98427656
3259917235
1260746250
2591741106
15517570
3224594526
3090084821
96863903
2724563966
3308565569
227423290
362035439
3350622809
3189230557
138025615
2205581646
19485870
30369173
71485153
50013926
16976447
2374416325
1960673214
43079465
3184535677
3296864902
135365574
3220116774
2985317041
3292824165
383399899
323265196
3235256730
3323526915
3202282299
348031110
2716627642
21392684
37077144
291283577
2834086999
25009140
2540534136
482944485
2651517961
3229263121
2733229934
718756777
3302631026
1266895316
14499048
3077247304
36452486
2862519153
209792558
394335195
137410750
2836936615
2290139234
996952435
95931173
139706745
2181982195
42609957
981931820
139493986
76619358
3319153379
15018422
1567871052
2917797668
3287225246
2821124254
2896052759
2831881450
7512842
464859826
19691332
2387461947
3174757378
258003493
138526255
322565898
1078226190
39570785
2829956570
913658046
450002126
111207319
160664621
479352902
8339942
280574256
197529558
339425126
529012028
336699210
322044490
12517
131983221
433559813
80002483
1062177913
14616778
36099478
27844693
37233478
3291192658
14162740
1965847669
392640280
3229932246
2783558430
28409795
26705006
2934078309
511223459
885733974
2658569068
18443859
576095233
1961835793
110217937
2353813255
2413235786
39608074
2922058187
23701497
1890842214
14486811
2575486273
3316498659
1600858730
2415505866
2190146204
100572547
22315431
487256024
321512830
1321442262
44387382
557261308
1954217863
3271606572
28311242
3308420319
2564172839
75983963
2386379966
80964276
49624762
3123413072
48331264
3343056023
2440013852
211218234
27093960
247211567
898981976
34684126
2523388484
1890992798
2727917184
1317763788
2258341844
2161496167
388547610
2929179196
1183559792
1714558692
42417984
2700730813
418110975
47291507
454312032
45237150
224312795
106297732
2493153577
1952076517
177989708
2391602148
3287770334
204385630
14516679
28322593
25145737
1703246636
2790795553
2467903831
291815624
2157417348
933143924
60531157
234876597
2674808767
274025383
2856127725
41776692
90852674
780722634
339832905
3238361180
917411364
1442024714
131472597
40278053
3253714729
16217035
173509720
46509768
57705515
2353540664
1595436770
2509672735
2462150372
15804664
3220919414
2332346413
1332586657
3124154953
3308473913
90394398
1145369852
3349148831
226085885
393421408
1326596677
1625296296
353766222
572157338
3119108940
2588109960
2856077508
22272296
63613393
326665662
341305870
2776891332
3186468955
2841393586
218024954
2489473195
18645658
21690812
3387871373
217199982
1335002192
322116425
1486159278
2393063119
60653539
20946980
2834500233
386848583
3123131857
20680809
388388380
2613500317
974070222
3011135918
2189564845
299209182
3155080709
40587059
460830455
24537191
188784693
29566832
3255432271
2598267734
2400940238
3068066516
15446520
83632808
9525952
2903166644
1370265020
2393149859
340218019
79025322
1223010289
52659564
16654025
118190428
2806255638
2744976774
119792450
139357267
2980855935
108752802
2590726476
1026350821
297078708
833070439
161128380
2455382858
95237672
417222908
2530724647
2851029789
2902168621
253719198
2311357256
231505530
314065655
11702772
14379514
1177175629
2842672325
17486092
326357389
10039022
237212201
17490402
63326325
19427242
2207606742
891199597
2253477378
1447574600
2888647905
75996133
2256965582
14550893
197464628
353307210
459492917
95263650
773619012
144657491
2582151336
499095115
2578998578
2781666948
2258735522
2450179968
236103149
3294457060
17393362
1235833945
2922015099
3068616891
2790693637
17352782
554475807
69032059
23555746
113036231
170672110
3375288010
128218482
36647234
2274921
15791655
18185124
39651447
456582197
3058483209
15063429
2315258520
2473562271
136184888
18446605
2917394612
2580790656
2889627101
517346119
19713521
944050200
260116297
43668054
2550199736
3002670163
16617061
3371107978
351719287
2315770448
14492347
118766205
626409243
3010489474
3019978625
959564347
2834597675
216095591
269926686
2356701126
20649501
738561462
825369847
2664667260
732010909
41642457
87327779
1033028106
307128983
14274372
14763855
2207491537
58569413
3305036153
14440117
18758318
316544211
240943344
15244628
17563531
17536679
48475777
786668760
585573270
2260690748
3042237100
131466968
544068464
1957619118
2803551290
3252766650
542107405
14336585
26094126
1851359713
31270821
373326355
582583835
3149593591
394279338
195830320
38712999
444240428
263320787
3031804453
466657619
3072307880
29939467
2240590166
8252602
27381885
34971242
461897882
610337941
3286706611
582037702
244712325
15231287
296879022
575653352
19922496
59451569
629119415
2452006230
1613586074
400962072
725625818
3151799921
124874544
325860286
92365832
324120350
2506418161
2943402326
351732275
3237571000
53434947
3198439335
3003123571
2547347199
1667102390
2872365302
350117387
634042498
2497644805
1558118652
1017451476
277706998
3372441113
157257876
2249884134
24269951
19864150
3060944283
207067943
3245631819
14134851
57251326
273661708
53898323
3226680689
2440041410
3159248533
2174091655
2979949425
519360122
2949980805
16828265
3027816061
2572244346
2846580298
3146996978
2883864873
14148308
101756565
136412579
55021400
589423381
3183885532
103257336
3314047642
475639825
445990838
46046503
2856920883
2814132798
20628702
538911632
458920828
16694698
1858278324
148591151
263425576
92579975
15377115
102130798
2989338740
9573592
9818032
185919321
3241301863
403947786
3210877971
2499737527
833547914
42729326
1920091782
18174991
3178677536
40012474
441960065
1670321934
308014962
1502567329
1346646384
3302024751
53889610
3022974200
2797602696
2911238715
1471044564
2575113361
42671569
280826651
3068192021
103119389
40351345
353875935
65580211
2513341416
589843036
293577814
1097659375
1688664710
3281858653
115111956
1590565345
52540603
1096006928
68237684
2462079870
475473300
3283166059
87391189
465450519
17429238
264105633
39787689
412964089
382584903
5352542
340405264
41406777
98493430
2885617666
203424680
3282346458
1051878806
729463381
97756889
317667782
19848777
191920757
2872661847
480308756
943839720
1386276872
40842944
1634825258
58388736
2780353149
819181700
376302246
2159649743
2417595128
2887288601
1097899015
368469727
1268592211
3011156911
1673035759
14979315
121234981
3050079314
318565504
37391190
10870512
3005422162
1670355056
127181267
3098822445
2836528966
24411256
3192488074
2441856824
319721647
2892864408
2837805051
35805070
8071902
71150938
1931811601
37660948
25684226
2324385440
1691099317
76572162
29963041
2166348872
45374708
3351799102
1337341842
1615008583
223712827
146476357
560967760
2740147945
112998934
14986598
1562716898
1073388390
738288895
37063596
791758063
279585613
3262087058
118001996
9078772
1966430233
3243037826
529794801
296320946
2763955280
416949345
25324378
22773313
2989323842
1925700409
42363766
336890449
1633839500
15210060
2935435659
271079476
2699238715
2445162480
1670317824
407103524
858431798
19654799
2870752193
2565303138
633156440
58726374
16020412
1064932981
338266703
29130296
342660627
2300391498
48287169
2740563252
567839716
2385538538
779436421
97378390
2750276617
311554184
333565721
2955450147
1609253480
3187679997
2210366030
2315903988
68971853
151805556
168156012
480740230
78895525
2239800114
17365144
1896166172
882131
423396956
147757354
43215971
200165158
611147774
3091428232
16938744
2984595436
101602358
94392939
16040887
2429621444
2402144976
119014795
432660738
2872159845
288859635
1577632891
3358339749
16450602
1670707770
46121518
3016704371
615855679
2410798578
155602705
34258311
583383887
166925953
3111139607
250397837
18882079
3358473160
17201158
22493195
592647367
2646734352
3064594997
608795362
3306785879
556649719
489173086
1304765785
152944874
19608771
3006500511
15842588
3056312982
149293701
3350625009
489131866
91135990
53763766
956395021
43113344
977632286
346084664
3053126874
130757089
115132643
142342983
49311606
16047616
3106148338
30747766
2608245109
555619139
3082325184
7661422
47503235
280273787
405961717
1452762344
45984138
1216125972
3081345050
2295491696
3423521
1117383192
17462121
2900465603
970078196
2931937996
99147325
1924116656
15721278
626629546
15203873
2766073483
108985609
14941706
214002647
396631317
14297050
118269391
49620984
217538774
2896511547
2259141228
15158654
432432520
3097189175
258840610
79737790
107721194
31815657
789622728
42646236
34484622
3226507833
14666277
3149379939
161527599
2374787460
1970038374
1024837878
39540686
327931795
3227389735
397173733
3045508942
55207986
635957337
251239244
3053703029
330510566
2220476149
19426806
312142109
732645804
1692211585
83910168
1492123178
3052715055
19364849
234470696
478157338
3115094398
3365332126
26971462
3237252124
591008504
339893997
410198184
3224999591
123371410
1145825354
3101949927
2392862702
3093123446
2846061576
78706788
2902189351
365669727
62178427
312927309
66988786
2295209874
260472941
458380068
131577129
90272103
3118860841
18522848
7909542
1487249858
2257206785
107087487
1315240788
3115488491
3313461562
816175952
2897881165
130822947
3164001
16818897
367926511
2301899748
57158676
2401335536
18840892
370138838
449959348
112970794
3158732868
1279618789
1866243193
1684626314
2745868903
761672456
2848312080
19684844
2727833233
3131102986
134234167
2805034963
2831697120
1638855829
2874821464
2559948445
15887809
16428935
2284066573
15369949
143132045
352526493
3179800200
61608747
2906862160
2559607064
3147423772
16856404
52000010
365983113
291859435
2851635909
2722015274
374418115
387540934
263561282
391895017
391841309
386984653
386982135
259605825
391843044
386974910
373244816
15199103
938898656
2937952835
14810783
235000433
20674137
17010913
564887075
58572674
2994551949
2371401
369705071
1347462090
362997842
2934841552
2292179365
399255492
358905141
374351661
373218616
253448218
219993349
373206076
256895069
253402630
385300898
390078852
385310907
371655167
374413055
371662737
388751998
385305897
388733279
374420899
533800563
387084835
259600762
373236704
201844748
372190721
253456607
253400265
260118316
253397593
390001131
2463171847
387081366
374356999
144400453
373238880
2994225446
13301812
346705172
2183234774
38848092
3212996542
11388432
317128520
1688693335
31716155
1319406326
802315068
16874598
9980782
371238397
3054903650
2983402295
2729389253
3163984174
3130567797
22906175
485722389
1565273664
50677180
1535434712
176636351
793961694
3070213319
53006008
361862111
3165968983
2330340402
165808050
2201680657
42208855
1613957024
305036494
205879657
2367331278
26859475
308033833
2939863535
2992041357
190804002
3039086303
116369099
16261638
23326889
1598722416
833983921
119695537
2473750225
870652734
2363136859
24001338
46587980
1713583140
3236333414
2951106493
403942389
53234546
757365218
2203798553
36586348
1869027252
30317113
113147859
550500722
16035846
2806378419
24371047
20964319
265488048
1870417183
1635828884
46783856
2648549317
115827236
24167818
2565607694
17700988
323864582
1535045923
2889241946
272674112
1632220008
134818435
2538807746
2479444358
601093406
569229676
249613529
31272094
1040373240
19368241
9147682
2838914400
2800091112
2986622362
2983817817
2768854125
2786821499
3250060374
2161784425
797816052
3351433059
3065871448
57497901
1430572368
3246190991
2822423647
511043145
3071597650
2489841308
1923709316
860045623
2858533652
17909176
3266002690
317378810
2784330777
3152329430
528055712
2976540321
294924825
2353970503
149176270
2823033751
3312382811
19199743
166203501
2752581299
3294779224
1684248258
531162864
3010593099
567327907
1541083321
2612429682
18008330
93643238
2569326841
2916386836
386047805
3340252623
3341133491
46415654
381032464
2548407828
17836135
212044853
2244931813
3249975732
720567793
23396106
312550665
3312089771
3173205078
2667834210
292778552
26527783
2228476873
1470705733
3332259363
1604252203
2207972657
15155910
181565136
150546196
3686081
15695513
21624573
141209349
19026245
366877481
31497295
12460762
361726712
1705286461
2995021588
215309395
20320066
1415798540
113311172
380245624
921733909
285229333
260800287
32751312
1122895302
3321118019
472476382
2514451069
17463660
2939874825
2326375554
19968933
2168920129
75286784
293338829
24745651
108196946
149819916
416370934
397993662
317419222
50407802
80909699
40575452
336053144
14297863
431117390
114085960
894057794
22882552
40607969
17986973
188970040
1553777455
31160337
1963995792
2284042892
3165523041
30054059
215633041
17600826
2522529224
48893830
3226315997
2693651845
630398973
208665126
2777736876
126873871
2541870626
39952775
3100186674
396489715
864001974
29767978
1255365642
2205347496
745950049
83185208
422906292
2950085505
23422289
16392208
23648764
3166841615
3246515683
18040878
2891852394
228942497
1890557202
243371409
18906101
191802914
2885096288
2475300714
2820218494
2837967381
1925488975
2954083592
2372162220
419734592
1498643821
192190443
3337633121
543086454
25500313
31724888
328885060
18942306
1299771734
191029020
2718263383
17495376
28262754
1007689958
19375950
18183592
2489222034
1954450843
3092673376
895504572
273603872
230760685
1148935339
396320889
1447181714
14847675
312783905
594722705
3164953124
3226014124
44325173
348410007
2435905878
3081763893
171923859
16904934
47631298
17250561
51527922
468742756
901136634
166505377
18878415
3102832214
2180220617
426860600
86383412
19949173
2473859444
18006839
1403248484
2961953411
444542807
141578177
2237160805
16030937
1254978090
48699398
37905924
14242942
22334574
1332531464
195956090
16296664
15287589
15184929
54481399
3239737873
1569842137
349983523
2223737724
383750692
2583600613
215581580
14055312
17922912
2755134351
9272612
2267213155
15067623
204366811
32428493
174202615
2787910568
1163835134
39580859
64937313
2365377655
2190943688
441462419
1612813927
381923790
20866214
5933372
189700598
495195803
19841754
2560597072
30386355
463129666
21389328
195815858
22056895
2808262836
165087408
3219491224
82047247
78029386
625999265
1530798020
2802972853
33597955
2873139462
1010094835
493609953
84057363
15081182
19143891
121555276
792338988
527334899
480805219
32969755
161075365
2951144265
25165065
423413632
178088717
561632213
1669147039
128500019
25478066
3246529312
1670321922
245710272
3120930189
16296326
3308185109
3106270132
3069634662
23095882
3068387200
1238556817
1372209122
483514360
21638088
338142466
1056772195
1597582880
15627107
253663760
52819606
445200866
34398748
3245274129
377032968
2812347568
277803855
1065588529
15066876
164775233
1335484993
3241599682
34181122
14970071
113359452
2882688844
1911363446
296090920
178600857
1658317374
589445056
3231069715
39930469
1859165473
203831851
129627917
392648934
350766681
14711197
1673011244
871152554
1669131266
1674904705
40551290
715317523
138150238
2811564636
20711407
16941968
1924008932
2414709972
124282606
23960551
3296408169
318117812
1301997679
2929360625
1965279847
172359524
128676094
24366116
12874852
37098500
29658846
1206780888
37215608
309907767
128406314
19083212
2953882639
2485151124
2503615952
500929942
270440825
33229929
539182254
148576093
365905239
2849273041
2949608369
2491216016
3196115290
588465294
1419037717
3086297902
2459478132
2351975592
54924529
85614136
21716789
15783666
2491711158
25280569
532374319
2606832023
17372409
14218961
1383134496
381749333
590403799
1172557789
3300750579
1122906733
1961201833
569915255
298768006
14111013
97678226
774683335
2872766429
18794485
28320528
744840216
86347722
14591721
317642206
2687891508
631214216
3239406024
103673680
409256035
26576388
30494847
2867396188
2923718618
110989773
31360226
22871495
11035782
256921454
44444038
3082216558
338088518
2889202758
14353242
3187359674
241397314
14432446
2865681305
3297352720
14431400
1878327829
18910068
31503314
2772076953
988071074
3042625857
2796554942
3153842614
276770554
350757083
3114610490
3075260063
2440019922
2901960251
50194961
3187821492
498345501
3253207314
1897941284
1478204994
85021241
3001569055
44464678
43951442
2899845169
2347292334
492537066
2910685183
49081015
2164557895
513752992
1338622628
3038322519
2235781596
115679415
3237988164
1460496601
855465590
2584044030
464360959
359472668
3004314908
70104645
3065976813
614993122
129886742
3021494812
2322794999
2390126424
3005125645
547537854
897458767
15484753
525005120
965977867
16500556
565103969
994206757
316561297
420913977
3330030280
528083110
40970261
1576931762
33731493
397702430
23461759
322949031
318898025
25678651
2258993298
390905408
555031989
209219793
449273927
35103215
24051331
27453762
1181233099
23049758
3308757117
2825012323
19365378
754556
3311828213
3150235633
271493742
65178314
23639144
448513009
3264253966
289502013
1630399429
17293930
3314092144
89526469
3204612287
2985795585
130974356
2586295676
458218347
2903842941
41160991
91342874
1930146834
21632543
20713197
382008044
106317487
92415827
611074036
342864030
1684075976
518753324
276067298
443016500
37976351
433137670
106374504
1446324528
261680103
326056593
13944372
505903512
949911516
18458170
280373675
375412036
395249282
343763479
531788784
3070143324
2842844908
1260312326
30463691
390376405
39828423
3063639554
257526453
2388085244
317781535
52998511
3007403301
3111659948
215850600
15006817
170404126
122366186
14996908
221650526
45879513
96796920
75225695
33178160
360231532
1024244078
10748252
34169185
49413866
66064952
39748948
110897594
2548749337
3298902809
594885552
42186383
14579415
2337086216
2451019128
316604903
432759971
354582942
864964650
15689760
561634788
1977666888
52032103
310272790
3005887937
130079738
141189815
708178010
2312652361
2865576850
794303460
2804588240
2821557884
527317092
339769044
3242011260
2218488435
35797450
455824904
1095275665
322802999
25458378
21364005
2596157862
42209938
1533808926
268886174
173787102
3161381109
182104983
2781802409
234955082
2618899069
398101505
16437390
965254819
491112050
16535575
42669964
3186887832
72862379
407066998
133232715
105207569
26391721
3239465238
1611640464
87989672
3222291459
15177871
28610770
17033708
35830434
1256204010
299264437
2492389062
396924086
746645017
1530221353
2801140221
2832071580
99561903
866169901
13608142
2225455051
446038377
91300887
442850307
2344205665
2578240705
3240287871
2648967667
8884642
2781237043
199276124
182446919
306097253
808919696
2395435762
2953553970
3192550567
2416183267
3118964804
19584021
1549067154
18834851
2711212681
552088544
21772417
21535166
182875708
309626642
728786725
140427824
2305862587
14505871
38111000
69549003
19676754
2551055478
1744621
2593610952
140874664
3230955421
16695575
299761925
250416435
2828430902
2160828625
481693067
3169039354
1067113560
69254265
2799454969
2719662764
19541556
90424166
36988910
3096107305
2208580462
3164326791
2345627701
316380454
3181537072
1339843488
3092794386
246885577
35461437
3066054628
40291998
2651067600
8197562
2593563955
533561110
1624181479
241260517
1306504764
23483073
11308892
311852242
2932938625
30236364
2206105240
378292328
805718
950292169
3088439139
447632814
2610391793
2981431
3173025770
189615826
3139011428
313477214
240325072
287465957
3033380261
1454012143
51533728
462067007
3141675102
48935222
2714313540
23008116
312468366
3305872941
19658996
2203983936
782246448
96308224
3146559798
2769621686
534563976
70790868
16564580
24494951
1968960780
2806431797
1280271728
54406648
20320675
63703473
2740547934
1190498018
2646794066
334635978
2880915516
3223721666
3296487837
1277495167
2349780050
2331386611
2864811152
2976719389
3065714404
402157118
200415607
335629397
18822017
25360085
1382336750
2970642238
148317227
2904931027
240999634
2271543909
229519303
765824580
1598461214
2905113111
3195598175
3023874061
506128257
2402218578
2980267385
2481679652
558861261
7022662
23786612
1894735813
18944153
405022806
2780215928
473204944
247609906
39278368
21075260
2874145254
3022858799
2833087549
1547722903
2727759229
49740960
2786070313
555957575
2600596452
536291417
37332714
443747913
743089045
1146072182
517189968
432463424
2886872072
2988477953
35203319
22269368
1514590722
14834889
338183635
310337022
337725028
311364149
2255893897
1320573313
20183549
546929494
259387703
134242072
2982035879
115785554
16147963
1157784678
148800323
69327888
45774895
1138759182
19519536
317653440
2696620212
19166675
14445775
3201148913
3233744060
85443769
402140274
182490313
2422551644
252694478
229719490
994293373
3219177517
10206812
123275493
163628467
234870299
207392880
98670453
2488716792
22354526
2873274939
38976017
546983450
2411456959
606742709
563123497
912070104
1166395016
1194863629
31953761
561263290
1283475234
45428507
76266300
389661086
3077997167
22516489
388708051
20897273
1186225681
133433350
14977137
45181145
23899876
2896813519
2264879042
2956438778
1119821072
2226982290
262749118
24895587
1361390622
14385074
25408844
5660312
1856523530
2970280557
17289494
2307675307
3147525096
16975700
2479528579
8020002
2767108013
2802227612
814092198
387181116
615266538
705755959
56141542
2610186314
3091190753
106817676
152922907
26398470
14121628
194321816
3067939059
85741515
17832628
2426413352
372956376
204006421
315832917
292418292
12338142
2407269474
2992414321
20414217
1308261672
2444578699
985186471
363655877
2897517281
1117482889
18986537
414977064
395773875
1343302134
2394085628
358007738
2934074394
85008170
30344534
17520718
2984454659
578321883
260340277
188352302
40383726
568503849
16195060
1283596286
350335365
77622581
16419153
2651807617
1372936742
18963870
541771341
1458685543
426767942
914758777
110891704
446102346
2367679728
1035684055
2966527019
173749267
1961193817
281292130
18035688
20515090
2434034546
14227833
398150583
38678182
3187292558
2171648470
3216913731
3003855975
7902612
44150150
11104682
2519134542
214372723
2692602726
2407232898
24748289
2513811746
32276295
2486034890
15882393
62866941
25253084
2492171767
3240268815
3240372202
32789366
31900793
994281056
18375963
211794236
103683047
38804737
263631777
555136170
317079008
3240091269
2209606452
3048391896
575555115
17877864
740954192
595687514
19053307
80759906
872423437
22833469
18087450
16248319
57341314
2395268660
25409000
116572493
197775273
814968864
361468994
763929312
35767916
7825052
563338771
32187100
2998935451
1960789190
622437626
285502596
13037072
49658852
2720213794
858581856
63663696
999090588
3129286411
2916148626
2916153444
1887582926
3046711577
1339266025
16273972
121084615
194819088
15032069
14934200
3054289645
1944177338
105686056
20591919
1862439649
2813667919
2185779884
70028131
961565498
390677382
374423056
391889506
18313551
2894129039
2532360042
65563900
16000711
36832842
1449872192
2218413296
316577550
169364387
2278857636
891933594
3187461022
459528841
32856634
1700426708
2306376410
21983972
3097914650
3098695357
3219020048
16194080
211587965
2758681690
2710062228
2742662299
2949351225
89258415
93862757
1417681
23913832
25924482
18217200
2828502952
2949608866
409923001
99695339
887025247
1487313769
14451307
19480892
752284656
20638331
12425472
114597845
3008518808
265353960
2300251347
53729206
228273442
945540668
21592313
78904154
85286129
25274060
110658722
2567219784
30543704
2815408383
267254947
24357823
316574928
3067131032
348331965
2990276290
40580641
2929135816
56006076
377481181
20839087
29015085
79594872
1695662876
606349117
17070787
6398152
1668647840
18936284
262751028
19430780
2902030526
2902046294
2902062601
2902162645
2911254941
173167923
25537232
15274836
53210455
6978502
570266167
3064889405
245943348
323293895
184477052
621533819
1515065155
2408685091
11786662
2539676676
169927614
214975484
309198637
130801963
561674923
1635769368
95465307
2785121515
142956394
3215137222
2918312640
19736062
2387604200
38691332
47030292
2461136300
3291208491
2235082016
2726816310
2249656021
2841214245
2378973386
2591574133
484689371
219496700
17864454
254247433
263696156
135348838
1143500834
984800828
1582502888
2902156208
2433114481
3119956613
409903029
5399142
3028794425
1560396596
3021164927
2245780159
3167796430
3119753313
2362790708
226662318
2930447100
2916156230
352185760
327570336
388708167
1209558716
247436406
275678439
2371305157
1702148870
2436787993
193462243
141748686
17189394
12875932
394932913
39099783
451955384
120186213
73725383
26113992
2902106028
81126713
984199170
64737751
17414143
1392365353
3044633938
1534785408
1637356478
3184881130
383513910
456739091
2996194524
603614562
190845927
3149437092
3039754689
14238917
2393533334
2848356719
95338283
2272257337
1201699068
317486547
2341035265
2188779432
292447074
1297100576
1456140842
1887590629
2502142927
305277457
25007589
2447773698
2431583503
567442879
2902123382
137455381
2916201505
2902135220
541193226
2502911436
2471614340
2902004616
2502200664
2902154269
2902150645
3117992765
187156742
444940567
2898141218
3010598418
3130502352
19887850
316215115
3129219250
35871249
532732077
829409581
856527548
521863265
617419034
60924007
381919729
1226302873
2696016510
61282790
1639244546
19512908
2916205321
2976795070
420221530
2433086970
741788137
130919246
16624401
37531802
239262710
2437662536
67140324
280204690
1883868450
31582110
20778120
16548435
3179553796
267925827
2955502823
68119671
380752689
781319274
2424020059
2897693669
3023265783
24365181
374477303
1895001812
520033038
15437549
2347919978
168235867
14127481
143115107
2789525857
1511927562
917352356
19623685
17907265
2686108927
2900374467
15608555
2412406063
3101685591
589445768
2883394528
2490179029
557254053
186348117
2568235537
21731130
223114623
607188140
3008788633
3010398018
820205892
584267617
26688109
10427102
85043521
174488537
1486896229
14309690
28207516
311407992
112488478
20376532
2645588154
2883674075
23755643
311476854
2478365632
420541470
57440214
3219380183
253021980
2935517399
2648009899
18848159
542237726
2893475883
1278975325
134700704
844105304
38478598
64020286
2726523398
2887035387
16050296
146714531
3197085599
159203775
344692459
2471396856
2292972535
125531247
3044845078
23936823
1229568980
77937642
827284896
2693737772
2887041261
2432789186
3073664993
2956266765
9834692
21753328
2726055762
3032217053
1162797876
1638439164
46096376
153966123
76689333
1498388114
875242890
2951197996
368314360
397416864
22209201
2557257614
58174695
1921255687
1305940272
14645160
23001804
91942071
2924268426
1280198112
2946752914
26030951
1626842281
2197677374
2986088189
3134111897
2400287090
390137928
2667431252
294784306
2847700422
1671539149
2977546227
2994714693
81544911
1023084498
34413442
2831388305
2446234291
2976597040
2813541090
2427235543
2964752831
8308562
3072630633
58525147
394776692
88444336
328673299
1622898439
332088400
91877695
2604068238
28484970
2839621957
2177130499
2968276228
2354203064
369570311
2773017662
719472337
3039072244
92808495
3044741855
55180473
3063873574
1322691
2704425474
84273114
2562963808
2976365717
44724582
2935725033
203071766
79235322
2269407732
14987284
3020346082
177270705
2218267860
2863997398
1543437272
443327730
2885582418
2890863140
35120520
232669481
49085235
107483787
2939883458
38843285
807184921
39473018
14750348
14199104
24783486
934341318
168708565
2213089987
2242462346
417404717
81249071
454323743
2317184569
24123011
22965779
809428867
423645639
2962938346
1221306422
310180509
464460128
9767702
2927627166
2390965225
2192758383
559128269
257926245
2853836873
32135630
776483251
129402913
2425055288
1003249579
1020334238
2813162311
2306228096
3382
48669612
1118102820
2232049396
2736701755
2262411428
2853685108
24720683
438541459
97487983
2364221209
2837934039
2857312597
577255709
714054595
335358150
18539631
18275825
84260342
2806031170
712454833
2748519114
757495938
2589818658
16150296
17765083
1523188010
414533218
526673648
227023972
